#
# A fatal error has been detected by the Java Runtime Environment:
#
#  SIGSEGV (0xb) at pc=0x0000795879ee5683, pid=152131, tid=152599
#
# JRE version: OpenJDK Runtime Environment Temurin-21.0.10+7 (21.0.10+7) (build 21.0.10+7-LTS)
# Java VM: OpenJDK 64-Bit Server VM Temurin-21.0.10+7 (21.0.10+7-LTS, mixed mode, sharing, tiered, compressed oops, compressed class ptrs, parallel gc, linux-amd64)
# Problematic frame:
# J 23211 c2 java.util.HashMap.resize()[Ljava/util/HashMap$Node; java.base@21.0.10 (356 bytes) @ 0x0000795879ee5683 [0x0000795879ee5380+0x0000000000000303]
#
# Core dump will be written. Default location: Core dumps may be processed with "/usr/share/apport/apport -p%p -s%s -c%c -d%d -P%P -u%u -g%g -F%F -- %E" (or dumping to /home/jesielviana/Dev/dspace/code/DSpace/core.152131)
#
# If you would like to submit a bug report, please visit:
#   https://github.com/adoptium/adoptium-support/issues
#

---------------  S U M M A R Y ------------

Command Line: --add-modules=ALL-SYSTEM --add-opens=java.base/java.util=ALL-UNNAMED --add-opens=java.base/java.lang=ALL-UNNAMED --add-opens=java.base/sun.nio.fs=ALL-UNNAMED -Declipse.application=org.eclipse.jdt.ls.core.id1 -Dosgi.bundles.defaultStartLevel=4 -Declipse.product=org.eclipse.jdt.ls.core.product -Djava.import.generatesMetadataFilesAtProjectRoot=false -DDetectVMInstallationsJob.disabled=true -Dfile.encoding=utf8 -XX:+UseParallelGC -XX:GCTimeRatio=4 -XX:AdaptiveSizePolicyWeight=90 -Dsun.zip.disableMemoryMapping=true -Xmx2G -Xms100m -Xlog:disable -javaagent:/home/jesielviana/.vscode/extensions/redhat.java-1.54.0-linux-x64/lombok/lombok-1.18.39-4050.jar -XX:+HeapDumpOnOutOfMemoryError -XX:HeapDumpPath=/home/jesielviana/.config/Code/User/workspaceStorage/f64fff792d80dcbf88074a7f8684db44/redhat.java -Daether.dependencyCollector.impl=bf /home/jesielviana/.vscode/extensions/redhat.java-1.54.0-linux-x64/server/plugins/org.eclipse.equinox.launcher_1.7.100.v20251111-0406.jar -configuration /home/jesielviana/.config/Code/User/globalStorage/redhat.java/1.54.0/config_linux -data /home/jesielviana/.config/Code/User/workspaceStorage/f64fff792d80dcbf88074a7f8684db44/redhat.java/jdt_ws --pipe=/run/user/1000/lsp-ddb4a50561dbadd387f579e77d490b00.sock

Host: 11th Gen Intel(R) Core(TM) i7-11390H @ 3.40GHz, 8 cores, 30G, Ubuntu 26.04 LTS
Time: Tue May 26 17:36:19 2026 -03 elapsed time: 2952.548389 seconds (0d 0h 49m 12s)

---------------  T H R E A D  ---------------

Current thread (0x00007957d049d420):  JavaThread "Java indexing" daemon [_thread_in_Java, id=152599, stack(0x0000795825ef9000,0x0000795825ff9000) (1024K)]

Stack: [0x0000795825ef9000,0x0000795825ff9000],  sp=0x0000795825ff7270,  free space=1016k
Native frames: (J=compiled Java code, j=interpreted, Vv=VM code, C=native code)
J 23211 c2 java.util.HashMap.resize()[Ljava/util/HashMap$Node; java.base@21.0.10 (356 bytes) @ 0x0000795879ee5683 [0x0000795879ee5380+0x0000000000000303]
J 34767 c2 org.eclipse.jdt.internal.core.search.matching.JavaSearchNameEnvironment.computeClasspathLocations(Lorg/eclipse/jdt/internal/core/JavaProject;Z)Ljava/util/LinkedHashSet; (150 bytes) @ 0x000079587a5af708 [0x000079587a5aebc0+0x0000000000000b48]
J 34769 c1 org.eclipse.jdt.internal.core.search.matching.JavaSearchNameEnvironment.<init>(Lorg/eclipse/jdt/core/IJavaProject;[Lorg/eclipse/jdt/core/ICompilationUnit;)V (351 bytes) @ 0x000079587495cefc [0x000079587495c000+0x0000000000000efc]
J 42211 c1 org.eclipse.jdt.internal.core.search.indexing.SourceIndexer.resolveDocument()V (306 bytes) @ 0x00007958728472c4 [0x0000795872845640+0x0000000000001c84]
J 34858 c1 org.eclipse.jdt.internal.core.search.indexing.IndexManager.indexResolvedDocument(Lorg/eclipse/jdt/core/search/SearchDocument;Lorg/eclipse/jdt/core/search/SearchParticipant;Lorg/eclipse/jdt/internal/core/index/Index;Lorg/eclipse/core/runtime/IPath;)V (63 bytes) @ 0x0000795871e4daf4 [0x0000795871e4d700+0x00000000000003f4]
J 42629 c1 org.eclipse.jdt.internal.core.search.indexing.IndexManager$2.execute(Lorg/eclipse/core/runtime/IProgressMonitor;)Z (142 bytes) @ 0x0000795874ba40f4 [0x0000795874ba37e0+0x0000000000000914]
j  org.eclipse.jdt.internal.core.search.processing.JobManager.indexerLoop()V+269
j  org.eclipse.jdt.internal.core.search.processing.JobManager$$Lambda+0x000079582831fa38.run()V+4
j  java.lang.Thread.runWith(Ljava/lang/Object;Ljava/lang/Runnable;)V+5 java.base@21.0.10
j  java.lang.Thread.run()V+19 java.base@21.0.10
v  ~StubRoutines::call_stub 0x0000795879337cc6
V  [libjvm.so+0x918085]  JavaCalls::call_helper(JavaValue*, methodHandle const&, JavaCallArguments*, JavaThread*)+0x2e5
V  [libjvm.so+0x919a02]  JavaCalls::call_virtual(JavaValue*, Handle, Klass*, Symbol*, Symbol*, JavaThread*)+0x1d2
V  [libjvm.so+0x9ef2de]  thread_entry(JavaThread*, JavaThread*)+0x8e
V  [libjvm.so+0x92f8a8]  JavaThread::thread_main_inner()+0x1d8
V  [libjvm.so+0xf84d48]  Thread::call_run()+0xa8
V  [libjvm.so+0xd0e2da]  thread_native_entry(Thread*)+0xda
C  [libc.so.6+0xa40da]

siginfo: si_signo: 11 (SIGSEGV), si_code: 1 (SEGV_MAPERR), si_addr: 0x0000000002000018

Registers:
RAX=0x0000000000000200, RBX=0x00000000000000fe, RCX=0x00000000000003ff, RDX=0x00000000d9bf2c80
RSP=0x0000795825ff7270, RBP=0x00000000000002fa, RSI=0x0000000000000200, RDI=0x00000000d58d1f68
R8 =0x0000000002000000, R9 =0x00000000000000fb, R10=0x00000000d5e3c218, R11=0x00000000d66d7aa8
R12=0x0000000000000000, R13=0x00000000000000fe, R14=0x000079588b7a6000, R15=0x00007957d049d420
RIP=0x0000795879ee5683, EFLAGS=0x0000000000010206, CSGSFS=0x002b000000000033, ERR=0x0000000000000004
  TRAPNO=0x000000000000000e

XMM[0]=0x0000000000000000 0x0000000000000000
XMM[1]=0x0000000000000000 0x0000000000000000
XMM[2]=0x0072006f0077007f 0x007e00770073006f
XMM[3]=0x0000000000000000 0x767265732e726576
XMM[4]=0x0000000000000000 0x00000000b3bd22f0
XMM[5]=0x65772d7265767265 0x732d656361707364
XMM[6]=0xe7b31478b28d4331 0x459176a560a20a98
XMM[7]=0x8dc9c4eda3f7b237 0x7f4881ef5486ab2d
XMM[8]=0x05b98c68c5f2280c 0x0b3c73a17283a190
XMM[9]=0x8d5434658d543465 0x8d543465fa5a75f6
XMM[10]=0x0000000000000000 0x000000006d064191
XMM[11]=0x4982dfaa4982dfaa 0x4982dfaa43dd55a0
XMM[12]=0x0000000000000000 0x00000000fa5a75f6
XMM[13]=0xe512528ce512528c 0xe512528c1c67fc7c
XMM[14]=0x0000000000000000 0x000000003755a9f0
XMM[15]=0x0000000000000000 0x0000000000000002
  MXCSR=0x00001fa2


Register to memory mapping:

RAX=0x0000000000000200 is an unknown value
RBX=0x00000000000000fe is an unknown value
RCX=0x00000000000003ff is an unknown value
RDX=0x00000000d9bf2c80 is an oop: java.util.LinkedHashMap$Entry 
{0x00000000d9bf2c80} - klass: 'java/util/LinkedHashMap$Entry'
 - ---- fields (total size 5 words):
 - final 'hash' 'I' @12  240765178 (0x0e59c8fa)
 - final 'key' 'Ljava/lang/Object;' @16  a 'org/eclipse/jdt/internal/core/search/matching/ClasspathSourceDirectory'{0x00000000d9bf2ca8} (0xd9bf2ca8)
 - 'value' 'Ljava/lang/Object;' @20  a 'java/lang/Object'{0x0000000080e52f00} (0x80e52f00)
 - 'next' 'Ljava/util/HashMap$Node;' @24  null (0x00000000)
 - 'before' 'Ljava/util/LinkedHashMap$Entry;' @28  a 'java/util/LinkedHashMap$Entry'{0x00000000d9bf2d40} (0xd9bf2d40)
 - 'after' 'Ljava/util/LinkedHashMap$Entry;' @32  a 'java/util/LinkedHashMap$Entry'{0x00000000d9bf2bc0} (0xd9bf2bc0)
RSP=0x0000795825ff7270 is pointing into the stack for thread: 0x00007957d049d420
RBP=0x00000000000002fa is an unknown value
RSI=0x0000000000000200 is an unknown value
RDI=0x00000000d58d1f68 is an oop: java.util.LinkedHashMap$Entry 
{0x00000000d58d1f68} - klass: 'java/util/LinkedHashMap$Entry'
 - ---- fields (total size 5 words):
 - final 'hash' 'I' @12  98247418 (0x05db22fa)
 - final 'key' 'Ljava/lang/Object;' @16  a 'org/eclipse/jdt/internal/core/builder/ClasspathMultiReleaseJar'{0x00000000d58d0e90} (0xd58d0e90)
 - 'value' 'Ljava/lang/Object;' @20  a 'java/lang/Object'{0x0000000080e52f00} (0x80e52f00)
 - 'next' 'Ljava/util/HashMap$Node;' @24  null (0x00000000)
 - 'before' 'Ljava/util/LinkedHashMap$Entry;' @28  a 'java/util/LinkedHashMap$Entry'{0x00000000d58d0e68} (0xd58d0e68)
 - 'after' 'Ljava/util/LinkedHashMap$Entry;' @32  a 'java/util/LinkedHashMap$Entry'{0x00000000d58d3b08} (0xd58d3b08)
R8 =0x0000000002000000 is an unknown value
R9 =0x00000000000000fb is an unknown value
R10=0x00000000d5e3c218 is an oop: [Ljava.util.HashMap$Node; 
{0x00000000d5e3c218} - klass: 'java/util/HashMap$Node'[]
 - length: 512
R11=0x00000000d66d7aa8 is an oop: [Ljava.util.HashMap$Node; 
{0x00000000d66d7aa8} - klass: 'java/util/HashMap$Node'[]
 - length: 1024
R12=0x0 is null
R13=0x00000000000000fe is an unknown value
R14=0x000079588b7a6000 points into unknown readable memory: 0x0000000000000000 | 00 00 00 00 00 00 00 00
R15=0x00007957d049d420 is a thread

Top of Stack: (sp=0x0000795825ff7270)
0x0000795825ff7270:   00000000d5e3c218 00000400d66d7670
0x0000795825ff7280:   0000040000000200 00000000d9bf1bf0
0x0000795825ff7290:   00000000d66d7a18 000000000000001c
0x0000795825ff72a0:   00000000ba3a4938 0000000000000000
0x0000795825ff72b0:   0000000000000009 000000008000cae8
0x0000795825ff72c0:   000000000000025c 000079587a5af708
0x0000795825ff72d0:   00000000d9bf1bf0 00000000d9bf11b8
0x0000795825ff72e0:   d66d708800000000 00000000d9bf1238
0x0000795825ff72f0:   00000000d9bf1bb8 0000000000000000
0x0000795825ff7300:   8183fa100000025c 000000008183fa10
0x0000795825ff7310:   8c7bfb82000001b2 00000000d66d7088
0x0000795825ff7320:   00000000d5e3c218 0000000000000182
0x0000795825ff7330:   00000000d5e3c830 000000008183fa10
0x0000795825ff7340:   0000000000000060 000079587ab3d6a8
0x0000795825ff7350:   0000795825ff7880 000079587495cefc
0x0000795825ff7360:   0000000000340000 000000008063d298
0x0000795825ff7370:   00000000d5d47480 0000795879f232d0
0x0000795825ff7380:   00000000d5d45fc8 84e6e60000000000
0x0000795825ff7390:   00000000d5d45fc8 0000463c01294a00
0x0000795825ff73a0:   00000000000003cf 00000000d5d48768
0x0000795825ff73b0:   00000000d5d45918 d5d4595000000002
0x0000795825ff73c0:   00000000d5d47c88 000079587aadd600
0x0000795825ff73d0:   00000000d5d47b78 000079587b528864
0x0000795825ff73e0:   00000000d5d45fc8 ffffffff00000001
0x0000795825ff73f0:   00000000d834e7d0 00000000d9bf11b8
0x0000795825ff7400:   00000000d5d3d778 00000000d9bf1bc8
0x0000795825ff7410:   0000000000000000 0000000000000002
0x0000795825ff7420:   00000000d5d485a0 000079587b41accc
0x0000795825ff7430:   00000000826a69e0 0000000000000001
0x0000795825ff7440:   0000000000000064 00000000d5d485a0
0x0000795825ff7450:   818406c0d5d45f78 0000795800000000
0x0000795825ff7460:   0000795825ff7880 000079587b527ff8 

Instructions: (pc=0x0000795879ee5683)
0x0000795879ee5583:   49 3b a7 50 04 00 00 0f 87 ce 03 00 00 c3 41 b9
0x0000795879ee5593:   0c 00 00 00 41 b8 10 00 00 00 44 89 44 24 14 e9
0x0000795879ee55a3:   55 fe ff ff 44 8b 54 24 10 45 85 d2 7e ca 4c 8b
0x0000795879ee55b3:   14 24 45 8b 52 0c 44 8b 4c 24 14 44 89 4c 24 0c
0x0000795879ee55c3:   45 85 d2 0f 86 04 03 00 00 44 8b 44 24 10 41 ff
0x0000795879ee55d3:   c8 45 3b c2 0f 83 f3 02 00 00 45 85 c9 0f 84 0e
0x0000795879ee55e3:   03 00 00 41 8d 49 ff 48 63 74 24 10 33 db eb 7a
0x0000795879ee55f3:   45 8b 53 0c 4c 89 1c 24 e9 e2 fd ff ff 41 81 fa
0x0000795879ee5603:   00 00 00 40 0f 8d 0b 03 00 00 43 8d 2c 12 81 fd
0x0000795879ee5613:   00 00 00 40 0f 8d 17 03 00 00 41 83 fa 10 7d 0c
0x0000795879ee5623:   45 33 c9 89 6c 24 14 e9 cd fd ff ff 44 8b 4c 24
0x0000795879ee5633:   14 41 d1 e1 89 6c 24 14 e9 bc fd ff ff 44 8b c9
0x0000795879ee5643:   45 23 48 0c 4f 8d 54 8b 10 45 89 02 49 c1 ea 09
0x0000795879ee5653:   49 b8 00 90 32 89 58 79 00 00 47 88 24 10 ff c3
0x0000795879ee5663:   3b 5c 24 10 0f 8d 0e ff ff ff 4c 63 eb 4c 8b 14
0x0000795879ee5673:   24 47 8b 44 aa 10 45 85 c0 74 e3 47 89 64 aa 10
0x0000795879ee5683:   45 3b 60 18 74 b7 45 8b 50 08 4d 8b c8 41 81 fa
0x0000795879ee5693:   a8 5b 1a 00 0f 85 01 01 00 00 89 5c 24 14 48 89
0x0000795879ee56a3:   74 24 20 89 4c 24 08 49 8b eb 49 8b f1 48 8b 54
0x0000795879ee56b3:   24 18 49 8b cb 44 8b c3 44 8b 4c 24 10 66 66 90
0x0000795879ee56c3:   e8 f8 3d 41 fb 0f 1f 84 00 38 05 00 00 4c 8b dd
0x0000795879ee56d3:   8b 4c 24 08 48 8b 74 24 20 8b 5c 24 14 e9 7c ff
0x0000795879ee56e3:   ff ff 48 85 ed 74 1b 44 89 45 18 4c 8b c5 49 c1
0x0000795879ee56f3:   e8 09 48 b8 00 90 32 89 58 79 00 00 46 88 24 00
0x0000795879ee5703:   eb 03 49 8b d1 49 8b e9 4d 8b ce 4d 8b b7 58 04
0x0000795879ee5713:   00 00 41 85 06 45 85 d2 75 76 48 85 ed 74 2e 44
0x0000795879ee5723:   89 65 18 3b 5c 24 0c 0f 83 60 01 00 00 4f 8d 44
0x0000795879ee5733:   ab 10 4c 8b d2 45 89 10 4d 8b d0 49 c1 ea 09 49
0x0000795879ee5743:   b8 00 90 32 89 58 79 00 00 47 88 24 10 4d 85 c9
0x0000795879ee5753:   0f 84 08 ff ff ff 45 89 61 18 8b eb 03 6c 24 10
0x0000795879ee5763:   3b 6c 24 0c 0f 83 03 01 00 00 4e 8d 14 2e 4f 8d
0x0000795879ee5773:   54 93 10 4c 8b cf 45 89 0a 49 c1 ea 09 49 b8 00 


Stack slot to memory mapping:

stack at sp + 0 slots: 0x00000000d5e3c218 is an oop: [Ljava.util.HashMap$Node; 
{0x00000000d5e3c218} - klass: 'java/util/HashMap$Node'[]
 - length: 512
stack at sp + 1 slots: 0x00000400d66d7670 is an unknown value
stack at sp + 2 slots: 0x0000040000000200 is an unknown value
stack at sp + 3 slots: 0x00000000d9bf1bf0 is an oop: java.util.LinkedHashMap 
{0x00000000d9bf1bf0} - klass: 'java/util/LinkedHashMap'
 - ---- fields (total size 8 words):
 - transient 'keySet' 'Ljava/util/Set;' @12  null (0x00000000)
 - transient 'values' 'Ljava/util/Collection;' @16  null (0x00000000)
 - transient 'size' 'I' @20  385 (0x00000181)
 - transient 'modCount' 'I' @24  385 (0x00000181)
 - 'threshold' 'I' @28  768 (0x00000300)
 - final 'loadFactor' 'F' @32  0.750000 (0x3f400000)
 - transient 'table' '[Ljava/util/HashMap$Node;' @36  a 'java/util/HashMap$Node'[1024] {0x00000000d66d7aa8} (0xd66d7aa8)
 - transient 'entrySet' 'Ljava/util/Set;' @40  null (0x00000000)
 - transient 'putMode' 'I' @44  0 (0x00000000)
 - final 'accessOrder' 'Z' @48  false (0x00)
 - transient 'head' 'Ljava/util/LinkedHashMap$Entry;' @52  a 'java/util/LinkedHashMap$Entry'{0x00000000d9bf2d40} (0xd9bf2d40)
 - transient 'tail' 'Ljava/util/LinkedHashMap$Entry;' @56  a 'java/util/LinkedHashMap$Entry'{0x00000000d66d7a80} (0xd66d7a80)
stack at sp + 4 slots: 0x00000000d66d7a18 points into unknown readable memory: 0x726f77732e67726f | 6f 72 67 2e 73 77 6f 72
stack at sp + 5 slots: 0x000000000000001c is an unknown value
stack at sp + 6 slots: 0x00000000ba3a4938 is an oop: java.lang.String 
{0x00000000ba3a4938} - klass: 'java/lang/String'
 - string: "/home/jesielviana/.m2/repository/io/gdcc/sword2-server/2.0.0/sword2-server-2.0.0.jar"
 - ---- fields (total size 3 words):
 - private 'hash' 'I' @12  -1938065415 (0x8c7b77f9)
 - private final 'coder' 'B' @16  0 (0x00)
 - private 'hashIsZero' 'Z' @17  false (0x00)
 - injected 'flags' 'B' @18  0 (0x00)
 - private final 'value' '[B' @20  [B{0x00000000ba3a4950} (0xba3a4950)
stack at sp + 7 slots: 0x0 is null


Compiled method (c2) 2952619 23211       4       java.util.HashMap::resize (356 bytes)
 total in heap  [0x0000795879ee5190,0x0000795879ee5ca8] = 2840
 relocation     [0x0000795879ee52e8,0x0000795879ee5348] = 96
 constants      [0x0000795879ee5360,0x0000795879ee5380] = 32
 main code      [0x0000795879ee5380,0x0000795879ee5998] = 1560
 stub code      [0x0000795879ee5998,0x0000795879ee59c0] = 40
 metadata       [0x0000795879ee59c0,0x0000795879ee59d8] = 24
 scopes data    [0x0000795879ee59d8,0x0000795879ee5ba0] = 456
 scopes pcs     [0x0000795879ee5ba0,0x0000795879ee5c70] = 208
 dependencies   [0x0000795879ee5c70,0x0000795879ee5c78] = 8
 handler table  [0x0000795879ee5c78,0x0000795879ee5ca8] = 48


[Constant Pool]
             Address          hex4                    hex8      
  0x0000795879ee5360:   0x4e800000      0xf4f4f4f44e800000      
  0x0000795879ee5364:   0xf4f4f4f4                              
  0x0000795879ee5368:   0xf4f4f4f4      0xf4f4f4f4f4f4f4f4      
  0x0000795879ee536c:   0xf4f4f4f4                              
  0x0000795879ee5370:   0xf4f4f4f4      0xf4f4f4f4f4f4f4f4      
  0x0000795879ee5374:   0xf4f4f4f4                              
  0x0000795879ee5378:   0xf4f4f4f4      0xf4f4f4f4f4f4f4f4      
  0x0000795879ee537c:   0xf4f4f4f4                              

[MachCode]
[Entry Point]
  # {method} {0x0000795827400cb0} 'resize' '()[Ljava/util/HashMap$Node;' in 'java/util/HashMap'
  #           [sp+0x60]  (sp of caller)
  0x0000795879ee5380: ;   {no_reloc}
  0x0000795879ee5380: 448b 5608 | 49bb 0000 | 0027 5879 | 0000 4d03 | d349 3bc2 

  0x0000795879ee5394: ;   {runtime_call ic_miss_stub}
  0x0000795879ee5394: 0f85 e6fb | 49ff 6690 | 0f1f 4000 
[Verified Entry Point]
  0x0000795879ee53a0: 8984 2400 | c0fe ff55 | 4883 ec50 | 4181 7f20 | 0e00 0000 | 0f85 cf05 | 0000 4889 | 7424 1844 
  0x0000795879ee53c0: 8b5e 1c44 | 895c 2414 | 448b 5e24 | 4585 db0f | 851e 0200 | 0045 33d2 | 4533 c04c | 8914 2445 
  0x0000795879ee53e0: 8bd0 4585 | d20f 8f15 | 0200 0044 | 8b5c 2414 | 4585 db0f | 8e98 0100 | 0045 33c9 | 4585 c975 
  0x0000795879ee5400: 3f44 8b44 | 2414 4181 | f800 0000 | 400f 8d41 | 0400 00c4 | c17a 2ac0 | c5fa 594e 

  0x0000795879ee541c: ;   {section_word}
  0x0000795879ee541c: 20c5 fa10 | 053b ffff | ffc5 f82e | c10f 86ef | 0300 00c5 | 7a2c c941 | 81f9 0000 | 0080 0f84 
  0x0000795879ee543c: 3405 0000 | 448b 4424 | 1441 81f8 | 0000 0400 | 0f87 c203 | 0000 4c63 | 5c24 1444 | 894e 1c44 
  0x0000795879ee545c: 8b44 2414 | 4181 f800 | 0004 000f | 8777 0300 | 004d 8b8f | b801 0000 | 4a8d 0c9d | 1700 0000 
  0x0000795879ee547c: 4c8b d949 | 83e3 f84d | 8bc1 4d03 | c34d 3b87 | c801 0000 | 0f83 4e03 | 0000 4d89 | 87b8 0100 
  0x0000795879ee549c: 0041 0f0d | 88c0 0000 | 0049 c701 | 0100 0000 | 410f 0d88 | 0001 0000 

  0x0000795879ee54b4: ;   {metadata('java/util/HashMap$Node'[])}
  0x0000795879ee54b4: 41c7 4108 | e054 1a00 | 8b5c 2414 | 4189 590c | 410f 0d88 | 4001 0000 | 498b f948 | 83c7 1041 
  0x0000795879ee54d4: 0f0d 8880 | 0100 0048 | c1e9 0348 | 83c1 fe48 | 33c0 4883 | f908 7f10 | 48ff c978 | 5648 8904 
  0x0000795879ee54f4: cf48 ffc9 | 7df7 eb4b | c5fd efc0 | e90d 0000 | 00c5 fe7f | 07c5 fe7f | 4720 4883 | c740 4883 
  0x0000795879ee5514: e908 7ded | 4883 c104 | 7c0c c5fe | 7f07 4883 | c720 4883 | e904 4883 | c104 7e17 | 48c7 c0ff 
  0x0000795879ee5534: ffff ffc4 | e2f0 f5c0 | c4e1 fb92 | f862 f1fe | 2f7f 0744 | 8954 2410 | 4d8b d94c | 8b54 2418 
  0x0000795879ee5554: 4d8b cb4c | 8b44 2418 | 4589 4824 | 49c1 ea09 | 49b8 0090 | 3289 5879 | 0000 4788 | 2410 4c8b 
  0x0000795879ee5574: 1424 4d85 | d275 2c49 | 8bc3 4883 

  0x0000795879ee5580: ;   {poll_return}
  0x0000795879ee5580: c450 5d49 | 3ba7 5004 | 0000 0f87 | ce03 0000 | c341 b90c | 0000 0041 | b810 0000 | 0044 8944 
  0x0000795879ee55a0: 2414 e955 | feff ff44 | 8b54 2410 | 4585 d27e | ca4c 8b14 | 2445 8b52 | 0c44 8b4c | 2414 4489 
  0x0000795879ee55c0: 4c24 0c45 | 85d2 0f86 | 0403 0000 | 448b 4424 | 1041 ffc8 | 453b c20f | 83f3 0200 | 0045 85c9 
  0x0000795879ee55e0: 0f84 0e03 | 0000 418d | 49ff 4863 | 7424 1033 | dbeb 7a45 | 8b53 0c4c | 891c 24e9 | e2fd ffff 
  0x0000795879ee5600: 4181 fa00 | 0000 400f | 8d0b 0300 | 0043 8d2c | 1281 fd00 | 0000 400f | 8d17 0300 | 0041 83fa 
  0x0000795879ee5620: 107d 0c45 | 33c9 896c | 2414 e9cd | fdff ff44 | 8b4c 2414 | 41d1 e189 | 6c24 14e9 | bcfd ffff 
  0x0000795879ee5640: 448b c945 | 2348 0c4f | 8d54 8b10 | 4589 0249 | c1ea 0949 | b800 9032 | 8958 7900 | 0047 8824 
  0x0000795879ee5660: 10ff c33b | 5c24 100f | 8d0e ffff | ff4c 63eb | 4c8b 1424 | 478b 44aa | 1045 85c0 | 74e3 4789 
  0x0000795879ee5680: ;   {no_reloc}
  0x0000795879ee5680: 64aa 1045 | 3b60 1874 | b745 8b50 | 084d 8bc8 

  0x0000795879ee5690: ;   {metadata('java/util/HashMap$TreeNode')}
  0x0000795879ee5690: 4181 faa8 | 5b1a 000f | 8501 0100 | 0089 5c24 | 1448 8974 | 2420 894c | 2408 498b | eb49 8bf1 
  0x0000795879ee56b0: 488b 5424 | 1849 8bcb | 448b c344 | 8b4c 2410 

  0x0000795879ee56c0: ;   {optimized virtual_call}
  0x0000795879ee56c0: 6666 90e8 

  0x0000795879ee56c4: ; ImmutableOopMap {rbp=Oop [0]=Oop [24]=Oop }
                      ;*invokevirtual split {reexecute=0 rethrow=0 return_oop=0}
                      ; - java.util.HashMap::resize@217
  0x0000795879ee56c4: f83d 41fb 

  0x0000795879ee56c8: ;   {other}
  0x0000795879ee56c8: 0f1f 8400 | 3805 0000 | 4c8b dd8b | 4c24 0848 | 8b74 2420 | 8b5c 2414 | e97c ffff | ff48 85ed 
  0x0000795879ee56e8: 741b 4489 | 4518 4c8b | c549 c1e8 | 0948 b800 | 9032 8958 | 7900 0046 | 8824 00eb | 0349 8bd1 
  0x0000795879ee5708: 498b e94d | 8bce 4d8b | b758 0400 

  0x0000795879ee5714: ; ImmutableOopMap {r10=NarrowOop r11=Oop r9=Oop rdi=Oop rdx=Oop rbp=Oop [0]=Oop [24]=Oop }
                      ;*ifnonnull {reexecute=1 rethrow=0 return_oop=0}
                      ; - (reexecute) java.util.HashMap::resize@306
                      ;   {poll}
  0x0000795879ee5714: 0041 8506 | 4585 d275 | 7648 85ed | 742e 4489 | 6518 3b5c | 240c 0f83 | 6001 0000 | 4f8d 44ab 
  0x0000795879ee5734: 104c 8bd2 | 4589 104d | 8bd0 49c1 | ea09 49b8 | 0090 3289 | 5879 0000 | 4788 2410 | 4d85 c90f 
  0x0000795879ee5754: 8408 ffff | ff45 8961 | 188b eb03 | 6c24 103b | 6c24 0c0f | 8303 0100 | 004e 8d14 | 2e4f 8d54 
  0x0000795879ee5774: 9310 4c8b | cf45 890a | 49c1 ea09 | 49b8 0090 | 3289 5879 | 0000 4788 | 2410 e9ce | feff ff4d 
  0x0000795879ee5794: 8bc2 4d8b | f14d 8bca | eb09 33ed | 4533 f633 | d233 ff45 | 8b51 188b | 4424 1041 | 8541 0c0f 
  0x0000795879ee57b4: 842c ffff | ff4d 85f6 | 741e 4589 | 4618 4d8b | c649 c1e8 | 0948 b800 | 9032 8958 | 7900 0046 
  0x0000795879ee57d4: 8824 00e9 | 32ff ffff | 498b f9e9 | 2aff ffff 

  0x0000795879ee57e4: ;   {metadata('java/util/HashMap$Node'[])}
  0x0000795879ee57e4: 48be e054 | 1a27 5879 | 0000 8b54 | 2414 488b | 6c24 1844 | 8954 2410 

  0x0000795879ee57fc: ;   {runtime_call _new_array_Java}
  0x0000795879ee57fc: 6666 90e8 

  0x0000795879ee5800: ; ImmutableOopMap {rbp=Oop [0]=Oop [24]=Oop }
                      ;*anewarray {reexecute=0 rethrow=0 return_oop=1}
                      ; - java.util.HashMap::resize@133
  0x0000795879ee5800: 7c84 55ff 

  0x0000795879ee5804: ;   {other}
  0x0000795879ee5804: 0f1f 8400 | 7406 0002 | 4c8b c8e9 | 38fd ffff | 4c63 5c24 | 14e9 39fc | ffff c5f8 | 2ec1 bdff 
  0x0000795879ee5824: ffff ff0f | 8a0e 0000 | 000f 8208 | 0000 0040 | 0f95 c540 | 0fb6 edf7 | ddbe 45ff | ffff 4489 
  0x0000795879ee5844: ;   {runtime_call UncommonTrapBlob}
  0x0000795879ee5844: 5424 10e8 

  0x0000795879ee5848: ; ImmutableOopMap {[0]=Oop [24]=Oop }
                      ;*ifge {reexecute=1 rethrow=0 return_oop=0}
                      ; - (reexecute) java.util.HashMap::resize@112
  0x0000795879ee5848: 347d 4aff 

  0x0000795879ee584c: ;   {other}
  0x0000795879ee584c: 0f1f 8400 | bc06 0003 | be45 ffff | ff48 8b2c | 2444 8954 

  0x0000795879ee5860: ;   {runtime_call UncommonTrapBlob}
  0x0000795879ee5860: 2408 90e8 

  0x0000795879ee5864: ; ImmutableOopMap {rbp=Oop [24]=Oop }
                      ;*if_icmpge {reexecute=1 rethrow=0 return_oop=0}
                      ; - (reexecute) java.util.HashMap::resize@104
  0x0000795879ee5864: 187d 4aff 

  0x0000795879ee5868: ;   {other}
  0x0000795879ee5868: 0f1f 8400 | d806 0004 | bee4 ffff | ff89 5c24 | 084c 895c | 2428 4889 

  0x0000795879ee5880: ;   {runtime_call UncommonTrapBlob}
  0x0000795879ee5880: 7c24 30e8 

  0x0000795879ee5884: ; ImmutableOopMap {[0]=Oop [24]=Oop [40]=Oop [48]=Oop }
                      ;*aastore {reexecute=1 rethrow=0 return_oop=0}
                      ; - (reexecute) java.util.HashMap::resize@346
  0x0000795879ee5884: f87c 4aff 

  0x0000795879ee5888: ;   {other}
  0x0000795879ee5888: 0f1f 8400 | f806 0005 | bee4 ffff | ff48 8b2c | 2489 5c24 | 0448 8944 | 24f8 8b44 | 2410 8944 
  0x0000795879ee58a8: 2408 488b | 4424 f848 | 897c 2420 | 4c89 4c24 | 284c 895c | 2430 4889 

  0x0000795879ee58c0: ;   {runtime_call UncommonTrapBlob}
  0x0000795879ee58c0: 5424 38e8 

  0x0000795879ee58c4: ; ImmutableOopMap {rbp=Oop [24]=Oop [32]=Oop [40]=Oop [48]=Oop [56]=Oop }
                      ;*aastore {reexecute=1 rethrow=0 return_oop=0}
                      ; - (reexecute) java.util.HashMap::resize@326
  0x0000795879ee58c4: b87c 4aff 

  0x0000795879ee58c8: ;   {other}
  0x0000795879ee58c8: 0f1f 8400 | 3807 0006 | be76 ffff | ff48 8b2c | 2448 ff74 | 2418 488f | 0424 4c89 

  0x0000795879ee58e4: ;   {runtime_call UncommonTrapBlob}
  0x0000795879ee58e4: 5c24 18e8 

  0x0000795879ee58e8: ; ImmutableOopMap {rbp=Oop [0]=Oop [24]=Oop }
                      ;*if_icmpge {reexecute=1 rethrow=0 return_oop=0}
                      ; - (reexecute) java.util.HashMap::resize@154
  0x0000795879ee58e8: 947c 4aff 

  0x0000795879ee58ec: ;   {other}
  0x0000795879ee58ec: 0f1f 8400 | 5c07 0007 | bebe ffff | ff48 8b2c | 2448 ff74 | 2418 488f | 0424 4c89 

  0x0000795879ee5908: ;   {runtime_call UncommonTrapBlob}
  0x0000795879ee5908: 5c24 18e8 

  0x0000795879ee590c: ; ImmutableOopMap {rbp=Oop [0]=Oop [24]=Oop }
                      ;*if_icmpge {reexecute=1 rethrow=0 return_oop=0}
                      ; - (reexecute) java.util.HashMap::resize@154
  0x0000795879ee590c: 707c 4aff 

  0x0000795879ee5910: ;   {other}
  0x0000795879ee5910: 0f1f 8400 | 8007 0008 | be45 ffff | ff48 8b2c | 2444 8954 

  0x0000795879ee5924: ;   {runtime_call UncommonTrapBlob}
  0x0000795879ee5924: 2408 90e8 

  0x0000795879ee5928: ; ImmutableOopMap {rbp=Oop [24]=Oop }
                      ;*if_icmplt {reexecute=1 rethrow=0 return_oop=0}
                      ; - (reexecute) java.util.HashMap::resize@31
  0x0000795879ee5928: 547c 4aff 

  0x0000795879ee592c: ;   {other}
  0x0000795879ee592c: 0f1f 8400 | 9c07 0009 | be45 ffff | ff44 8954 

  0x0000795879ee593c: ;   {runtime_call UncommonTrapBlob}
  0x0000795879ee593c: 2410 90e8 

  0x0000795879ee5940: ; ImmutableOopMap {[0]=Oop [24]=Oop }
                      ;*if_icmpge {reexecute=1 rethrow=0 return_oop=0}
                      ; - (reexecute) java.util.HashMap::resize@50
  0x0000795879ee5940: 3c7c 4aff 

  0x0000795879ee5944: ;   {other}
  0x0000795879ee5944: 0f1f 8400 | b407 000a | 488b f0eb | 0348 8bf0 | 4883 c450 

  0x0000795879ee5958: ;   {runtime_call _rethrow_Java}
  0x0000795879ee5958: 5de9 22fc 

  0x0000795879ee595c: ;   {internal_word}
  0x0000795879ee595c: 55ff 49ba | 8355 ee79 | 5879 0000 | 4d89 9768 

  0x0000795879ee596c: ;   {runtime_call SafepointBlob}
  0x0000795879ee596c: 0400 00e9 | 8c6a 4aff | 4883 ec08 | c5fb 110c 

  0x0000795879ee597c: ;   {runtime_call StubRoutines (initial stubs)}
  0x0000795879ee597c: 24e8 eb23 | 45ff 4159 | e9b7 faff 

  0x0000795879ee5988: ;   {runtime_call StubRoutines (final stubs)}
  0x0000795879ee5988: ffe8 b2e5 | 48ff e927 | faff fff4 | f4f4 f4f4 
[Stub Code]
  0x0000795879ee5998: ;   {no_reloc}
  0x0000795879ee5998: 48bb d067 | 1a27 5879 

  0x0000795879ee59a0: ;   {runtime_call I2C/C2I adapters}
  0x0000795879ee59a0: 0000 e94c 

  0x0000795879ee59a4: ;   {runtime_call ExceptionBlob}
  0x0000795879ee59a4: 764a ffe9 | 5467 55ff 
[Deopt Handler Code]
  0x0000795879ee59ac: e800 0000 | 0048 832c 

  0x0000795879ee59b4: ;   {runtime_call DeoptimizationBlob}
  0x0000795879ee59b4: 2405 e9e5 | 7e4a fff4 | f4f4 f4f4 
[/MachCode]


Compiled method (c2) 2952661 34767   !   4       org.eclipse.jdt.internal.core.search.matching.JavaSearchNameEnvironment::computeClasspathLocations (150 bytes)
 total in heap  [0x000079587a5ae890,0x000079587a5b1160] = 10448
 relocation     [0x000079587a5ae9e8,0x000079587a5aebc0] = 472
 main code      [0x000079587a5aebc0,0x000079587a5b00a0] = 5344
 stub code      [0x000079587a5b00a0,0x000079587a5b0150] = 176
 oops           [0x000079587a5b0150,0x000079587a5b0160] = 16
 metadata       [0x000079587a5b0160,0x000079587a5b02a8] = 328
 scopes data    [0x000079587a5b02a8,0x000079587a5b0b20] = 2168
 scopes pcs     [0x000079587a5b0b20,0x000079587a5b0e40] = 800
 dependencies   [0x000079587a5b0e40,0x000079587a5b0ea0] = 96
 handler table  [0x000079587a5b0ea0,0x000079587a5b1128] = 648
 nul chk table  [0x000079587a5b1128,0x000079587a5b1160] = 56

[Constant Pool (empty)]

[MachCode]
[Entry Point]
  # {method} {0x000079581f6a8780} 'computeClasspathLocations' '(Lorg/eclipse/jdt/internal/core/JavaProject;Z)Ljava/util/LinkedHashSet;' in 'org/eclipse/jdt/internal/core/search/matching/JavaSearchNameEnvironment'
  # this:     rsi:rsi   = 'org/eclipse/jdt/internal/core/search/matching/JavaSearchNameEnvironment'
  # parm0:    rdx:rdx   = 'org/eclipse/jdt/internal/core/JavaProject'
  # parm1:    rcx       = boolean
  #           [sp+0x90]  (sp of caller)
  0x000079587a5aebc0: 448b 5608 | 49bb 0000 | 0027 5879 | 0000 4d03 | d349 3bc2 

  0x000079587a5aebd4: ;   {runtime_call ic_miss_stub}
  0x000079587a5aebd4: 0f85 a663 | ddfe 6690 | 0f1f 4000 
[Verified Entry Point]
  0x000079587a5aebe0: 8984 2400 | c0fe ff55 | 4881 ec80 | 0000 0090 | 4181 7f20 | 0e00 0000 | 0f85 9314 | 0000 894c 
  0x000079587a5aec00: 2410 4889 | 7424 0848 | 8bea 4885 | d20f 8455 | 1100 0033 | d233 c948 

  0x000079587a5aec18: ;   {optimized virtual_call}
  0x000079587a5aec18: 8bf5 90e8 

  0x000079587a5aec1c: ; ImmutableOopMap {rbp=Oop [8]=Oop }
                      ;*invokevirtual getAllPackageFragmentRoots {reexecute=0 rethrow=0 return_oop=1}
                      ; - org.eclipse.jdt.internal.core.JavaProject::getAllPackageFragmentRoots@3 (line 1813)
                      ; - org.eclipse.jdt.internal.core.search.matching.JavaSearchNameEnvironment::computeClasspathLocations@3 (line 194)
  0x000079587a5aec1c: c0c9 d6f9 

  0x000079587a5aec20: ;   {other}
  0x000079587a5aec20: 0f1f 8400 | 9003 0000 | 4889 0424 

  0x000079587a5aec2c: ;   {optimized virtual_call}
  0x000079587a5aec2c: 488b f5e8 

  0x000079587a5aec30: ; ImmutableOopMap {[0]=Oop [8]=Oop }
                      ;*invokevirtual getModuleDescription {reexecute=0 rethrow=0 return_oop=1}
                      ; - org.eclipse.jdt.internal.core.search.matching.JavaSearchNameEnvironment::computeClasspathLocations@18 (line 200)
  0x000079587a5aec30: 6c77 92ff 

  0x000079587a5aec34: ;   {other}
  0x000079587a5aec34: 0f1f 8400 | a403 0001 | 4889 4424 | 2849 8baf | b801 0000 | 4c8b d549 | 83c2 104d | 3b97 c801 
  0x000079587a5aec54: 0000 0f83 | f40f 0000 | 4d89 97b8 | 0100 0041 | 0f0d 8ac0 | 0000 0048 | c745 0001 

  0x000079587a5aec70: ;   {metadata('java/util/LinkedHashSet')}
  0x000079587a5aec70: 0000 00c7 | 4508 703d | 0f00 4489 | 650c 498b | 87b8 0100 | 004c 8bd0 | 4983 c240 | 4d3b 97c8 
  0x000079587a5aec90: 0100 000f | 83db 0f00 | 004d 8997 | b801 0000 | 410f 0d8a | c000 0000 | 48c7 0001 | 0000 004c 
  0x000079587a5aecb0: 8bd0 4983 

  0x000079587a5aecb4: ;   {metadata('java/util/LinkedHashMap')}
  0x000079587a5aecb4: c228 c740 | 0820 970f | 004c 8bd8 | 4983 c310 | 4489 600c | c5fd efc0 | c4c1 79d6 | 03c5 fdef 
  0x000079587a5aecd4: c041 bb07 | 0000 00c4 | c178 92fb | 62d1 fe2f | 7f02 49ba | 0000 0000 | 1000 0000 | 4c89 5018 
  0x000079587a5aecf4: 48c7 4020 | 0000 403f | 4489 602c | 4488 6030 | 4c8b d044 | 8955 0c4c | 8bd5 49c1 | ea09 49bb 
  0x000079587a5aed14: 0090 3289 | 5879 0000 | 4788 2413 | 488b 3c24 

  0x000079587a5aed24: ; implicit exception: dispatches to 0x000079587a5afec0
  0x000079587a5aed24: 448b 5f0c 

  0x000079587a5aed28: ;   {oop(a 'java/lang/Class'{0x000000008183f860} = 'org/eclipse/jdt/internal/core/JavaModelManager')}
  0x000079587a5aed28: 49ba 60f8 | 8381 0000 | 0000 458b | 8a68 0100 | 0045 85db | 0f86 dc09 | 0000 458d | 53ff 453b 
  0x000079587a5aed48: d30f 8331 | 1000 0044 | 8b44 2410 | 4585 c00f | 8528 1000 | 0049 8bf1 | 33db e9b3 | 0000 0045 
  0x000079587a5aed68: 8942 2044 | 8953 1c4c | 8bcb 49c1 | e909 4688 | 2409 49c1 | ea09 49b9 | 0090 3289 | 5879 0000 
  0x000079587a5aed88: 4788 2411 | 4c8b 0c24 | 4589 4138 | 488b 4c24 | 5044 8b51 

  0x000079587a5aed9c: ;   {metadata('java/util/HashMap$Node'[])}
  0x000079587a5aed9c: 0841 81fa | e054 1a00 | 0f85 020d | 0000 4c8b | 5424 6045 | 8902 49c1 | ea09 49bb | 0090 3289 
  0x000079587a5aedbc: 5879 0000 | 4788 2413 | 41ff 4118 | 458b 591c | 458b 5114 | 41ff c245 | 8951 1445 | 3bd3 0f8f 
  0x000079587a5aeddc: 1509 0000 | 418b 6934 | 85ed 0f84 | 640d 0000 | 8b5c 2440 | ffc3 3b5c | 2430 0f8d | 1d09 0000 
  0x000079587a5aedfc: 448b 4424 | 1048 8b7c | 2418 488b | 6c24 2044 | 8b5c 2430 | 448b 4c24 | 3448 8b74 | 2438 8b4c 
  0x000079587a5aee1c: 9f10 448b | 5108 48ba | 0000 0027 | 5879 0000 | 4903 d24c 

  0x000079587a5aee30: ;   {metadata('org/eclipse/jdt/internal/core/PackageFragmentRoot')}
  0x000079587a5aee30: 8b52 5048 | ba50 4628 | 2858 7900 | 004c 3bd2 | 0f85 070b | 0000 895c | 2440 4889 | 7424 3844 
  0x000079587a5aee50: 894c 2434 | 4489 5c24 | 3048 896c | 2420 4889 | 7c24 1844 | 8944 2410 | 488b 7424 | 0848 8b54 
  0x000079587a5aee70: 2438 4c8b 

  0x000079587a5aee74: ;   {optimized virtual_call}
  0x000079587a5aee74: 4424 28e8 

  0x000079587a5aee78: ; ImmutableOopMap {rbp=Oop [8]=Oop [24]=Oop [32]=Oop [40]=Oop [52]=NarrowOop [56]=Oop }
                      ;*invokevirtual mapToClassPathLocation {reexecute=0 rethrow=0 return_oop=1}
                      ; - org.eclipse.jdt.internal.core.search.matching.JavaSearchNameEnvironment::computeClasspathLocations@96 (line 215)
  0x000079587a5aee78: e4c1 b600 

  0x000079587a5aee7c: ;   {other}
  0x000079587a5aee7c: 0f1f 8400 | ec05 0002 

  0x000079587a5aee84: ; implicit exception: dispatches to 0x000079587a5afe18
  0x000079587a5aee84: 8b68 0848 | 8944 2448 | 4c8b 5424 | 1844 8b5c | 2440 478b | 5c9a 1049 | 8bcb 488b | 7424 0848 
  0x000079587a5aeea4: ;   {optimized virtual_call}
  0x000079587a5aeea4: 8bd0 90e8 

  0x000079587a5aeea8: ; ImmutableOopMap {[8]=Oop [24]=Oop [32]=Oop [40]=Oop [52]=NarrowOop [56]=Oop [72]=Oop }
                      ;*invokevirtual indexPackageNames {reexecute=0 rethrow=0 return_oop=0}
                      ; - org.eclipse.jdt.internal.core.search.matching.JavaSearchNameEnvironment::computeClasspathLocations@113 (line 218)
  0x000079587a5aeea8: d470 fcff 

  0x000079587a5aeeac: ;   {other}
  0x000079587a5aeeac: 0f1f 8400 | 1c06 0003 | 4c8b 5c24 | 2045 8b53 | 0c45 8b42 | 084c 8b5c | 2448 498b | 1b4d 8bca 
  0x000079587a5aeecc: 488b cb48 | 83e1 0348 | c1eb 0844 | 895c 2414 | 8bc3 25ff | ffff 7f49 | bb00 0000 | 2758 7900 
  0x000079587a5aeeec: 004c 03dd | 4d8b 9be8 

  0x000079587a5aeef4: ;   {metadata('java/util/LinkedHashMap')}
  0x000079587a5aeef4: 0100 0041 | 81f8 2097 | 0f00 0f84 | 6d02 0000 

  0x000079587a5aef04: ;   {metadata('java/util/HashMap')}
  0x000079587a5aef04: 4181 f878 | b608 000f | 855f 0b00 | 004c 890c 

  0x000079587a5aef14: ;   {metadata({method} {0x00007958270011a0} 'hashCode' '()I' in 'java/lang/Object')}
  0x000079587a5aef14: 2449 baa0 | 1100 2758 | 7900 004d | 3bda 0f85 | f508 0000 | 4883 f901 | 0f85 eb08 | 0000 85c0 
  0x000079587a5aef34: 0f84 e308 | 0000 488b | 0c24 448b | 4124 448b | c841 c1e9 | 1044 33c8 | 4585 c075 | 2a44 894c 
  0x000079587a5aef54: 2444 488b | f18b 6c24 

  0x000079587a5aef5c: ;   {optimized virtual_call}
  0x000079587a5aef5c: 3066 90e8 

  0x000079587a5aef60: ; ImmutableOopMap {[0]=Oop [8]=Oop [20]=NarrowOop [24]=Oop [32]=Oop [40]=Oop [52]=NarrowOop [56]=Oop [72]=Oop }
                      ;*invokevirtual resize {reexecute=0 rethrow=0 return_oop=1}
                      ; - java.util.HashMap::putVal@20
                      ; - java.util.HashMap::put@9
                      ; - java.util.HashSet::add@8
                      ; - org.eclipse.jdt.internal.core.search.matching.JavaSearchNameEnvironment::computeClasspathLocations@120 (line 219)
  0x000079587a5aef60: 1c65 ddfe 

  0x000079587a5aef64: ;   {other}
  0x000079587a5aef64: 0f1f 8400 | d406 0004 

  0x000079587a5aef6c: ; implicit exception: dispatches to 0x000079587a5afe94
  0x000079587a5aef6c: 448b 500c | 488b 0c24 | 448b 4c24 | 44eb 1045 | 8b50 0c45 | 85d2 0f86 | 090d 0000 | 498b c041 
  0x000079587a5aef8c: 8d5a ff41 | 23d9 4585 | d20f 8465 | 0a00 0048 | 8d6c 9810 | 448b 5d00 | 4585 db0f | 84d1 0000 
  0x000079587a5aefac: 0045 8b53 | 0c4d 8bc3 | 453b d175 | 7241 8b5b | 1048 8bd3 | 4c8b 5424 | 4849 3bd2 | 743f 4c89 
  0x000079587a5aefcc: 4424 5844 | 895c 2404 | 4889 4424 | 5044 890c | 2448 8be9 | 498b f266 | 9048 b8ff | ffff ffff 
  0x000079587a5aefec: ;   {virtual_call}
  0x000079587a5aefec: ffff ffe8 

  0x000079587a5aeff0: ; ImmutableOopMap {rbp=Oop [4]=NarrowOop [8]=Oop [20]=NarrowOop [24]=Oop [32]=Oop [40]=Oop [52]=NarrowOop [56]=Oop [72]=Oop [80]=Oop [88]=Oop }
                      ;*invokevirtual equals {reexecute=0 rethrow=0 return_oop=0}
                      ; - java.util.HashMap::putVal@91
                      ; - java.util.HashMap::put@9
                      ; - java.util.HashSet::add@8
                      ; - org.eclipse.jdt.internal.core.search.matching.JavaSearchNameEnvironment::computeClasspathLocations@120 (line 219)
  0x000079587a5aeff0: 8c69 ddfe 

  0x000079587a5aeff4: ;   {other}
  0x000079587a5aeff4: 0f1f 8400 | 6407 0005 | 85c0 0f84 | 5a08 0000 | 4c8b 4424 

  0x000079587a5af008: ;   {oop(a 'java/lang/Object'{0x0000000080e52f00})}
  0x000079587a5af008: 5841 c740 | 1400 2fe5 | 804d 8bd0 | 49c1 ea09 | 49bb 0090 | 3289 5879 | 0000 4788 | 2413 e9c1 
  0x000079587a5af028: fdff ff45 

  0x000079587a5af02c: ;   {metadata('java/util/HashMap$TreeNode')}
  0x000079587a5af02c: 8b53 0841 | 81fa a85b | 1a00 0f85 | 6c05 0000 | 4889 4c24 | 5049 8bf0 | 488b d148 | 8bc8 458b 
  0x000079587a5af04c: c14c 8b4c 

  0x000079587a5af050: ;   {oop(a 'java/lang/Object'{0x0000000080e52f00})}
  0x000079587a5af050: 2448 48bf | 002f e580 | 0000 0000 | 8b6c 2430 

  0x000079587a5af060: ;   {optimized virtual_call}
  0x000079587a5af060: 6666 90e8 

  0x000079587a5af064: ; ImmutableOopMap {[8]=Oop [24]=Oop [32]=Oop [40]=Oop [52]=NarrowOop [56]=Oop [80]=Oop }
                      ;*invokevirtual putTreeVal {reexecute=0 rethrow=0 return_oop=1}
                      ; - java.util.HashMap::putVal@123
                      ; - java.util.HashMap::put@9
                      ; - java.util.HashSet::add@8
                      ; - org.eclipse.jdt.internal.core.search.matching.JavaSearchNameEnvironment::computeClasspathLocations@120 (line 219)
  0x000079587a5af064: 1864 ddfe 

  0x000079587a5af068: ;   {other}
  0x000079587a5af068: 0f1f 8400 | d807 0006 | 4885 c00f | 84b8 0000 | 004c 8bc0 | eb8b 4d8b | 9fb8 0100 | 004d 8bd3 
  0x000079587a5af088: 4983 c220 | 4d3b 97c8 | 0100 000f | 831b 0800 | 0089 5c24 | 6048 8944 | 2458 4489 | 4c24 4448 
  0x000079587a5af0a8: 894c 2450 | 4d89 97b8 | 0100 0041 | 0f0d 8ac0 | 0000 0049 | c703 0100 | 0000 4d8b | d349 83c2 
  0x000079587a5af0c8: ;   {metadata('java/util/HashMap$Node')}
  0x000079587a5af0c8: 1841 c743 | 08e0 561a | 0045 8963 | 0c45 8963 | 10c5 fdef | c0c4 c179 | d602 4d8b 

  0x000079587a5af0e4: ;   {oop(a 'java/lang/Object'{0x0000000080e52f00})}
  0x000079587a5af0e4: c341 c740 | 1400 2fe5 | 8044 8b54 | 2444 4589 | 500c 448b | 5c24 1445 | 8958 104c | 8b4c 2458 
  0x000079587a5af104: 458b 5908 

  0x000079587a5af108: ;   {metadata('java/util/HashMap$Node'[])}
  0x000079587a5af108: 4181 fbe0 | 541a 000f | 85eb 0900 | 004d 8bd8 | 4489 5d00 | 4c8b d549 | c1ea 0949 | bb00 9032 
  0x000079587a5af128: 8958 7900 | 0047 8824 | 134c 8b44 | 2450 41ff | 4018 458b | 581c 458b | 5014 41ff | c245 8950 
  0x000079587a5af148: 1445 3bd3 | 0f8e 9afc | ffff 488b | 7424 5048 | 8b6c 2408 

  0x000079587a5af15c: ;   {optimized virtual_call}
  0x000079587a5af15c: 6666 90e8 

  0x000079587a5af160: ; ImmutableOopMap {rbp=Oop [8]=Oop [24]=Oop [32]=Oop [40]=Oop [52]=NarrowOop [56]=Oop [80]=Oop }
                      ;*invokevirtual resize {reexecute=0 rethrow=0 return_oop=1}
                      ; - java.util.HashMap::putVal@288
                      ; - java.util.HashMap::put@9
                      ; - java.util.HashSet::add@8
                      ; - org.eclipse.jdt.internal.core.search.matching.JavaSearchNameEnvironment::computeClasspathLocations@120 (line 219)
  0x000079587a5af160: 1c63 ddfe 

  0x000079587a5af164: ;   {other}
  0x000079587a5af164: 0f1f 8400 | d408 0007 | e97b fcff | ff4c 890c 

  0x000079587a5af174: ;   {metadata({method} {0x00007958270011a0} 'hashCode' '()I' in 'java/lang/Object')}
  0x000079587a5af174: 2449 baa0 | 1100 2758 | 7900 004d | 3bda 0f85 | 6e06 0000 | 4883 f901 | 0f85 6406 | 0000 85c0 
  0x000079587a5af194: 0f84 5c06 | 0000 4c8b | 0c24 458b | 4124 448b | d041 c1ea | 1041 8bca | 33c8 4585 | c075 2589 
  0x000079587a5af1b4: 0c24 498b | e949 8bf1 

  0x000079587a5af1bc: ;   {optimized virtual_call}
  0x000079587a5af1bc: 6666 90e8 

  0x000079587a5af1c0: ; ImmutableOopMap {rbp=Oop [8]=Oop [20]=NarrowOop [24]=Oop [32]=Oop [40]=Oop [52]=NarrowOop [56]=Oop [72]=Oop }
                      ;*invokevirtual resize {reexecute=0 rethrow=0 return_oop=1}
                      ; - java.util.HashMap::putVal@20
                      ; - java.util.HashMap::put@9
                      ; - java.util.HashSet::add@8
                      ; - org.eclipse.jdt.internal.core.search.matching.JavaSearchNameEnvironment::computeClasspathLocations@120 (line 219)
  0x000079587a5af1c0: dc61 93ff 

  0x000079587a5af1c4: ;   {other}
  0x000079587a5af1c4: 0f1f 8400 | 3409 0008 

  0x000079587a5af1cc: ; implicit exception: dispatches to 0x000079587a5afe68
  0x000079587a5af1cc: 448b 500c | 4c8b cd8b | 0c24 eb10 | 458b 500c | 4585 d20f | 86a7 0900 | 0049 8bc0 | 458d 42ff 
  0x000079587a5af1ec: 4423 c145 | 85d2 0f84 | 9807 0000 | 4e8d 5c80 | 1041 8b2b | 85ed 0f84 | fa00 0000 | 448b 450c 
  0x000079587a5af20c: 4c8b d544 | 3bc1 0f85 | 9100 0000 | 448b 5d10 | 498b d34c | 8b5c 2448 | 493b d374 | 3f4c 8954 
  0x000079587a5af22c: 2458 896c | 2404 4889 | 4424 5089 | 0c24 498b | e949 8bf3 | 9048 b8e0 | 2d71 2858 

  0x000079587a5af248: ;   {virtual_call}
  0x000079587a5af248: 7900 00e8 

  0x000079587a5af24c: ; ImmutableOopMap {rbp=Oop [4]=NarrowOop [8]=Oop [20]=NarrowOop [24]=Oop [32]=Oop [40]=Oop [52]=NarrowOop [56]=Oop [72]=Oop [80]=Oop [88]=Oop }
                      ;*invokevirtual equals {reexecute=0 rethrow=0 return_oop=0}
                      ; - java.util.HashMap::putVal@91
                      ; - java.util.HashMap::put@9
                      ; - java.util.HashSet::add@8
                      ; - org.eclipse.jdt.internal.core.search.matching.JavaSearchNameEnvironment::computeClasspathLocations@120 (line 219)
  0x000079587a5af24c: 9097 b6ff 

  0x000079587a5af250: ;   {other}
  0x000079587a5af250: 0f1f 8400 | c009 0009 | 85c0 0f84 | e505 0000 | 4c8b cd4c | 8b54 2458 | 498b d24c | 890c 24eb 
  0x000079587a5af270: 0348 8bd0 

  0x000079587a5af274: ;   {oop(a 'java/lang/Object'{0x0000000080e52f00})}
  0x000079587a5af274: 8b6a 14c7 | 4214 002f | e580 4c8b | d249 c1ea | 0949 bb00 | 9032 8958 | 7900 0047 | 8824 1348 
  0x000079587a5af294: ;   {optimized virtual_call}
  0x000079587a5af294: 8b34 24e8 

  0x000079587a5af298: ; ImmutableOopMap {rbp=NarrowOop [8]=Oop [24]=Oop [32]=Oop [40]=Oop [52]=NarrowOop [56]=Oop }
                      ;*invokevirtual afterNodeAccess {reexecute=0 rethrow=0 return_oop=0}
                      ; - java.util.HashMap::putVal@253
                      ; - java.util.HashMap::put@9
                      ; - java.util.HashSet::add@8
                      ; - org.eclipse.jdt.internal.core.search.matching.JavaSearchNameEnvironment::computeClasspathLocations@120 (line 219)
  0x000079587a5af298: a4bb 3cff 

  0x000079587a5af29c: ;   {other}
  0x000079587a5af29c: 0f1f 8400 | 0c0a 000a | e943 fbff | ff44 8b45 

  0x000079587a5af2ac: ;   {metadata('java/util/HashMap$TreeNode')}
  0x000079587a5af2ac: 0841 81f8 | a85b 1a00 | 0f85 2501 | 0000 448b | d94c 890c | 2449 8bf2 | 498b d148 | 8bc8 458b 
  0x000079587a5af2cc: c34c 8b4c 

  0x000079587a5af2d0: ;   {oop(a 'java/lang/Object'{0x0000000080e52f00})}
  0x000079587a5af2d0: 2448 48bf | 002f e580 | 0000 0000 | 8b6c 2430 

  0x000079587a5af2e0: ;   {optimized virtual_call}
  0x000079587a5af2e0: 6666 90e8 

  0x000079587a5af2e4: ; ImmutableOopMap {[0]=Oop [8]=Oop [24]=Oop [32]=Oop [40]=Oop [52]=NarrowOop [56]=Oop }
                      ;*invokevirtual putTreeVal {reexecute=0 rethrow=0 return_oop=1}
                      ; - java.util.HashMap::putVal@123
                      ; - java.util.HashMap::put@9
                      ; - java.util.HashSet::add@8
                      ; - org.eclipse.jdt.internal.core.search.matching.JavaSearchNameEnvironment::computeClasspathLocations@120 (line 219)
  0x000079587a5af2e4: 9861 ddfe 

  0x000079587a5af2e8: ;   {other}
  0x000079587a5af2e8: 0f1f 8400 | 580a 000b | 4885 c00f | 8578 ffff | ff4c 8b0c | 24e9 c2fa | ffff 498b | 9fb8 0100 
  0x000079587a5af308: 004c 8bd3 | 4983 c228 | 4d3b 97c8 | 0100 000f | 835c 0500 | 004c 895c | 2460 4489 | 4424 5848 
  0x000079587a5af328: 8944 2450 | 894c 2444 | 4c89 0c24 | 4d89 97b8 | 0100 0041 | 0f0d 8ac0 | 0000 0048 | c703 0100 
  0x000079587a5af348: 0000 4c8b | db49 83c3 

  0x000079587a5af350: ;   {metadata('java/util/LinkedHashMap$Entry')}
  0x000079587a5af350: 18c7 4308 | 005e 1a00 | 4489 630c | 4489 6310 | c5fd efc0 | 62d1 fe08 

  0x000079587a5af368: ;   {oop(a 'java/lang/Object'{0x0000000080e52f00})}
  0x000079587a5af368: 7f03 c743 | 1400 2fe5 | 8044 8b54 | 2444 4489 | 530c 448b | 5c24 1444 | 895b 104c | 8b04 2441 
  0x000079587a5af388: 8b68 2c83 | fd01 0f84 | 5008 0000 | 4c8b 1c24 | 458b 5338 | 4d8b cb4c | 8bc3 49c1 | e909 48b9 
  0x000079587a5af3a8: 0090 3289 | 5879 0000 | 4688 2409 | 4585 d20f | 85aa f9ff | ff4c 8b0c | 2445 8943 | 344d 8bd3 
  0x000079587a5af3c8: 49c1 ea09 | 49bb 0090 | 3289 5879 | 0000 4788 | 2413 e9b1 | f9ff ff44 | 8b5d 1845 | 85db 7461 
  0x000079587a5af3e8: 4d8b d333 | ed45 8b42 | 0c44 3bc1 | 0f84 3d03 | 0000 4c89 | 0c24 894c | 2444 4889 | 4424 504c 
  0x000079587a5af408: 8954 2458 | 4d8b 9f58 | 0400 004c | 8b54 2458 | 458b 5218 

  0x000079587a5af41c: ; ImmutableOopMap {r10=NarrowOop [0]=Oop [8]=Oop [20]=NarrowOop [24]=Oop [32]=Oop [40]=Oop [52]=NarrowOop [56]=Oop [72]=Oop [80]=Oop [88]=Oop }
                      ;*goto {reexecute=1 rethrow=0 return_oop=0}
                      ; - (reexecute) java.util.HashMap::putVal@219
                      ; - java.util.HashMap::put@9
                      ; - java.util.HashSet::add@8
                      ; - org.eclipse.jdt.internal.core.search.matching.JavaSearchNameEnvironment::computeClasspathLocations@120 (line 219)
                      ;   {poll}
  0x000079587a5af41c: ffc5 4185 | 0345 85d2 | 740f 4c8b | 0c24 8b4c | 2444 488b | 4424 50eb | b84c 8b0c | 248b 4c24 
  0x000079587a5af43c: 4448 8b44 | 2450 4c8b | 5424 58eb | 0233 ed4d | 8b9f b801 | 0000 4d8b | c349 83c0 | 284d 3b87 
  0x000079587a5af45c: c801 0000 | 0f83 8a04 | 0000 896c | 2460 4c89 | 5424 5848 | 8944 2450 | 894c 2444 | 4c89 0c24 
  0x000079587a5af47c: 4d89 87b8 | 0100 0041 | 0f0d 88c0 | 0000 0049 | c703 0100 | 0000 4d8b | c349 83c0 

  0x000079587a5af498: ;   {metadata('java/util/LinkedHashMap$Entry')}
  0x000079587a5af498: 1841 c743 | 0800 5e1a | 0045 8963 | 0c45 8963 | 10c5 fdef | c062 d1fe | 087f 0049 

  0x000079587a5af4b4: ;   {oop(a 'java/lang/Object'{0x0000000080e52f00})}
  0x000079587a5af4b4: 8bdb c743 | 1400 2fe5 | 808b 4c24 | 4489 4b0c | 448b 5424 | 1444 8953 | 104c 8b04 | 2441 8b68 
  0x000079587a5af4d4: 2c83 fd01 | 0f84 0a08 | 0000 4c8b | 1424 458b | 4a38 4d8b | c248 8bcb | 49c1 e809 | 48bf 0090 
  0x000079587a5af4f4: 3289 5879 | 0000 4688 | 2407 4585 | c975 1c4c | 8b0c 2441 | 894a 3449 | c1ea 0949 | b800 9032 
  0x000079587a5af514: 8958 7900 | 0047 8824 | 10eb 3641 | 8949 2044 | 894b 1c4d | 8bc1 4c8b | cb49 c1e9 | 0948 bb00 
  0x000079587a5af534: 9032 8958 | 7900 0046 | 8824 0b49 | c1e8 0949 | b900 9032 | 8958 7900 | 0047 8824 | 014c 8b0c 
  0x000079587a5af554: 244c 8b54 | 2458 4189 | 4a18 4189 | 4938 49c1 | ea09 49b8 | 0090 3289 | 5879 0000 | 4788 2410 
  0x000079587a5af574: 448b 4424 | 6041 83f8 | 070f 8c41 | f8ff ff49 | 8be9 498b | f148 8b54 | 2450 8b4c 

  0x000079587a5af590: ;   {optimized virtual_call}
  0x000079587a5af590: 2444 90e8 

  0x000079587a5af594: ; ImmutableOopMap {rbp=Oop [8]=Oop [24]=Oop [32]=Oop [40]=Oop [52]=NarrowOop [56]=Oop }
                      ;*invokevirtual treeifyBin {reexecute=0 rethrow=0 return_oop=0}
                      ; - java.util.HashMap::putVal@169
                      ; - java.util.HashMap::put@9
                      ; - java.util.HashSet::add@8
                      ; - org.eclipse.jdt.internal.core.search.matching.JavaSearchNameEnvironment::computeClasspathLocations@120 (line 219)
  0x000079587a5af594: e85e ddfe 

  0x000079587a5af598: ;   {other}
  0x000079587a5af598: 0f1f 8400 | 080d 000d | 4c8b cde9 | 1cf8 ffff | 458b 5b18 | 4585 db74 | 6b4d 8bc3 | 33ed 6666 
  0x000079587a5af5b8: 0f1f 8400 | 0000 0000 | 458b 500c | 453b d10f | 84c9 0100 | 0048 894c | 2450 4489 | 0c24 4889 
  0x000079587a5af5d8: 4424 584c | 8944 2460 | 896c 2404 | 4d8b 9758 | 0400 004c | 8b5c 2460 | 458b 4318 | 448b 5c24 
  0x000079587a5af5f8: 0441 ffc3 | 4489 5c24 

  0x000079587a5af600: ; ImmutableOopMap {r8=NarrowOop [8]=Oop [20]=NarrowOop [24]=Oop [32]=Oop [40]=Oop [52]=NarrowOop [56]=Oop [72]=Oop [80]=Oop [88]=Oop [96]=Oop }
                      ;*goto {reexecute=1 rethrow=0 return_oop=0}
                      ; - (reexecute) java.util.HashMap::putVal@219
                      ; - java.util.HashMap::put@9
                      ; - java.util.HashSet::add@8
                      ; - org.eclipse.jdt.internal.core.search.matching.JavaSearchNameEnvironment::computeClasspathLocations@120 (line 219)
                      ;   {poll}
  0x000079587a5af600: 0441 8502 | 4585 c074 | 2e48 8b4c | 2450 448b | 0c24 488b | 4424 5841 | 8beb eba4 | 4533 db48 
  0x000079587a5af620: 894c 2450 | 4489 0c24 | 4889 4424 | 584c 8944 | 2460 4489 | 5c24 0449 | 8b87 b801 | 0000 4c8b 
  0x000079587a5af640: d049 83c2 | 204d 3b97 | c801 0000 | 0f83 da02 | 0000 4d89 | 97b8 0100 | 0041 0f0d | 8ac0 0000 
  0x000079587a5af660: 0048 c700 | 0100 0000 | 4c8b d049 

  0x000079587a5af66c: ;   {metadata('java/util/HashMap$Node')}
  0x000079587a5af66c: 83c2 18c7 | 4008 e056 | 1a00 4489 | 600c 4489 | 6010 c5fd | efc0 c4c1 

  0x000079587a5af684: ;   {oop(a 'java/lang/Object'{0x0000000080e52f00})}
  0x000079587a5af684: 79d6 02c7 | 4014 002f | e580 448b | 0424 4489 | 400c 448b | 5424 1444 | 8950 104c | 8bd0 4c8b 
  0x000079587a5af6a4: 5c24 6045 | 8953 184d | 8bd3 49c1 | ea09 49bb | 0090 3289 | 5879 0000 | 4788 2413 | 448b 5c24 
  0x000079587a5af6c4: 0441 83fb | 070f 8c62 | faff ff48 | 8b74 2450 | 488b 5424 | 588b 0c24 | 488b 6c24 

  0x000079587a5af6e0: ;   {optimized virtual_call}
  0x000079587a5af6e0: 0866 90e8 

  0x000079587a5af6e4: ; ImmutableOopMap {rbp=Oop [8]=Oop [24]=Oop [32]=Oop [40]=Oop [52]=NarrowOop [56]=Oop [80]=Oop }
                      ;*invokevirtual treeifyBin {reexecute=0 rethrow=0 return_oop=0}
                      ; - java.util.HashMap::putVal@169
                      ; - java.util.HashMap::put@9
                      ; - java.util.HashSet::add@8
                      ; - org.eclipse.jdt.internal.core.search.matching.JavaSearchNameEnvironment::computeClasspathLocations@120 (line 219)
  0x000079587a5af6e4: 985d ddfe 

  0x000079587a5af6e8: ;   {other}
  0x000079587a5af6e8: 0f1f 8400 | 580e 000f | e93c faff | ff4c 890c | 2449 8bf1 | 8b6c 2430 

  0x000079587a5af700: ;   {optimized virtual_call}
  0x000079587a5af700: 6666 90e8 

  0x000079587a5af704: ; ImmutableOopMap {[0]=Oop [8]=Oop [24]=Oop [32]=Oop [40]=Oop [52]=NarrowOop [56]=Oop }
                      ;*invokevirtual resize {reexecute=0 rethrow=0 return_oop=1}
                      ; - java.util.HashMap::putVal@288
                      ; - java.util.HashMap::put@9
                      ; - java.util.HashSet::add@8
                      ; - org.eclipse.jdt.internal.core.search.matching.JavaSearchNameEnvironment::computeClasspathLocations@120 (line 219)
  0x000079587a5af704: 985c 93ff 

  0x000079587a5af708: ;   {other}
  0x000079587a5af708: 0f1f 8400 | 780e 0010 | 4c8b 0c24 | e9c7 f6ff | ff48 8b6c | 2420 488b | c548 81c4 | 8000 0000 
  0x000079587a5af728: ;   {poll_return}
  0x000079587a5af728: 5d49 3ba7 | 5004 0000 | 0f87 4509 | 0000 c345 | 8b42 1049 | 8bd0 4c8b | 5c24 4849 | 3bd3 750c 
  0x000079587a5af748: 498b d24c | 890c 24e9 | 20fb ffff | 4c89 5424 | 5848 8944 | 2450 894c | 2444 4c89 | 0c24 488b 
  0x000079587a5af768: 7424 4866 | 9048 b8e0 | 2d71 2858 

  0x000079587a5af774: ;   {virtual_call}
  0x000079587a5af774: 7900 00e8 

  0x000079587a5af778: ; ImmutableOopMap {[0]=Oop [8]=Oop [20]=NarrowOop [24]=Oop [32]=Oop [40]=Oop [52]=NarrowOop [56]=Oop [72]=Oop [80]=Oop [88]=Oop }
                      ;*invokevirtual equals {reexecute=0 rethrow=0 return_oop=0}
                      ; - java.util.HashMap::putVal@203
                      ; - java.util.HashMap::put@9
                      ; - java.util.HashSet::add@8
                      ; - org.eclipse.jdt.internal.core.search.matching.JavaSearchNameEnvironment::computeClasspathLocations@120 (line 219)
  0x000079587a5af778: 6492 b6ff 

  0x000079587a5af77c: ;   {other}
  0x000079587a5af77c: 0f1f 8400 | ec0e 0011 | 85c0 0f84 | 80fc ffff | 488b 5424 | 58e9 defa | ffff 458b | 5010 498b 
  0x000079587a5af79c: d24c 8b54 | 2448 493b | d20f 845e | f8ff ff89 | 6c24 044c | 8944 2460 | 4889 4424 | 5844 890c 
  0x000079587a5af7bc: 2448 894c | 2450 488b | 7424 488b | 6c24 3066 | 9048 b8ff | ffff ffff 

  0x000079587a5af7d4: ;   {virtual_call}
  0x000079587a5af7d4: ffff ffe8 

  0x000079587a5af7d8: ; ImmutableOopMap {[8]=Oop [20]=NarrowOop [24]=Oop [32]=Oop [40]=Oop [52]=NarrowOop [56]=Oop [72]=Oop [80]=Oop [88]=Oop [96]=Oop }
                      ;*invokevirtual equals {reexecute=0 rethrow=0 return_oop=0}
                      ; - java.util.HashMap::putVal@203
                      ; - java.util.HashMap::put@9
                      ; - java.util.HashSet::add@8
                      ; - org.eclipse.jdt.internal.core.search.matching.JavaSearchNameEnvironment::computeClasspathLocations@120 (line 219)
  0x000079587a5af7d8: a461 ddfe 

  0x000079587a5af7dc: ;   {other}
  0x000079587a5af7dc: 0f1f 8400 | 4c0f 0012 | 85c0 0f84 | f8fd ffff | 4c8b 4424 | 60e9 13f8 | ffff 488b | 7424 4848 
  0x000079587a5af7fc: 8b6c 2408 | 9048 b8ff | ffff ffff 

  0x000079587a5af808: ;   {virtual_call}
  0x000079587a5af808: ffff ffe8 

  0x000079587a5af80c: ; ImmutableOopMap {rbp=Oop [0]=Oop [8]=Oop [20]=NarrowOop [24]=Oop [32]=Oop [40]=Oop [52]=NarrowOop [56]=Oop [72]=Oop }
                      ;*invokevirtual hashCode {reexecute=0 rethrow=0 return_oop=0}
                      ; - java.util.HashMap::hash@9
                      ; - java.util.HashMap::put@2
                      ; - java.util.HashSet::add@8
                      ; - org.eclipse.jdt.internal.core.search.matching.JavaSearchNameEnvironment::computeClasspathLocations@120 (line 219)
  0x000079587a5af80c: 8010 e9fe 

  0x000079587a5af810: ;   {other}
  0x000079587a5af810: 0f1f 8400 | 800f 0013 | e97d f9ff | ff48 8b74 | 2448 488b | 6c24 0866 | 9048 b8ff | ffff ffff 
  0x000079587a5af830: ;   {virtual_call}
  0x000079587a5af830: ffff ffe8 

  0x000079587a5af834: ; ImmutableOopMap {rbp=Oop [0]=Oop [8]=Oop [20]=NarrowOop [24]=Oop [32]=Oop [40]=Oop [52]=NarrowOop [56]=Oop [72]=Oop }
                      ;*invokevirtual hashCode {reexecute=0 rethrow=0 return_oop=0}
                      ; - java.util.HashMap::hash@9
                      ; - java.util.HashMap::put@2
                      ; - java.util.HashSet::add@8
                      ; - org.eclipse.jdt.internal.core.search.matching.JavaSearchNameEnvironment::computeClasspathLocations@120 (line 219)
  0x000079587a5af834: 4861 ddfe 

  0x000079587a5af838: ;   {other}
  0x000079587a5af838: 0f1f 8400 | a80f 0014 | e9f5 f6ff | ff4c 8bcd | 8b0c 2448 | 8b44 2450 | 8b6c 2404 | 4c8b 5424 
  0x000079587a5af858: 58e9 4bfa | ffff 488b | cd44 8b0c | 2448 8b44 | 2450 448b | 5c24 044c | 8b44 2458 | e9b2 f7ff 
  0x000079587a5af878: ff4c 895c | 2460 4489 | 4424 5848 | 8944 2450 | 894c 2444 | 4c89 0c24 

  0x000079587a5af890: ;   {metadata('java/util/LinkedHashMap$Entry')}
  0x000079587a5af890: 48be 005e | 1a27 5879 | 0000 488b 

  0x000079587a5af89c: ;   {runtime_call _new_instance_Java}
  0x000079587a5af89c: 6c24 48e8 

  0x000079587a5af8a0: ; ImmutableOopMap {rbp=Oop [0]=Oop [8]=Oop [20]=NarrowOop [24]=Oop [32]=Oop [40]=Oop [52]=NarrowOop [56]=Oop [80]=Oop [96]=Derived_oop_[80] }
                      ;*new {reexecute=0 rethrow=0 return_oop=1}
                      ; - java.util.LinkedHashMap::newNode@0
                      ; - java.util.HashMap::putVal@56
                      ; - java.util.HashMap::put@9
                      ; - java.util.HashSet::add@8
                      ; - org.eclipse.jdt.internal.core.search.matching.JavaSearchNameEnvironment::computeClasspathLocations@120 (line 219)
  0x000079587a5af8a0: 5c04 e9fe 

  0x000079587a5af8a4: ;   {other}
  0x000079587a5af8a4: 0f1f 8400 | 1410 0015 | 488b d8e9 | b6fa ffff | 895c 2460 | 4889 4424 | 5844 894c | 2444 4889 
  0x000079587a5af8c4: ;   {metadata('java/util/HashMap$Node')}
  0x000079587a5af8c4: 4c24 5048 | bee0 561a | 2758 7900 | 004c 8b54 | 2448 4c89 

  0x000079587a5af8d8: ;   {runtime_call _new_instance_Java}
  0x000079587a5af8d8: 1424 90e8 

  0x000079587a5af8dc: ; ImmutableOopMap {[0]=Oop [8]=Oop [20]=NarrowOop [24]=Oop [32]=Oop [40]=Oop [52]=NarrowOop [56]=Oop [80]=Oop [88]=Oop rbp=Derived_oop_[88] }
                      ;*new {reexecute=0 rethrow=0 return_oop=1}
                      ; - java.util.HashMap::newNode@0
                      ; - java.util.HashMap::putVal@56
                      ; - java.util.HashMap::put@9
                      ; - java.util.HashSet::add@8
                      ; - org.eclipse.jdt.internal.core.search.matching.JavaSearchNameEnvironment::computeClasspathLocations@120 (line 219)
  0x000079587a5af8dc: 2004 e9fe 

  0x000079587a5af8e0: ;   {other}
  0x000079587a5af8e0: 0f1f 8400 | 5010 0016 | 4c8b d8e9 | f2f7 ffff | 896c 2460 | 4c89 5424 | 5848 8944 | 2450 894c 
  0x000079587a5af900: 2444 4c89 

  0x000079587a5af904: ;   {metadata('java/util/LinkedHashMap$Entry')}
  0x000079587a5af904: 0c24 48be | 005e 1a27 | 5879 0000 | 488b 6c24 

  0x000079587a5af914: ;   {runtime_call _new_instance_Java}
  0x000079587a5af914: 4866 90e8 

  0x000079587a5af918: ; ImmutableOopMap {rbp=Oop [0]=Oop [8]=Oop [20]=NarrowOop [24]=Oop [32]=Oop [40]=Oop [52]=NarrowOop [56]=Oop [80]=Oop [88]=Oop }
                      ;*new {reexecute=0 rethrow=0 return_oop=1}
                      ; - java.util.LinkedHashMap::newNode@0
                      ; - java.util.HashMap::putVal@152
                      ; - java.util.HashMap::put@9
                      ; - java.util.HashSet::add@8
                      ; - org.eclipse.jdt.internal.core.search.matching.JavaSearchNameEnvironment::computeClasspathLocations@120 (line 219)
  0x000079587a5af918: e403 e9fe 

  0x000079587a5af91c: ;   {other}
  0x000079587a5af91c: 0f1f 8400 | 8c10 0017 | 4c8b d8e9 | 87fb ffff 

  0x000079587a5af92c: ;   {metadata('java/util/HashMap$Node')}
  0x000079587a5af92c: 48be e056 | 1a27 5879 | 0000 488b 

  0x000079587a5af938: ;   {runtime_call _new_instance_Java}
  0x000079587a5af938: 6c24 48e8 

  0x000079587a5af93c: ; ImmutableOopMap {rbp=Oop [8]=Oop [20]=NarrowOop [24]=Oop [32]=Oop [40]=Oop [52]=NarrowOop [56]=Oop [80]=Oop [88]=Oop [96]=Oop }
                      ;*new {reexecute=0 rethrow=0 return_oop=1}
                      ; - java.util.HashMap::newNode@0
                      ; - java.util.HashMap::putVal@152
                      ; - java.util.HashMap::put@9
                      ; - java.util.HashSet::add@8
                      ; - org.eclipse.jdt.internal.core.search.matching.JavaSearchNameEnvironment::computeClasspathLocations@120 (line 219)
  0x000079587a5af93c: c003 e9fe 

  0x000079587a5af940: ;   {other}
  0x000079587a5af940: 0f1f 8400 | b010 0018 | e93a fdff | ffbe deff | ffff 4c8b | 5424 084c | 8914 2448 | 897c 2408 
  0x000079587a5af960: 48ff 7424 | 2848 8f44 | 2410 4489 | 5c24 1844 | 894c 241c | 895c 2420 | 894c 2424 | 4489 4424 
  0x000079587a5af980: ;   {runtime_call UncommonTrapBlob}
  0x000079587a5af980: 2866 90e8 

  0x000079587a5af984: ; ImmutableOopMap {rbp=Oop [0]=Oop [8]=Oop [16]=Oop [28]=NarrowOop [36]=NarrowOop }
                      ;*checkcast {reexecute=0 rethrow=0 return_oop=0}
                      ; - org.eclipse.jdt.internal.core.search.matching.JavaSearchNameEnvironment::computeClasspathLocations@69 (line 211)
  0x000079587a5af984: f8db ddfe 

  0x000079587a5af988: ;   {other}
  0x000079587a5af988: 0f1f 8400 | f810 0019 | bee4 ffff | ff48 8b6c | 2408 4c8b | 5424 184c | 8914 244c | 8b54 2428 
  0x000079587a5af9a8: 4c89 5424 | 084c 8b54 | 2420 4c89 | 5424 1044 | 8b5c 2430 | 4489 5c24 | 1844 8b5c | 2434 4489 
  0x000079587a5af9c8: 5c24 1c44 | 8b54 2440 | 4489 5424 | 204c 8b54 | 2448 4c89 | 5424 284c | 894c 2430 | 894c 2424 
  0x000079587a5af9e8: 4889 4424 | 4844 8944 

  0x000079587a5af9f0: ;   {runtime_call UncommonTrapBlob}
  0x000079587a5af9f0: 2444 90e8 

  0x000079587a5af9f4: ; ImmutableOopMap {rbp=Oop [0]=Oop [8]=Oop [16]=Oop [28]=NarrowOop [40]=Oop [48]=Oop [72]=Oop }
                      ;*aaload {reexecute=0 rethrow=0 return_oop=0}
                      ; - java.util.HashMap::putVal@40
                      ; - java.util.HashMap::put@9
                      ; - java.util.HashSet::add@8
                      ; - org.eclipse.jdt.internal.core.search.matching.JavaSearchNameEnvironment::computeClasspathLocations@120 (line 219)
  0x000079587a5af9f4: 88db ddfe 

  0x000079587a5af9f8: ;   {other}
  0x000079587a5af9f8: 0f1f 8400 | 6811 001a | bee4 ffff | ff48 8b6c | 2408 4c8b | 5424 184c | 8914 244c | 8b54 2428 
  0x000079587a5afa18: 4c89 5424 | 084c 8b54 | 2420 4c89 | 5424 1044 | 8b54 2430 | 4489 5424 | 1844 8b5c | 2434 4489 
  0x000079587a5afa38: 5c24 1c44 | 8b54 2440 | 4489 5424 | 204c 8b54 | 2448 4c89 | 5424 2848 | 894c 2430 | 4489 4c24 
  0x000079587a5afa58: 2448 8944 | 2448 895c 

  0x000079587a5afa60: ;   {runtime_call UncommonTrapBlob}
  0x000079587a5afa60: 2444 90e8 

  0x000079587a5afa64: ; ImmutableOopMap {rbp=Oop [0]=Oop [8]=Oop [16]=Oop [28]=NarrowOop [40]=Oop [48]=Oop [72]=Oop }
                      ;*aaload {reexecute=0 rethrow=0 return_oop=0}
                      ; - java.util.HashMap::putVal@40
                      ; - java.util.HashMap::put@9
                      ; - java.util.HashSet::add@8
                      ; - org.eclipse.jdt.internal.core.search.matching.JavaSearchNameEnvironment::computeClasspathLocations@120 (line 219)
  0x000079587a5afa64: 18db ddfe 

  0x000079587a5afa68: ;   {other}
  0x000079587a5afa68: 0f1f 8400 | d811 001b | bec6 ffff | ff48 8b6c | 2408 4c8b | 5c24 184c | 891c 244c | 8b5c 2428 
  0x000079587a5afa88: 4c89 5c24 | 084c 8b5c | 2420 4c89 | 5c24 1044 | 8954 2424 

  0x000079587a5afa9c: ;   {runtime_call UncommonTrapBlob}
  0x000079587a5afa9c: 6666 90e8 

  0x000079587a5afaa0: ; ImmutableOopMap {rbp=Oop [0]=Oop [8]=Oop [16]=Oop [36]=NarrowOop [52]=NarrowOop [72]=Oop }
                      ;*invokevirtual put {reexecute=0 rethrow=0 return_oop=0}
                      ; - java.util.HashSet::add@8
                      ; - org.eclipse.jdt.internal.core.search.matching.JavaSearchNameEnvironment::computeClasspathLocations@120 (line 219)
  0x000079587a5afaa0: dcda ddfe 

  0x000079587a5afaa4: ;   {other}
  0x000079587a5afaa4: 0f1f 8400 | 1412 001c | bed6 ffff | ff48 8b6c | 2408 4c8b | 5424 184c | 8914 244c | 8b54 2428 
  0x000079587a5afac4: 4c89 5424 | 084c 8b54 | 2420 4c89 | 5424 1044 | 8b54 2430 | 4489 5424 | 1844 8b54 | 2434 4489 
  0x000079587a5afae4: 5424 1c4c | 894c 2428 | 4889 5c24 

  0x000079587a5afaf0: ;   {runtime_call UncommonTrapBlob}
  0x000079587a5afaf0: 3866 90e8 

  0x000079587a5afaf4: ; ImmutableOopMap {rbp=Oop [0]=Oop [8]=Oop [16]=Oop [28]=NarrowOop [40]=Oop [56]=Oop [80]=Oop }
                      ;*aastore {reexecute=1 rethrow=0 return_oop=0}
                      ; - (reexecute) java.util.HashMap::putVal@59
                      ; - java.util.HashMap::put@9
                      ; - java.util.HashSet::add@8
                      ; - org.eclipse.jdt.internal.core.search.matching.JavaSearchNameEnvironment::computeClasspathLocations@120 (line 219)
  0x000079587a5afaf4: 88da ddfe 

  0x000079587a5afaf8: ;   {other}
  0x000079587a5afaf8: 0f1f 8400 | 6812 001d | bed6 ffff | ff48 8b6c | 2408 4c8b | 5424 184c | 8914 244c | 8b54 2428 
  0x000079587a5afb18: 4c89 5424 | 084c 8b54 | 2420 4c89 | 5424 1044 | 8b5c 2430 | 4489 5c24 | 1844 8b5c | 2434 4489 
  0x000079587a5afb38: 5c24 1c4c | 8944 2438 

  0x000079587a5afb40: ;   {runtime_call UncommonTrapBlob}
  0x000079587a5afb40: 6666 90e8 

  0x000079587a5afb44: ; ImmutableOopMap {rbp=Oop [0]=Oop [8]=Oop [16]=Oop [28]=NarrowOop [56]=Oop [80]=Oop [88]=Oop }
                      ;*aastore {reexecute=1 rethrow=0 return_oop=0}
                      ; - (reexecute) java.util.HashMap::putVal@59
                      ; - java.util.HashMap::put@9
                      ; - java.util.HashSet::add@8
                      ; - org.eclipse.jdt.internal.core.search.matching.JavaSearchNameEnvironment::computeClasspathLocations@120 (line 219)
  0x000079587a5afb44: 38da ddfe 

  0x000079587a5afb48: ;   {other}
  0x000079587a5afb48: 0f1f 8400 | b812 001e | be45 ffff | ff4c 8b54 | 2408 4c89 | 1424 4c8b | 5424 184c | 8954 2408 
  0x000079587a5afb68: 4c8b 5424 | 284c 8954 | 2410 4c8b | 5424 204c | 8954 2418 

  0x000079587a5afb7c: ;   {runtime_call UncommonTrapBlob}
  0x000079587a5afb7c: 6666 90e8 

  0x000079587a5afb80: ; ImmutableOopMap {rbp=NarrowOop [0]=Oop [8]=Oop [16]=Oop [24]=Oop [52]=NarrowOop }
                      ;*ifnull {reexecute=1 rethrow=0 return_oop=0}
                      ; - (reexecute) java.util.LinkedHashMap::afterNodeInsertion@10
                      ; - java.util.HashMap::putVal@295
                      ; - java.util.HashMap::put@9
                      ; - java.util.HashSet::add@8
                      ; - org.eclipse.jdt.internal.core.search.matching.JavaSearchNameEnvironment::computeClasspathLocations@120 (line 219)
  0x000079587a5afb80: fcd9 ddfe 

  0x000079587a5afb84: ;   {other}
  0x000079587a5afb84: 0f1f 8400 | f412 001f | be45 ffff | ff48 8b6c | 2408 4c8b | 5c24 184c | 891c 244c | 8b5c 2428 
  0x000079587a5afba4: 4c89 5c24 | 084c 8b5c | 2420 4c89 | 5c24 1044 | 8b5c 2430 | 4489 5c24 | 1844 8b44 | 2434 4489 
  0x000079587a5afbc4: 4424 1c4c | 894c 2430 | 894c 2424 | 4489 5424 

  0x000079587a5afbd4: ;   {runtime_call UncommonTrapBlob}
  0x000079587a5afbd4: 3866 90e8 

  0x000079587a5afbd8: ; ImmutableOopMap {rbp=Oop [0]=Oop [8]=Oop [16]=Oop [28]=NarrowOop [48]=Oop [72]=Oop }
                      ;*ifne {reexecute=1 rethrow=0 return_oop=0}
                      ; - (reexecute) java.util.HashMap::putVal@16
                      ; - java.util.HashMap::put@9
                      ; - java.util.HashSet::add@8
                      ; - org.eclipse.jdt.internal.core.search.matching.JavaSearchNameEnvironment::computeClasspathLocations@120 (line 219)
  0x000079587a5afbd8: a4d9 ddfe 

  0x000079587a5afbdc: ;   {other}
  0x000079587a5afbdc: 0f1f 8400 | 4c13 0020 | be45 ffff | ff4c 8b54 | 2408 4c89 | 1424 4c8b | 5424 184c | 8954 2408 
  0x000079587a5afbfc: 4c8b 5424 | 284c 8954 | 2410 4c8b | 5424 204c | 8954 2418 | 448b 5c24 | 3044 895c | 2420 448b 
  0x000079587a5afc1c: 5424 3444 | 8954 2424 | 448b 5424 | 4044 8954 | 2428 4c8b | 5424 504c | 8954 2438 | 4c89 4424 
  0x000079587a5afc3c: 4848 895c 

  0x000079587a5afc40: ;   {runtime_call UncommonTrapBlob}
  0x000079587a5afc40: 2450 90e8 

  0x000079587a5afc44: ; ImmutableOopMap {[0]=Oop [8]=Oop [16]=Oop [24]=Oop [36]=NarrowOop [56]=Oop [72]=Oop [80]=Oop }
                      ;*if_icmpne {reexecute=1 rethrow=0 return_oop=0}
                      ; - (reexecute) java.util.LinkedHashMap::linkNodeAtEnd@5
                      ; - java.util.LinkedHashMap::newNode@17
                      ; - java.util.HashMap::putVal@56
                      ; - java.util.HashMap::put@9
                      ; - java.util.HashSet::add@8
                      ; - org.eclipse.jdt.internal.core.search.matching.JavaSearchNameEnvironment::computeClasspathLocations@120 (line 219)
  0x000079587a5afc44: 38d9 ddfe 

  0x000079587a5afc48: ;   {other}
  0x000079587a5afc48: 0f1f 8400 | b813 0021 

  0x000079587a5afc50: ;   {metadata('java/util/LinkedHashSet')}
  0x000079587a5afc50: 48be 703d | 0f27 5879 | 0000 488b 

  0x000079587a5afc5c: ;   {runtime_call _new_instance_Java}
  0x000079587a5afc5c: 6c24 08e8 

  0x000079587a5afc60: ; ImmutableOopMap {rbp=Oop [0]=Oop [8]=Oop [40]=Oop }
                      ;*new {reexecute=0 rethrow=0 return_oop=1}
                      ; - org.eclipse.jdt.internal.core.search.matching.JavaSearchNameEnvironment::computeClasspathLocations@41 (line 207)
  0x000079587a5afc60: 9c00 e9fe 

  0x000079587a5afc64: ;   {other}
  0x000079587a5afc64: 0f1f 8400 | d413 0022 | 488b e8e9 | 0af0 ffff 

  0x000079587a5afc74: ;   {metadata('java/util/LinkedHashMap')}
  0x000079587a5afc74: 48be 2097 | 0f27 5879 

  0x000079587a5afc7c: ;   {runtime_call _new_instance_Java}
  0x000079587a5afc7c: 0000 90e8 

  0x000079587a5afc80: ; ImmutableOopMap {rbp=Oop [0]=Oop [8]=Oop [40]=Oop }
                      ;*new {reexecute=0 rethrow=0 return_oop=1}
                      ; - java.util.HashSet::<init>@5
                      ; - java.util.LinkedHashSet::<init>@6
                      ; - org.eclipse.jdt.internal.core.search.matching.JavaSearchNameEnvironment::computeClasspathLocations@45 (line 207)
  0x000079587a5afc80: 7c00 e9fe 

  0x000079587a5afc84: ;   {other}
  0x000079587a5afc84: 0f1f 8400 | f413 0023 | e955 f0ff | ffbe 45ff | ffff 488b | 6c24 084c | 8b5c 2418 | 4c89 1c24 
  0x000079587a5afca4: 4c8b 5c24 | 284c 895c | 2408 4c8b | 5c24 204c | 895c 2410 | 448b 4424 | 3044 8944 | 2418 448b 
  0x000079587a5afcc4: 5c24 3444 | 895c 241c | 4889 4c24 | 3044 894c | 2424 4489 

  0x000079587a5afcd8: ;   {runtime_call UncommonTrapBlob}
  0x000079587a5afcd8: 5424 38e8 

  0x000079587a5afcdc: ; ImmutableOopMap {rbp=Oop [0]=Oop [8]=Oop [16]=Oop [28]=NarrowOop [48]=Oop [72]=Oop }
                      ;*ifne {reexecute=1 rethrow=0 return_oop=0}
                      ; - (reexecute) java.util.HashMap::putVal@16
                      ; - java.util.HashMap::put@9
                      ; - java.util.HashSet::add@8
                      ; - org.eclipse.jdt.internal.core.search.matching.JavaSearchNameEnvironment::computeClasspathLocations@120 (line 219)
  0x000079587a5afcdc: a0d8 ddfe 

  0x000079587a5afce0: ;   {other}
  0x000079587a5afce0: 0f1f 8400 | 5014 0024 | be45 ffff | ff4c 8b54 | 2408 4c89 | 1424 4c8b | 5424 184c | 8954 2408 
  0x000079587a5afd00: 4c8b 5424 | 284c 8954 | 2410 4c8b | 5424 204c | 8954 2418 | 448b 5424 | 3044 8954 | 2420 448b 
  0x000079587a5afd20: 5c24 3444 | 895c 2424 | 448b 5c24 | 4044 895c | 2428 4c8b | 5424 504c | 8954 2438 | 448b 5424 
  0x000079587a5afd40: 6044 8954 | 2440 4c8b | 5424 584c | 8954 2448 | 4c89 4424 | 5848 895c 

  0x000079587a5afd58: ;   {runtime_call UncommonTrapBlob}
  0x000079587a5afd58: 2460 90e8 

  0x000079587a5afd5c: ; ImmutableOopMap {[0]=Oop [8]=Oop [16]=Oop [24]=Oop [36]=NarrowOop [56]=Oop [72]=Oop [88]=Oop [96]=Oop }
                      ;*if_icmpne {reexecute=1 rethrow=0 return_oop=0}
                      ; - (reexecute) java.util.LinkedHashMap::linkNodeAtEnd@5
                      ; - java.util.LinkedHashMap::newNode@17
                      ; - java.util.HashMap::putVal@152
                      ; - java.util.HashMap::put@9
                      ; - java.util.HashSet::add@8
                      ; - org.eclipse.jdt.internal.core.search.matching.JavaSearchNameEnvironment::computeClasspathLocations@120 (line 219)
  0x000079587a5afd5c: 20d8 ddfe 

  0x000079587a5afd60: ;   {other}
  0x000079587a5afd60: 0f1f 8400 | d014 0025 | bef6 ffff | ff48 8b6c 

  0x000079587a5afd70: ;   {runtime_call UncommonTrapBlob}
  0x000079587a5afd70: 2408 90e8 

  0x000079587a5afd74: ; ImmutableOopMap {rbp=Oop }
                      ;*invokevirtual getAllPackageFragmentRoots {reexecute=0 rethrow=0 return_oop=0}
                      ; - org.eclipse.jdt.internal.core.search.matching.JavaSearchNameEnvironment::computeClasspathLocations@3 (line 194)
  0x000079587a5afd74: 08d8 ddfe 

  0x000079587a5afd78: ;   {other}
  0x000079587a5afd78: 0f1f 8400 | e814 0026 | 448b 4424 | 10be 76ff | ffff 4c8b | 5424 084c | 8914 2448 | 897c 2408 
  0x000079587a5afd98: 4489 4c24 | 1c44 895c | 2420 4489 

  0x000079587a5afda4: ;   {runtime_call UncommonTrapBlob}
  0x000079587a5afda4: 4424 24e8 

  0x000079587a5afda8: ; ImmutableOopMap {rbp=Oop [0]=Oop [8]=Oop [28]=NarrowOop [40]=Oop }
                      ;*if_icmplt {reexecute=1 rethrow=0 return_oop=0}
                      ; - (reexecute) org.eclipse.jdt.internal.core.search.matching.JavaSearchNameEnvironment::computeClasspathLocations@144 (line 210)
  0x000079587a5afda8: d4d7 ddfe 

  0x000079587a5afdac: ;   {other}
  0x000079587a5afdac: 0f1f 8400 | 1c15 0027 | bef4 ffff | ff4c 8b54 | 2408 4c89 | 1424 4889 | 7c24 0844 | 895c 2418 
  0x000079587a5afdcc: 4489 4c24 | 1c89 5c24 | 2044 8944 

  0x000079587a5afdd8: ;   {runtime_call UncommonTrapBlob}
  0x000079587a5afdd8: 2424 90e8 

  0x000079587a5afddc: ; ImmutableOopMap {rbp=Oop [0]=Oop [8]=Oop [28]=NarrowOop [40]=Oop }
                      ;*checkcast {reexecute=0 rethrow=0 return_oop=0}
                      ; - org.eclipse.jdt.internal.core.search.matching.JavaSearchNameEnvironment::computeClasspathLocations@69 (line 211)
  0x000079587a5afddc: a0d7 ddfe 

  0x000079587a5afde0: ;   {other}
  0x000079587a5afde0: 0f1f 8400 | 5015 0028 | bef6 ffff | ff48 8b6c | 2408 4c8b | 5424 184c | 8914 244c | 8b54 2428 
  0x000079587a5afe00: 4c89 5424 | 084c 895c 

  0x000079587a5afe08: ;   {runtime_call UncommonTrapBlob}
  0x000079587a5afe08: 2410 90e8 

  0x000079587a5afe0c: ; ImmutableOopMap {rbp=Oop [0]=Oop [8]=Oop [16]=Oop [52]=NarrowOop [72]=Oop }
                      ;*invokevirtual put {reexecute=0 rethrow=0 return_oop=0}
                      ; - java.util.HashSet::add@8
                      ; - org.eclipse.jdt.internal.core.search.matching.JavaSearchNameEnvironment::computeClasspathLocations@120 (line 219)
  0x000079587a5afe0c: 70d7 ddfe 

  0x000079587a5afe10: ;   {other}
  0x000079587a5afe10: 0f1f 8400 | 8015 0029 | be45 ffff | ff48 8b6c | 2408 4c8b | 5424 184c | 8914 244c | 8b54 2428 
  0x000079587a5afe30: 4c89 5424 | 084c 8b54 | 2420 4c89 | 5424 1044 | 8b5c 2430 | 4489 5c24 | 1844 8b54 | 2434 4489 
  0x000079587a5afe50: 5424 1c48 | 8944 2430 

  0x000079587a5afe58: ;   {runtime_call UncommonTrapBlob}
  0x000079587a5afe58: 6666 90e8 

  0x000079587a5afe5c: ; ImmutableOopMap {rbp=Oop [0]=Oop [8]=Oop [16]=Oop [28]=NarrowOop [48]=Oop }
                      ;*ifnull {reexecute=1 rethrow=0 return_oop=0}
                      ; - (reexecute) org.eclipse.jdt.internal.core.search.matching.JavaSearchNameEnvironment::computeClasspathLocations@103 (line 216)
  0x000079587a5afe5c: 20d7 ddfe 

  0x000079587a5afe60: ;   {other}
  0x000079587a5afe60: 0f1f 8400 | d015 002a | bef6 ffff | ff48 8b6c | 2408 4c8b | 5424 184c | 8914 244c | 8b54 2420 
  0x000079587a5afe80: 4c89 5424 

  0x000079587a5afe84: ;   {runtime_call UncommonTrapBlob}
  0x000079587a5afe84: 1066 90e8 

  0x000079587a5afe88: ; ImmutableOopMap {rbp=Oop [0]=Oop [16]=Oop [40]=Oop [52]=NarrowOop }
                      ;*arraylength {reexecute=0 rethrow=0 return_oop=0}
                      ; - java.util.HashMap::putVal@26
                      ; - java.util.HashMap::put@9
                      ; - java.util.HashSet::add@8
                      ; - org.eclipse.jdt.internal.core.search.matching.JavaSearchNameEnvironment::computeClasspathLocations@120 (line 219)
  0x000079587a5afe88: f4d6 ddfe 

  0x000079587a5afe8c: ;   {other}
  0x000079587a5afe8c: 0f1f 8400 | fc15 002b | bef6 ffff | ff48 8b6c | 2408 4c8b | 5424 184c | 8914 244c | 8b54 2420 
  0x000079587a5afeac: 4c89 5424 

  0x000079587a5afeb0: ;   {runtime_call UncommonTrapBlob}
  0x000079587a5afeb0: 1066 90e8 

  0x000079587a5afeb4: ; ImmutableOopMap {rbp=Oop [0]=Oop [16]=Oop [40]=Oop [52]=NarrowOop }
                      ;*arraylength {reexecute=0 rethrow=0 return_oop=0}
                      ; - java.util.HashMap::putVal@26
                      ; - java.util.HashMap::put@9
                      ; - java.util.HashSet::add@8
                      ; - org.eclipse.jdt.internal.core.search.matching.JavaSearchNameEnvironment::computeClasspathLocations@120 (line 219)
  0x000079587a5afeb4: c8d6 ddfe 

  0x000079587a5afeb8: ;   {other}
  0x000079587a5afeb8: 0f1f 8400 | 2816 002c | bef6 ffff | ff4c 8b54 | 2408 4c89 

  0x000079587a5afecc: ;   {runtime_call UncommonTrapBlob}
  0x000079587a5afecc: 1424 90e8 

  0x000079587a5afed0: ; ImmutableOopMap {rbp=Oop [0]=Oop [40]=Oop }
                      ;*arraylength {reexecute=0 rethrow=0 return_oop=0}
                      ; - org.eclipse.jdt.internal.core.search.matching.JavaSearchNameEnvironment::computeClasspathLocations@51 (line 208)
  0x000079587a5afed0: acd6 ddfe 

  0x000079587a5afed4: ;   {other}
  0x000079587a5afed4: 0f1f 8400 | 4416 002d | 488b f0e9 | 7d01 0000 | 488b f0e9 | 7501 0000 | 488b f0e9 | 6d01 0000 
  0x000079587a5afef4: e915 0100 | 0048 8bf0 | e9f8 0000 | 00e9 0801 | 0000 488b | f0e9 eb00 | 0000 488b | f0e9 4b01 
  0x000079587a5aff14: 0000 e9f3 | 0000 0048 | 8bf0 e9d6 | 0000 0044 

  0x000079587a5aff24: ;   {metadata('org/eclipse/jdt/core/JavaModelException')}
  0x000079587a5aff24: 8b50 0841 | 81fa 9054 | 1801 7545 

  0x000079587a5aff30: ;   {oop(a 'java/lang/Class'{0x000000008183d320} = 'org/eclipse/jdt/internal/core/search/processing/JobManager')}
  0x000079587a5aff30: 49ba 20d3 | 8381 0000 | 0000 450f | b652 7045 | 85d2 0f84 | 2601 0000 

  0x000079587a5aff48: ;   {oop(""{0x0000000080000000})}
  0x000079587a5aff48: 488b d048 | be00 0000 | 8000 0000 | 0048 8b6c 

  0x000079587a5aff58: ;   {static_call}
  0x000079587a5aff58: 2408 90e8 

  0x000079587a5aff5c: ; ImmutableOopMap {rbp=Oop [0]=Oop [8]=Oop }
                      ;*invokestatic trace {reexecute=0 rethrow=0 return_oop=0}
                      ; - org.eclipse.jdt.internal.core.search.matching.JavaSearchNameEnvironment::computeClasspathLocations@38 (line 203)
  0x000079587a5aff5c: 205f ddfe 

  0x000079587a5aff60: ;   {other}
  0x000079587a5aff60: 0f1f 8400 | d016 002e | 4533 d24c | 8954 2428 | e9cc ecff | ff48 8bf0 | e9e4 0000 | 0044 8b50 
  0x000079587a5aff80: ;   {metadata('org/eclipse/jdt/core/JavaModelException')}
  0x000079587a5aff80: 0841 81fa | 9054 1801 | 7507 33c0 | e990 f7ff | ff48 8bf0 | e9c8 0000 | 00eb 7348 | 8bf0 eb59 
  0x000079587a5affa0: 448b 4008 | 49ba 0000 | 0027 5879 | 0000 4d03 | d048 8bf0 | eb6c 448b | 4008 49ba | 0000 0027 
  0x000079587a5affc0: 5879 0000 | 4d03 d048 | 8bf0 eb56 | eb40 488b | f0eb 26eb | 3948 8bf0 | eb1f 448b 

  0x000079587a5affdc: ;   {metadata('org/eclipse/jdt/core/JavaModelException')}
  0x000079587a5affdc: 5008 4181 | fa90 5418 | 0175 7248 | 8bf0 eb49 | 488b f0eb | 0848 8bf0 | eb03 488b | f044 8b5e 
  0x000079587a5afffc: 0849 ba00 | 0000 2758 | 7900 004d | 03d3 eb16 | eb00 448b | 4008 49ba | 0000 0027 | 5879 0000 
  0x000079587a5b001c: 4d03 d048 | 8bf0 4d8b 

  0x000079587a5b0024: ;   {metadata('org/eclipse/jdt/core/JavaModelException')}
  0x000079587a5b0024: 5250 49bb | 9054 1828 | 5879 0000 | 4d3b d375 

  0x000079587a5b0034: ;   {oop("Error indexing package names!"{0x000000008795bf70})}
  0x000079587a5b0034: 2c48 ba70 | bf95 8700 | 0000 0048 | 8b6c 2408 

  0x000079587a5b0044: ;   {static_call}
  0x000079587a5b0044: 6666 90e8 

  0x000079587a5b0048: ; ImmutableOopMap {rbp=Oop [8]=Oop [24]=Oop [32]=Oop [40]=Oop [52]=NarrowOop [56]=Oop }
                      ;*invokestatic log {reexecute=0 rethrow=0 return_oop=0}
                      ; - org.eclipse.jdt.internal.core.search.matching.JavaSearchNameEnvironment::computeClasspathLocations@134 (line 221)
  0x000079587a5b0048: 345e ddfe 

  0x000079587a5b004c: ;   {other}
  0x000079587a5b004c: 0f1f 8400 | bc17 002f | e993 edff | ff48 8bf0 | eb03 488b | f048 81c4 | 8000 0000 

  0x000079587a5b0068: ;   {runtime_call _rethrow_Java}
  0x000079587a5b0068: 5de9 1255 | e9fe 4533 | d24c 8954 | 2428 e9c6 

  0x000079587a5b0078: ;   {internal_word}
  0x000079587a5b0078: ebff ff49 | ba29 f75a | 7a58 7900 | 004d 8997 | 6804 0000 

  0x000079587a5b008c: ;   {runtime_call SafepointBlob}
  0x000079587a5b008c: e96f c3dd 

  0x000079587a5b0090: ;   {runtime_call StubRoutines (final stubs)}
  0x000079587a5b0090: fee8 aa3e | dcfe e963 | ebff fff4 | f4f4 f4f4 
[Stub Code]
  0x000079587a5b00a0: ;   {no_reloc}
  0x000079587a5b00a0: 48bb 0000 | 0000 0000 

  0x000079587a5b00a8: ;   {runtime_call nmethod}
  0x000079587a5b00a8: 0000 e9fb 

  0x000079587a5b00ac: ;   {static_stub}
  0x000079587a5b00ac: ffff ff48 | bb00 0000 | 0000 0000 

  0x000079587a5b00b8: ;   {runtime_call nmethod}
  0x000079587a5b00b8: 00e9 fbff 

  0x000079587a5b00bc: ;   {static_stub}
  0x000079587a5b00bc: ffff 48bb | 0000 0000 | 0000 0000 

  0x000079587a5b00c8: ;   {runtime_call nmethod}
  0x000079587a5b00c8: e9fb ffff 

  0x000079587a5b00cc: ;   {static_stub}
  0x000079587a5b00cc: ff48 bb00 | 0000 0000 

  0x000079587a5b00d4: ;   {runtime_call nmethod}
  0x000079587a5b00d4: 0000 00e9 | fbff ffff 

  0x000079587a5b00dc: ;   {static_stub}
  0x000079587a5b00dc: 48bb 0000 | 0000 0000 

  0x000079587a5b00e4: ;   {runtime_call nmethod}
  0x000079587a5b00e4: 0000 e9fb 

  0x000079587a5b00e8: ;   {static_stub}
  0x000079587a5b00e8: ffff ff48 | bb88 8e6a | 1f58 7900 

  0x000079587a5b00f4: ;   {runtime_call I2C/C2I adapters}
  0x000079587a5b00f4: 00e9 75c7 

  0x000079587a5b00f8: ;   {static_stub}
  0x000079587a5b00f8: dcfe 48bb | 0000 0000 | 0000 0000 

  0x000079587a5b0104: ;   {runtime_call nmethod}
  0x000079587a5b0104: e9fb ffff 

  0x000079587a5b0108: ;   {static_stub}
  0x000079587a5b0108: ff48 bb00 | 0000 0000 

  0x000079587a5b0110: ;   {runtime_call nmethod}
  0x000079587a5b0110: 0000 00e9 | fbff ffff 

  0x000079587a5b0118: ;   {static_stub}
  0x000079587a5b0118: 48bb 0000 | 0000 0000 

  0x000079587a5b0120: ;   {runtime_call nmethod}
  0x000079587a5b0120: 0000 e9fb 

  0x000079587a5b0124: ;   {static_stub}
  0x000079587a5b0124: ffff ff48 | bb00 0000 | 0000 0000 

  0x000079587a5b0130: ;   {runtime_call nmethod}
  0x000079587a5b0130: 00e9 fbff 

  0x000079587a5b0134: ;   {runtime_call ExceptionBlob}
  0x000079587a5b0134: ffff e9c5 | bfe8 fee8 | 0000 0000 | 4883 2c24 

  0x000079587a5b0144: ;   {runtime_call DeoptimizationBlob}
  0x000079587a5b0144: 05e9 56d7 | ddfe f4f4 | f4f4 f4f4 
[/MachCode]


Compiled method (c1) 2952795 34769       3       org.eclipse.jdt.internal.core.search.matching.JavaSearchNameEnvironment::<init> (351 bytes)
 total in heap  [0x000079587495b890,0x0000795874960ec0] = 22064
 relocation     [0x000079587495b9e8,0x000079587495bfe8] = 1536
 main code      [0x000079587495c000,0x000079587495f808] = 14344
 stub code      [0x000079587495f808,0x000079587495fad0] = 712
 oops           [0x000079587495fad0,0x000079587495fb00] = 48
 metadata       [0x000079587495fb00,0x000079587495fc80] = 384
 scopes data    [0x000079587495fc80,0x0000795874960470] = 2032
 scopes pcs     [0x0000795874960470,0x0000795874960d70] = 2304
 dependencies   [0x0000795874960d70,0x0000795874960de0] = 112
 nul chk table  [0x0000795874960de0,0x0000795874960ec0] = 224

[Constant Pool (empty)]

[MachCode]
[Entry Point]
  # {method} {0x000079581f69ff28} '<init>' '(Lorg/eclipse/jdt/core/IJavaProject;[Lorg/eclipse/jdt/core/ICompilationUnit;)V' in 'org/eclipse/jdt/internal/core/search/matching/JavaSearchNameEnvironment'
  # this:     rsi:rsi   = 'org/eclipse/jdt/internal/core/search/matching/JavaSearchNameEnvironment'
  # parm0:    rdx:rdx   = 'org/eclipse/jdt/core/IJavaProject'
  # parm1:    rcx:rcx   = '[Lorg/eclipse/jdt/core/ICompilationUnit;'
  #           [sp+0x130]  (sp of caller)
  0x000079587495c000: 448b 5608 | 49bb 0000 | 0027 5879 | 0000 4d03 | d34c 3bd0 

  0x000079587495c014: ;   {runtime_call ic_miss_stub}
  0x000079587495c014: 0f85 668f | a204 660f | 1f44 0000 
[Verified Entry Point]
  0x000079587495c020: 8984 2400 | c0fe ff55 | 4881 ec20 | 0100 0090 | 4181 7f20 | 0e00 0000 

  0x000079587495c038: ;   {runtime_call StubRoutines (final stubs)}
  0x000079587495c038: 7405 e801 | 7fa1 0448 | 89b4 2498 | 0000 0048 | 8994 24a0 | 0000 0048 | 898c 24a8 

  0x000079587495c054: ;   {metadata(method data for {method} {0x000079581f69ff28} '<init>' '(Lorg/eclipse/jdt/core/IJavaProject;[Lorg/eclipse/jdt/core/ICompilationUnit;)V' in 'org/eclipse/jdt/internal/core/search/matching/JavaSearchNameEnvironment')}
  0x000079587495c054: 0000 0048 | bfc0 a96e | 1957 7900 | 008b 9ff4 | 0000 0083 | c302 899f | f400 0000 | 81e3 fe07 
  0x000079587495c074: 0000 85db | 0f84 2b2f | 0000 488b 

  0x000079587495c080: ;   {metadata(method data for {method} {0x000079581f69ff28} '<init>' '(Lorg/eclipse/jdt/core/IJavaProject;[Lorg/eclipse/jdt/core/ICompilationUnit;)V' in 'org/eclipse/jdt/internal/core/search/matching/JavaSearchNameEnvironment')}
  0x000079587495c080: fe48 bbc0 | a96e 1957 | 7900 0048 | 8383 3801 

  0x000079587495c090: ;   {metadata(method data for {method} {0x0000795827475450} '<init>' '()V' in 'java/lang/Object')}
  0x000079587495c090: 0000 0148 | bfc8 7f00 | 1c58 7900 | 008b 9ff4 | 0000 0083 | c302 899f | f400 0000 | 81e3 feff 
  0x000079587495c0b0: 1f00 85db | 0f84 102f | 0000 c646 

  0x000079587495c0bc: ;   {metadata(method data for {method} {0x000079581f69ff28} '<init>' '(Lorg/eclipse/jdt/core/IJavaProject;[Lorg/eclipse/jdt/core/ICompilationUnit;)V' in 'org/eclipse/jdt/internal/core/search/matching/JavaSearchNameEnvironment')}
  0x000079587495c0bc: 0c00 48bf | c0a9 6e19 | 5779 0000 | 4883 8748 | 0100 0001 

  0x000079587495c0d0: ;   {metadata(method data for {method} {0x000079581f6aa648} 'isComplianceJava9OrHigher' '(Lorg/eclipse/jdt/core/IJavaProject;)Z' in 'org/eclipse/jdt/internal/core/search/matching/JavaSearchNameEnvironment')}
  0x000079587495c0d0: 48bf 08a7 | 731f 5879 | 0000 8b9f | f400 0000 | 83c3 0289 | 9ff4 0000 | 0081 e3fe | ff1f 0085 
  0x000079587495c0f0: db0f 84f4 | 2e00 0048 

  0x000079587495c0f8: ;   {metadata(method data for {method} {0x000079581f6aa648} 'isComplianceJava9OrHigher' '(Lorg/eclipse/jdt/core/IJavaProject;)Z' in 'org/eclipse/jdt/internal/core/search/matching/JavaSearchNameEnvironment')}
  0x000079587495c0f8: 85d2 48bf | 08a7 731f | 5879 0000 | 48c7 c338 | 0100 0075 | 0748 c7c3 | 4801 0000 | 488b 041f 
  0x000079587495c118: 488d 4001 | 4889 041f | 0f85 0a00 | 0000 bf00 | 0000 00e9 | 9901 0000 | 4885 d20f | 8429 0000 
  0x000079587495c138: ;   {metadata('org/eclipse/jdt/internal/core/JavaProject')}
  0x000079587495c138: 0049 b890 | 9728 2858 | 7900 008b | 4208 49ba | 0000 0027 | 5879 0000 | 4903 c24c | 3b40 500f 
  0x000079587495c158: 85af 2e00 | 00e9 0000 | 0000 488b | fa48 3b02 

  0x000079587495c168: ;   {metadata(method data for {method} {0x000079581f6aa648} 'isComplianceJava9OrHigher' '(Lorg/eclipse/jdt/core/IJavaProject;)Z' in 'org/eclipse/jdt/internal/core/search/matching/JavaSearchNameEnvironment')}
  0x000079587495c168: 488b fa48 | bb08 a773 | 1f58 7900 | 008b 7f08 | 49ba 0000 | 0027 5879 | 0000 4903 | fa48 3bbb 
  0x000079587495c188: 6801 0000 | 750d 4883 | 8370 0100 | 0001 e960 | 0000 0048 | 3bbb 7801 | 0000 750d | 4883 8380 
  0x000079587495c1a8: 0100 0001 | e94a 0000 | 0048 83bb | 6801 0000 | 0075 1748 | 89bb 6801 | 0000 48c7 | 8370 0100 
  0x000079587495c1c8: 0001 0000 | 00e9 2900 | 0000 4883 | bb78 0100 | 0000 7517 | 4889 bb78 | 0100 0048 | c783 8001 
  0x000079587495c1e8: 0000 0100 | 0000 e908 | 0000 0048 | 8383 5801 | 0000 0148 

  0x000079587495c1fc: ;   {oop("org.eclipse.jdt.core.compiler.compliance"{0x000000008077f620})}
  0x000079587495c1fc: 8bfa 48ba | 20f6 7780 | 0000 0000 | b901 0000 | 0048 8bf7 | 0f1f 8000 

  0x000079587495c214: ;   {optimized virtual_call}
  0x000079587495c214: 0000 00e8 

  0x000079587495c218: ; ImmutableOopMap {[152]=Oop [160]=Oop [168]=Oop }
                      ;*invokeinterface getOption {reexecute=0 rethrow=0 return_oop=0}
                      ; - org.eclipse.jdt.internal.core.search.matching.JavaSearchNameEnvironment::isComplianceJava9OrHigher@11 (line 591)
                      ; - org.eclipse.jdt.internal.core.search.matching.JavaSearchNameEnvironment::<init>@10 (line 80)
  0x000079587495c218: c4ca fa04 

  0x000079587495c21c: ;   {other}
  0x000079587495c21c: 0f1f 8400 | 8c09 0000 

  0x000079587495c224: ;   {metadata(method data for {method} {0x000079581f6aa648} 'isComplianceJava9OrHigher' '(Lorg/eclipse/jdt/core/IJavaProject;)Z' in 'org/eclipse/jdt/internal/core/search/matching/JavaSearchNameEnvironment')}
  0x000079587495c224: 48be 08a7 | 731f 5879 | 0000 4883 | 8690 0100 

  0x000079587495c234: ;   {metadata(method data for {method} {0x000079581d2831f0} 'versionToJdkLevel' '(Ljava/lang/String;)J' in 'org/eclipse/jdt/internal/compiler/impl/CompilerOptions')}
  0x000079587495c234: 0001 48be | 8068 441d | 5879 0000 | 8b96 f400 | 0000 83c2 | 0289 96f4 | 0000 0081 | e2fe ff1f 
  0x000079587495c254: 0085 d20f | 84b9 2d00 

  0x000079587495c25c: ;   {metadata(method data for {method} {0x000079581d2831f0} 'versionToJdkLevel' '(Ljava/lang/String;)J' in 'org/eclipse/jdt/internal/compiler/impl/CompilerOptions')}
  0x000079587495c25c: 0048 be80 | 6844 1d58 | 7900 0048 | 8386 3801 | 0000 0148 | 8bf0 ba01 

  0x000079587495c274: ;   {static_call}
  0x000079587495c274: 0000 00e8 

  0x000079587495c278: ; ImmutableOopMap {[152]=Oop [160]=Oop [168]=Oop }
                      ;*invokestatic versionToJdkLevel {reexecute=0 rethrow=0 return_oop=0}
                      ; - org.eclipse.jdt.internal.compiler.impl.CompilerOptions::versionToJdkLevel@2 (line 955)
                      ; - org.eclipse.jdt.internal.core.search.matching.JavaSearchNameEnvironment::isComplianceJava9OrHigher@16 (line 591)
                      ; - org.eclipse.jdt.internal.core.search.matching.JavaSearchNameEnvironment::<init>@10 (line 80)
  0x000079587495c278: 640c b505 

  0x000079587495c27c: ;   {other}
  0x000079587495c27c: 0f1f 8400 | ec09 0001 | 48c7 c200 | 0035 0048 

  0x000079587495c28c: ;   {metadata(method data for {method} {0x000079581f6aa648} 'isComplianceJava9OrHigher' '(Lorg/eclipse/jdt/core/IJavaProject;)Z' in 'org/eclipse/jdt/internal/core/search/matching/JavaSearchNameEnvironment')}
  0x000079587495c28c: 3bc2 48ba | 08a7 731f | 5879 0000 | 48c7 c6b0 | 0100 007d | 0748 c7c6 | a001 0000 | 488b 3c32 
  0x000079587495c2ac: 488d 7f01 | 4889 3c32 | 0f8d 0a00 | 0000 bf00 | 0000 00e9 | 0500 0000 | bf01 0000 

  0x000079587495c2c8: ;   {metadata(method data for {method} {0x000079581f69ff28} '<init>' '(Lorg/eclipse/jdt/core/IJavaProject;[Lorg/eclipse/jdt/core/ICompilationUnit;)V' in 'org/eclipse/jdt/internal/core/search/matching/JavaSearchNameEnvironment')}
  0x000079587495c2c8: 0085 ff48 | bac0 a96e | 1957 7900 | 0048 c7c6 | 6801 0000 | 7507 48c7 | c658 0100 | 0048 8b3c 
  0x000079587495c2e8: 3248 8d7f | 0148 893c | 320f 850d | 0000 0048 | 8b9c 2498 | 0000 00e9 | 6902 0000 | 488b b424 
  0x000079587495c308: 9800 0000 

  0x000079587495c30c: ;   {metadata('java/util/HashMap')}
  0x000079587495c30c: 48ba 78b6 | 0827 5879 | 0000 488b | de49 8b87 | b801 0000 | 488d 7830 | 493b bfc8 | 0100 000f 
  0x000079587495c32c: 8706 2d00 | 0049 89bf | b801 0000 | 48c7 0001 | 0000 0048 | 8bca 49ba | 0000 0027 | 5879 0000 
  0x000079587495c34c: 492b ca89 | 4808 4833 | c989 480c | 4833 c948 | 8948 1048 | 8948 1848 | 8948 2048 | 8948 2848 
  0x000079587495c36c: ;   {metadata(method data for {method} {0x000079581f69ff28} '<init>' '(Lorg/eclipse/jdt/core/IJavaProject;[Lorg/eclipse/jdt/core/ICompilationUnit;)V' in 'org/eclipse/jdt/internal/core/search/matching/JavaSearchNameEnvironment')}
  0x000079587495c36c: 8bd0 48be | c0a9 6e19 | 5779 0000 | 4883 8678 | 0100 0001 

  0x000079587495c380: ;   {metadata(method data for {method} {0x0000795827401128} '<init>' '()V' in 'java/util/HashMap')}
  0x000079587495c380: 48ba 381d | 031c 5879 | 0000 8bb2 | f400 0000 | 83c6 0289 | b2f4 0000 | 0081 e6fe | ff1f 0085 
  0x000079587495c3a0: f60f 849d | 2c00 0048 

  0x000079587495c3a8: ;   {metadata(method data for {method} {0x0000795827401128} '<init>' '()V' in 'java/util/HashMap')}
  0x000079587495c3a8: 8bd0 48be | 381d 031c | 5879 0000 | 4883 8638 | 0100 0001 

  0x000079587495c3bc: ;   {metadata(method data for {method} {0x0000795827408488} '<init>' '()V' in 'java/util/AbstractMap')}
  0x000079587495c3bc: 48ba 9818 | 031c 5879 | 0000 8bb2 | f400 0000 | 83c6 0289 | b2f4 0000 | 0081 e6fe | ff1f 0085 
  0x000079587495c3dc: f60f 8482 | 2c00 0048 

  0x000079587495c3e4: ;   {metadata(method data for {method} {0x0000795827408488} '<init>' '()V' in 'java/util/AbstractMap')}
  0x000079587495c3e4: 8bd0 48be | 9818 031c | 5879 0000 | 4883 8638 | 0100 0001 

  0x000079587495c3f8: ;   {metadata(method data for {method} {0x0000795827475450} '<init>' '()V' in 'java/lang/Object')}
  0x000079587495c3f8: 48ba c87f | 001c 5879 | 0000 8bb2 | f400 0000 | 83c6 0289 | b2f4 0000 | 0081 e6fe | ff1f 0085 
  0x000079587495c418: f60f 8467 | 2c00 00c7 | 4020 0000 | 403f 4c8b | d044 8953 | 1848 8d13 | 48c1 ea09 | 49b8 0090 
  0x000079587495c438: 3289 5879 | 0000 42c6 

  0x000079587495c440: ;   {metadata('java/util/HashMap')}
  0x000079587495c440: 0402 0048 | ba78 b608 | 2758 7900 | 0049 8b87 | b801 0000 | 488d 7830 | 493b bfc8 | 0100 000f 
  0x000079587495c460: 8742 2c00 | 0049 89bf | b801 0000 | 48c7 0001 | 0000 0048 | 8bca 49ba | 0000 0027 | 5879 0000 
  0x000079587495c480: 492b ca89 | 4808 4833 | c989 480c | 4833 c948 | 8948 1048 | 8948 1848 | 8948 2048 | 8948 2848 
  0x000079587495c4a0: ;   {metadata(method data for {method} {0x000079581f69ff28} '<init>' '(Lorg/eclipse/jdt/core/IJavaProject;[Lorg/eclipse/jdt/core/ICompilationUnit;)V' in 'org/eclipse/jdt/internal/core/search/matching/JavaSearchNameEnvironment')}
  0x000079587495c4a0: 8bd0 48be | c0a9 6e19 | 5779 0000 | 4883 8688 | 0100 0001 

  0x000079587495c4b4: ;   {metadata(method data for {method} {0x0000795827401128} '<init>' '()V' in 'java/util/HashMap')}
  0x000079587495c4b4: 48ba 381d | 031c 5879 | 0000 8bb2 | f400 0000 | 83c6 0289 | b2f4 0000 | 0081 e6fe | ff1f 0085 
  0x000079587495c4d4: f60f 84d9 | 2b00 0048 

  0x000079587495c4dc: ;   {metadata(method data for {method} {0x0000795827401128} '<init>' '()V' in 'java/util/HashMap')}
  0x000079587495c4dc: 8bd0 48be | 381d 031c | 5879 0000 | 4883 8638 | 0100 0001 

  0x000079587495c4f0: ;   {metadata(method data for {method} {0x0000795827408488} '<init>' '()V' in 'java/util/AbstractMap')}
  0x000079587495c4f0: 48ba 9818 | 031c 5879 | 0000 8bb2 | f400 0000 | 83c6 0289 | b2f4 0000 | 0081 e6fe | ff1f 0085 
  0x000079587495c510: f60f 84be | 2b00 0048 

  0x000079587495c518: ;   {metadata(method data for {method} {0x0000795827408488} '<init>' '()V' in 'java/util/AbstractMap')}
  0x000079587495c518: 8bd0 48be | 9818 031c | 5879 0000 | 4883 8638 | 0100 0001 

  0x000079587495c52c: ;   {metadata(method data for {method} {0x0000795827475450} '<init>' '()V' in 'java/lang/Object')}
  0x000079587495c52c: 48ba c87f | 001c 5879 | 0000 8bb2 | f400 0000 | 83c6 0289 | b2f4 0000 | 0081 e6fe | ff1f 0085 
  0x000079587495c54c: f60f 84a3 | 2b00 00c7 | 4020 0000 | 403f 4c8b | d044 8953 | 1c48 8d13 | 48c1 ea09 | 42c6 0402 
  0x000079587495c56c: ;   {metadata('java/util/HashMap')}
  0x000079587495c56c: 0048 ba78 | b608 2758 | 7900 0049 | 8b87 b801 | 0000 488d | 7830 493b | bfc8 0100 | 000f 8788 
  0x000079587495c58c: 2b00 0049 | 89bf b801 | 0000 48c7 | 0001 0000 | 0048 8bca | 49ba 0000 | 0027 5879 | 0000 492b 
  0x000079587495c5ac: ca89 4808 | 4833 c989 | 480c 4833 | c948 8948 | 1048 8948 | 1848 8948 | 2048 8948 | 2848 8bd0 
  0x000079587495c5cc: ;   {metadata(method data for {method} {0x000079581f69ff28} '<init>' '(Lorg/eclipse/jdt/core/IJavaProject;[Lorg/eclipse/jdt/core/ICompilationUnit;)V' in 'org/eclipse/jdt/internal/core/search/matching/JavaSearchNameEnvironment')}
  0x000079587495c5cc: 48be c0a9 | 6e19 5779 | 0000 4883 | 8698 0100 

  0x000079587495c5dc: ;   {metadata(method data for {method} {0x0000795827401128} '<init>' '()V' in 'java/util/HashMap')}
  0x000079587495c5dc: 0001 48ba | 381d 031c | 5879 0000 | 8bb2 f400 | 0000 83c6 | 0289 b2f4 | 0000 0081 | e6fe ff1f 
  0x000079587495c5fc: 0085 f60f | 841f 2b00 | 0048 8bd0 

  0x000079587495c608: ;   {metadata(method data for {method} {0x0000795827401128} '<init>' '()V' in 'java/util/HashMap')}
  0x000079587495c608: 48be 381d | 031c 5879 | 0000 4883 | 8638 0100 

  0x000079587495c618: ;   {metadata(method data for {method} {0x0000795827408488} '<init>' '()V' in 'java/util/AbstractMap')}
  0x000079587495c618: 0001 48ba | 9818 031c | 5879 0000 | 8bb2 f400 | 0000 83c6 | 0289 b2f4 | 0000 0081 | e6fe ff1f 
  0x000079587495c638: 0085 f60f | 8404 2b00 | 0048 8bd0 

  0x000079587495c644: ;   {metadata(method data for {method} {0x0000795827408488} '<init>' '()V' in 'java/util/AbstractMap')}
  0x000079587495c644: 48be 9818 | 031c 5879 | 0000 4883 | 8638 0100 

  0x000079587495c654: ;   {metadata(method data for {method} {0x0000795827475450} '<init>' '()V' in 'java/lang/Object')}
  0x000079587495c654: 0001 48ba | c87f 001c | 5879 0000 | 8bb2 f400 | 0000 83c6 | 0289 b2f4 | 0000 0081 | e6fe ff1f 
  0x000079587495c674: 0085 f60f | 84e9 2a00 | 00c7 4020 | 0000 403f | 4c8b d044 | 8953 1448 | 8d13 48c1 | ea09 49b8 
  0x000079587495c694: 0090 3289 | 5879 0000 | 42c6 0402 

  0x000079587495c6a0: ;   {metadata('java/util/HashMap')}
  0x000079587495c6a0: 0048 ba78 | b608 2758 | 7900 0049 | 8b87 b801 | 0000 488d | 7830 493b | bfc8 0100 | 000f 87c4 
  0x000079587495c6c0: 2a00 0049 | 89bf b801 | 0000 48c7 | 0001 0000 | 0048 8bca | 49ba 0000 | 0027 5879 | 0000 492b 
  0x000079587495c6e0: ca89 4808 | 4833 c989 | 480c 4833 | c948 8948 | 1048 8948 | 1848 8948 | 2048 8948 | 2848 8bd0 
  0x000079587495c700: ;   {metadata(method data for {method} {0x000079581f69ff28} '<init>' '(Lorg/eclipse/jdt/core/IJavaProject;[Lorg/eclipse/jdt/core/ICompilationUnit;)V' in 'org/eclipse/jdt/internal/core/search/matching/JavaSearchNameEnvironment')}
  0x000079587495c700: 48be c0a9 | 6e19 5779 | 0000 4883 | 86a8 0100 

  0x000079587495c710: ;   {metadata(method data for {method} {0x0000795827401128} '<init>' '()V' in 'java/util/HashMap')}
  0x000079587495c710: 0001 48ba | 381d 031c | 5879 0000 | 8bb2 f400 | 0000 83c6 | 0289 b2f4 | 0000 0081 | e6fe ff1f 
  0x000079587495c730: 0085 f60f | 845b 2a00 | 0048 8bd0 

  0x000079587495c73c: ;   {metadata(method data for {method} {0x0000795827401128} '<init>' '()V' in 'java/util/HashMap')}
  0x000079587495c73c: 48be 381d | 031c 5879 | 0000 4883 | 8638 0100 

  0x000079587495c74c: ;   {metadata(method data for {method} {0x0000795827408488} '<init>' '()V' in 'java/util/AbstractMap')}
  0x000079587495c74c: 0001 48ba | 9818 031c | 5879 0000 | 8bb2 f400 | 0000 83c6 | 0289 b2f4 | 0000 0081 | e6fe ff1f 
  0x000079587495c76c: 0085 f60f | 8440 2a00 | 0048 8bd0 

  0x000079587495c778: ;   {metadata(method data for {method} {0x0000795827408488} '<init>' '()V' in 'java/util/AbstractMap')}
  0x000079587495c778: 48be 9818 | 031c 5879 | 0000 4883 | 8638 0100 

  0x000079587495c788: ;   {metadata(method data for {method} {0x0000795827475450} '<init>' '()V' in 'java/lang/Object')}
  0x000079587495c788: 0001 48ba | c87f 001c | 5879 0000 | 8bb2 f400 | 0000 83c6 | 0289 b2f4 | 0000 0081 | e6fe ff1f 
  0x000079587495c7a8: 0085 f60f | 8425 2a00 | 00c7 4020 | 0000 403f | 4c8b d044 | 8953 2048 | 8d13 48c1 | ea09 42c6 
  0x000079587495c7c8: ;   {oop(a 'java/lang/Class'{0x0000000081866fd8} = 'org/eclipse/jdt/internal/core/NameLookup')}
  0x000079587495c7c8: 0402 0048 | bad8 6f86 | 8100 0000 | 000f be92 | 9000 0000 

  0x000079587495c7dc: ;   {metadata(method data for {method} {0x000079581f69ff28} '<init>' '(Lorg/eclipse/jdt/core/IJavaProject;[Lorg/eclipse/jdt/core/ICompilationUnit;)V' in 'org/eclipse/jdt/internal/core/search/matching/JavaSearchNameEnvironment')}
  0x000079587495c7dc: 85d2 48ba | c0a9 6e19 | 5779 0000 | 48c7 c6c8 | 0100 0075 | 0748 c7c6 | b801 0000 | 488b 3c32 
  0x000079587495c7fc: 488d 7f01 | 4889 3c32 | 0f85 1f00 | 0000 48c7 | c700 0000 | 0048 89bc | 24b0 0000 | 0048 8b94 
  0x000079587495c81c: 24a0 0000 | 0048 8bf3 | e985 0500 

  0x000079587495c828: ;   {metadata(method data for {method} {0x000079581f69ff28} '<init>' '(Lorg/eclipse/jdt/core/IJavaProject;[Lorg/eclipse/jdt/core/ICompilationUnit;)V' in 'org/eclipse/jdt/internal/core/search/matching/JavaSearchNameEnvironment')}
  0x000079587495c828: 0048 bac0 | a96e 1957 | 7900 0048 | 8382 d801 

  0x000079587495c838: ;   {metadata(method data for {method} {0x000079581d2ad320} 'trace' '(Ljava/lang/String;)V' in 'org/eclipse/jdt/internal/core/JavaModelManager')}
  0x000079587495c838: 0000 0148 | ba48 53a4 | 1d58 7900 | 008b b2f4 | 0000 0083 | c602 89b2 | f400 0000 | 81e6 feff 
  0x000079587495c858: 1f00 85f6 | 0f84 9529 

  0x000079587495c860: ;   {oop(a 'java/lang/Class'{0x000000008183f860} = 'org/eclipse/jdt/internal/core/JavaModelManager')}
  0x000079587495c860: 0000 48ba | 60f8 8381 | 0000 0000 | 0fbe 92ad | 0100 0085 

  0x000079587495c874: ;   {metadata(method data for {method} {0x000079581d2ad320} 'trace' '(Ljava/lang/String;)V' in 'org/eclipse/jdt/internal/core/JavaModelManager')}
  0x000079587495c874: d248 ba48 | 53a4 1d58 | 7900 0048 | c7c6 3801 | 0000 7407 | 48c7 c648 | 0100 0048 | 8b3c 3248 
  0x000079587495c894: 8d7f 0148 | 893c 320f | 8468 0000 

  0x000079587495c8a0: ;   {oop(a 'java/lang/Class'{0x000000008007f040} = 'java/lang/System')}
  0x000079587495c8a0: 0048 ba40 | f007 8000 | 0000 008b | 7a74 483b | 0748 8bd7 

  0x000079587495c8b4: ;   {metadata(method data for {method} {0x000079581d2ad320} 'trace' '(Ljava/lang/String;)V' in 'org/eclipse/jdt/internal/core/JavaModelManager')}
  0x000079587495c8b4: 48bb 4853 | a41d 5879 

  0x000079587495c8bc: ;   {metadata('java/io/PrintStream')}
  0x000079587495c8bc: 0000 49ba | c8a3 0027 | 5879 0000 | 4c89 9368 | 0100 0048 | 8383 7001 

  0x000079587495c8d4: ;   {oop(" BUILDING JavaSearchNameEnvironment"{0x000000008795c080})}
  0x000079587495c8d4: 0000 0148 | ba80 c095 | 8700 0000 | 0048 8bf7 

  0x000079587495c8e4: ;   {optimized virtual_call}
  0x000079587495c8e4: 6666 90e8 

  0x000079587495c8e8: ; ImmutableOopMap {[152]=Oop [160]=Oop [168]=Oop }
                      ;*invokevirtual println {reexecute=0 rethrow=0 return_oop=0}
                      ; - org.eclipse.jdt.internal.core.JavaModelManager::trace@10 (line 4705)
                      ; - org.eclipse.jdt.internal.core.search.matching.JavaSearchNameEnvironment::<init>@70 (line 89)
  0x000079587495c8e8: 948b a204 

  0x000079587495c8ec: ;   {other}
  0x000079587495c8ec: 0f1f 8400 | 5c10 0002 

  0x000079587495c8f4: ;   {metadata(method data for {method} {0x000079581d2ad320} 'trace' '(Ljava/lang/String;)V' in 'org/eclipse/jdt/internal/core/JavaModelManager')}
  0x000079587495c8f4: 48ba 4853 | a41d 5879 | 0000 ff82 | 9001 0000 | e93b 0000 

  0x000079587495c908: ;   {oop(a 'java/lang/Class'{0x000000008183f860} = 'org/eclipse/jdt/internal/core/JavaModelManager')}
  0x000079587495c908: 0048 ba60 | f883 8100 | 0000 008b | b260 0100 

  0x000079587495c918: ;   {oop(" BUILDING JavaSearchNameEnvironment"{0x000000008795c080})}
  0x000079587495c918: 0048 b980 | c095 8700 

  0x000079587495c920: ;   {oop(nullptr)}
  0x000079587495c920: 0000 0048 | ba00 0000 | 0000 0000 | 0048 b8ff | ffff ffff 

  0x000079587495c934: ;   {virtual_call}
  0x000079587495c934: ffff ffe8 

  0x000079587495c938: ; ImmutableOopMap {[152]=Oop [160]=Oop [168]=Oop }
                      ;*invokeinterface trace {reexecute=0 rethrow=0 return_oop=0}
                      ; - org.eclipse.jdt.internal.core.JavaModelManager::trace@21 (line 4707)
                      ; - org.eclipse.jdt.internal.core.search.matching.JavaSearchNameEnvironment::<init>@70 (line 89)
  0x000079587495c938: 4490 a204 

  0x000079587495c93c: ;   {other}
  0x000079587495c93c: 0f1f 8400 | ac10 0003 | 488b 9424 | a000 0000 

  0x000079587495c94c: ;   {metadata(method data for {method} {0x000079581f69ff28} '<init>' '(Lorg/eclipse/jdt/core/IJavaProject;[Lorg/eclipse/jdt/core/ICompilationUnit;)V' in 'org/eclipse/jdt/internal/core/search/matching/JavaSearchNameEnvironment')}
  0x000079587495c94c: 48be c0a9 | 6e19 5779 | 0000 4883 | 86e8 0100 

  0x000079587495c95c: ;   {metadata(method data for {method} {0x0000795827455910} 'valueOf' '(Ljava/lang/Object;)Ljava/lang/String;' in 'java/lang/String')}
  0x000079587495c95c: 0001 48be | 581b 0f1c | 5879 0000 | 8bbe f400 | 0000 83c7 | 0289 bef4 | 0000 0081 | e7fe ff1f 
  0x000079587495c97c: 0085 ff0f | 8498 2800 | 0048 85d2 

  0x000079587495c988: ;   {metadata(method data for {method} {0x0000795827455910} 'valueOf' '(Ljava/lang/Object;)Ljava/lang/String;' in 'java/lang/String')}
  0x000079587495c988: 48be 581b | 0f1c 5879 | 0000 48c7 | c738 0100 | 0075 0748 | c7c7 4801 | 0000 488b | 1c3e 488d 
  0x000079587495c9a8: 5b01 4889 | 1c3e 0f85 | 1f00 0000 

  0x000079587495c9b4: ;   {metadata(method data for {method} {0x0000795827455910} 'valueOf' '(Ljava/lang/Object;)Ljava/lang/String;' in 'java/lang/String')}
  0x000079587495c9b4: 48be 581b | 0f1c 5879 | 0000 ff86 | 5801 0000 

  0x000079587495c9c4: ;   {oop("null"{0x00000000800451d0})}
  0x000079587495c9c4: 48be d051 | 0480 0000 | 0000 e9b4 | 0000 0048 | 3b02 488b 

  0x000079587495c9d8: ;   {metadata(method data for {method} {0x0000795827455910} 'valueOf' '(Ljava/lang/Object;)Ljava/lang/String;' in 'java/lang/String')}
  0x000079587495c9d8: f248 bf58 | 1b0f 1c58 | 7900 008b | 7608 49ba | 0000 0027 | 5879 0000 | 4903 f248 | 3bb7 8001 
  0x000079587495c9f8: 0000 750d | 4883 8788 | 0100 0001 | e960 0000 | 0048 3bb7 | 9001 0000 | 750d 4883 | 8798 0100 
  0x000079587495ca18: 0001 e94a | 0000 0048 | 83bf 8001 | 0000 0075 | 1748 89b7 | 8001 0000 | 48c7 8788 | 0100 0001 
  0x000079587495ca38: 0000 00e9 | 2900 0000 | 4883 bf90 | 0100 0000 | 7517 4889 | b790 0100 | 0048 c787 | 9801 0000 
  0x000079587495ca58: 0100 0000 | e908 0000 | 0048 8387 | 7001 0000 | 0148 8bf2 | 9048 b8ff | ffff ffff 

  0x000079587495ca74: ;   {virtual_call}
  0x000079587495ca74: ffff ffe8 

  0x000079587495ca78: ; ImmutableOopMap {[152]=Oop [160]=Oop [168]=Oop }
                      ;*invokevirtual toString {reexecute=0 rethrow=0 return_oop=0}
                      ; - java.lang.String::valueOf@11
                      ; - org.eclipse.jdt.internal.core.search.matching.JavaSearchNameEnvironment::<init>@74 (line 90)
  0x000079587495ca78: 048f a204 

  0x000079587495ca7c: ;   {other}
  0x000079587495ca7c: 0f1f 8400 | ec11 0004 | 488b f090 

  0x000079587495ca88: ;   {no_reloc}
  0x000079587495ca88: e9c5 2700 | 0090 9090 | 9090 0f1f 

  0x000079587495ca94: ;   {static_call}
  0x000079587495ca94: 4400 00e8 

  0x000079587495ca98: ; ImmutableOopMap {[152]=Oop [160]=Oop [168]=Oop }
                      ;*invokedynamic {reexecute=0 rethrow=0 return_oop=0}
                      ; - org.eclipse.jdt.internal.core.search.matching.JavaSearchNameEnvironment::<init>@77 (line 90)
  0x000079587495ca98: e493 a204 

  0x000079587495ca9c: ;   {other}
  0x000079587495ca9c: 0f1f 8400 | 0c12 0005 

  0x000079587495caa4: ;   {metadata(method data for {method} {0x000079581f69ff28} '<init>' '(Lorg/eclipse/jdt/core/IJavaProject;[Lorg/eclipse/jdt/core/ICompilationUnit;)V' in 'org/eclipse/jdt/internal/core/search/matching/JavaSearchNameEnvironment')}
  0x000079587495caa4: 48ba c0a9 | 6e19 5779 | 0000 488d | 9218 0200 | 0048 85c0 | 750a f602 | 0175 05f0 | 4883 0a01 
  0x000079587495cac4: ;   {metadata(method data for {method} {0x000079581f69ff28} '<init>' '(Lorg/eclipse/jdt/core/IJavaProject;[Lorg/eclipse/jdt/core/ICompilationUnit;)V' in 'org/eclipse/jdt/internal/core/search/matching/JavaSearchNameEnvironment')}
  0x000079587495cac4: 48ba c0a9 | 6e19 5779 | 0000 4883 | 8228 0200 

  0x000079587495cad4: ;   {metadata(method data for {method} {0x000079581d2ad320} 'trace' '(Ljava/lang/String;)V' in 'org/eclipse/jdt/internal/core/JavaModelManager')}
  0x000079587495cad4: 0001 48ba | 4853 a41d | 5879 0000 | 8bb2 f400 | 0000 83c6 | 0289 b2f4 | 0000 0081 | e6fe ff1f 
  0x000079587495caf4: 0085 f60f | 845f 2700 

  0x000079587495cafc: ;   {oop(a 'java/lang/Class'{0x000000008183f860} = 'org/eclipse/jdt/internal/core/JavaModelManager')}
  0x000079587495cafc: 0048 ba60 | f883 8100 | 0000 000f | be92 ad01 | 0000 85d2 

  0x000079587495cb10: ;   {metadata(method data for {method} {0x000079581d2ad320} 'trace' '(Ljava/lang/String;)V' in 'org/eclipse/jdt/internal/core/JavaModelManager')}
  0x000079587495cb10: 48ba 4853 | a41d 5879 | 0000 48c7 | c638 0100 | 0074 0748 | c7c6 4801 | 0000 488b | 3c32 488d 
  0x000079587495cb30: 7f01 4889 | 3c32 0f84 | 5d00 0000 

  0x000079587495cb3c: ;   {oop(a 'java/lang/Class'{0x000000008007f040} = 'java/lang/System')}
  0x000079587495cb3c: 48ba 40f0 | 0780 0000 | 0000 8b72 | 7448 3b06 

  0x000079587495cb4c: ;   {metadata(method data for {method} {0x000079581d2ad320} 'trace' '(Ljava/lang/String;)V' in 'org/eclipse/jdt/internal/core/JavaModelManager')}
  0x000079587495cb4c: 488b d648 | bf48 53a4 | 1d58 7900 

  0x000079587495cb58: ;   {metadata('java/io/PrintStream')}
  0x000079587495cb58: 0049 bac8 | a300 2758 | 7900 004c | 8997 6801 | 0000 4883 | 8770 0100 | 0001 488b 

  0x000079587495cb74: ;   {optimized virtual_call}
  0x000079587495cb74: d066 90e8 

  0x000079587495cb78: ; ImmutableOopMap {[152]=Oop [160]=Oop [168]=Oop }
                      ;*invokevirtual println {reexecute=0 rethrow=0 return_oop=0}
                      ; - org.eclipse.jdt.internal.core.JavaModelManager::trace@10 (line 4705)
                      ; - org.eclipse.jdt.internal.core.search.matching.JavaSearchNameEnvironment::<init>@82 (line 90)
  0x000079587495cb78: 0489 a204 

  0x000079587495cb7c: ;   {other}
  0x000079587495cb7c: 0f1f 8400 | ec12 0006 

  0x000079587495cb84: ;   {metadata(method data for {method} {0x000079581d2ad320} 'trace' '(Ljava/lang/String;)V' in 'org/eclipse/jdt/internal/core/JavaModelManager')}
  0x000079587495cb84: 48ba 4853 | a41d 5879 | 0000 ff82 | 9001 0000 | e93b 0000 

  0x000079587495cb98: ;   {oop(a 'java/lang/Class'{0x000000008183f860} = 'org/eclipse/jdt/internal/core/JavaModelManager')}
  0x000079587495cb98: 0048 ba60 | f883 8100 | 0000 008b | b260 0100 

  0x000079587495cba8: ;   {oop(nullptr)}
  0x000079587495cba8: 0048 ba00 | 0000 0000 | 0000 0048 | 8bc8 0f1f | 8000 0000 | 0048 b8ff | ffff ffff 

  0x000079587495cbc4: ;   {virtual_call}
  0x000079587495cbc4: ffff ffe8 

  0x000079587495cbc8: ; ImmutableOopMap {[152]=Oop [160]=Oop [168]=Oop }
                      ;*invokeinterface trace {reexecute=0 rethrow=0 return_oop=0}
                      ; - org.eclipse.jdt.internal.core.JavaModelManager::trace@21 (line 4707)
                      ; - org.eclipse.jdt.internal.core.search.matching.JavaSearchNameEnvironment::<init>@82 (line 90)
  0x000079587495cbc8: b48d a204 

  0x000079587495cbcc: ;   {other}
  0x000079587495cbcc: 0f1f 8400 | 3c13 0007 | 488b 8c24 | a800 0000 

  0x000079587495cbdc: ;   {metadata(method data for {method} {0x000079581f69ff28} '<init>' '(Lorg/eclipse/jdt/core/IJavaProject;[Lorg/eclipse/jdt/core/ICompilationUnit;)V' in 'org/eclipse/jdt/internal/core/search/matching/JavaSearchNameEnvironment')}
  0x000079587495cbdc: 4885 c948 | bec0 a96e | 1957 7900 | 0048 c7c2 | 3802 0000 | 7507 48c7 | c248 0200 | 0048 8b3c 
  0x000079587495cbfc: 1648 8d7f | 0148 893c | 160f 851a 

  0x000079587495cc08: ;   {metadata(method data for {method} {0x000079581f69ff28} '<init>' '(Lorg/eclipse/jdt/core/IJavaProject;[Lorg/eclipse/jdt/core/ICompilationUnit;)V' in 'org/eclipse/jdt/internal/core/search/matching/JavaSearchNameEnvironment')}
  0x000079587495cc08: 0000 0048 | bec0 a96e | 1957 7900 | 00ff 8658 | 0200 00be | 0000 0000 | e903 0000 | 008b 710c 
  0x000079587495cc28: ;   {no_reloc}
  0x000079587495cc28: e969 2600 | 0090 9090 | 9090 0f1f 

  0x000079587495cc34: ;   {static_call}
  0x000079587495cc34: 4400 00e8 

  0x000079587495cc38: ; ImmutableOopMap {[152]=Oop [160]=Oop [168]=Oop }
                      ;*invokedynamic {reexecute=0 rethrow=0 return_oop=0}
                      ; - org.eclipse.jdt.internal.core.search.matching.JavaSearchNameEnvironment::<init>@95 (line 91)
  0x000079587495cc38: 4492 a204 

  0x000079587495cc3c: ;   {other}
  0x000079587495cc3c: 0f1f 8400 | ac13 0008 

  0x000079587495cc44: ;   {metadata(method data for {method} {0x000079581f69ff28} '<init>' '(Lorg/eclipse/jdt/core/IJavaProject;[Lorg/eclipse/jdt/core/ICompilationUnit;)V' in 'org/eclipse/jdt/internal/core/search/matching/JavaSearchNameEnvironment')}
  0x000079587495cc44: 48ba c0a9 | 6e19 5779 | 0000 488d | 9280 0200 | 0048 85c0 | 750a f602 | 0175 05f0 | 4883 0a01 
  0x000079587495cc64: ;   {metadata(method data for {method} {0x000079581f69ff28} '<init>' '(Lorg/eclipse/jdt/core/IJavaProject;[Lorg/eclipse/jdt/core/ICompilationUnit;)V' in 'org/eclipse/jdt/internal/core/search/matching/JavaSearchNameEnvironment')}
  0x000079587495cc64: 48ba c0a9 | 6e19 5779 | 0000 4883 | 8290 0200 

  0x000079587495cc74: ;   {metadata(method data for {method} {0x000079581d2ad320} 'trace' '(Ljava/lang/String;)V' in 'org/eclipse/jdt/internal/core/JavaModelManager')}
  0x000079587495cc74: 0001 48ba | 4853 a41d | 5879 0000 | 8bb2 f400 | 0000 83c6 | 0289 b2f4 | 0000 0081 | e6fe ff1f 
  0x000079587495cc94: 0085 f60f | 8403 2600 

  0x000079587495cc9c: ;   {oop(a 'java/lang/Class'{0x000000008183f860} = 'org/eclipse/jdt/internal/core/JavaModelManager')}
  0x000079587495cc9c: 0048 ba60 | f883 8100 | 0000 000f | be92 ad01 | 0000 85d2 

  0x000079587495ccb0: ;   {metadata(method data for {method} {0x000079581d2ad320} 'trace' '(Ljava/lang/String;)V' in 'org/eclipse/jdt/internal/core/JavaModelManager')}
  0x000079587495ccb0: 48ba 4853 | a41d 5879 | 0000 48c7 | c638 0100 | 0074 0748 | c7c6 4801 | 0000 488b | 3c32 488d 
  0x000079587495ccd0: 7f01 4889 | 3c32 0f84 | 5d00 0000 

  0x000079587495ccdc: ;   {oop(a 'java/lang/Class'{0x000000008007f040} = 'java/lang/System')}
  0x000079587495ccdc: 48ba 40f0 | 0780 0000 | 0000 8b72 | 7448 3b06 

  0x000079587495ccec: ;   {metadata(method data for {method} {0x000079581d2ad320} 'trace' '(Ljava/lang/String;)V' in 'org/eclipse/jdt/internal/core/JavaModelManager')}
  0x000079587495ccec: 488b d648 | bf48 53a4 | 1d58 7900 

  0x000079587495ccf8: ;   {metadata('java/io/PrintStream')}
  0x000079587495ccf8: 0049 bac8 | a300 2758 | 7900 004c | 8997 6801 | 0000 4883 | 8770 0100 | 0001 488b 

  0x000079587495cd14: ;   {optimized virtual_call}
  0x000079587495cd14: d066 90e8 

  0x000079587495cd18: ; ImmutableOopMap {[152]=Oop [160]=Oop [168]=Oop }
                      ;*invokevirtual println {reexecute=0 rethrow=0 return_oop=0}
                      ; - org.eclipse.jdt.internal.core.JavaModelManager::trace@10 (line 4705)
                      ; - org.eclipse.jdt.internal.core.search.matching.JavaSearchNameEnvironment::<init>@100 (line 91)
  0x000079587495cd18: 6487 a204 

  0x000079587495cd1c: ;   {other}
  0x000079587495cd1c: 0f1f 8400 | 8c14 0009 

  0x000079587495cd24: ;   {metadata(method data for {method} {0x000079581d2ad320} 'trace' '(Ljava/lang/String;)V' in 'org/eclipse/jdt/internal/core/JavaModelManager')}
  0x000079587495cd24: 48ba 4853 | a41d 5879 | 0000 ff82 | 9001 0000 | e93b 0000 

  0x000079587495cd38: ;   {oop(a 'java/lang/Class'{0x000000008183f860} = 'org/eclipse/jdt/internal/core/JavaModelManager')}
  0x000079587495cd38: 0048 ba60 | f883 8100 | 0000 008b | b260 0100 

  0x000079587495cd48: ;   {oop(nullptr)}
  0x000079587495cd48: 0048 ba00 | 0000 0000 | 0000 0048 | 8bc8 0f1f | 8000 0000 | 0048 b8ff | ffff ffff 

  0x000079587495cd64: ;   {virtual_call}
  0x000079587495cd64: ffff ffe8 

  0x000079587495cd68: ; ImmutableOopMap {[152]=Oop [160]=Oop [168]=Oop }
                      ;*invokeinterface trace {reexecute=0 rethrow=0 return_oop=0}
                      ; - org.eclipse.jdt.internal.core.JavaModelManager::trace@21 (line 4707)
                      ; - org.eclipse.jdt.internal.core.search.matching.JavaSearchNameEnvironment::<init>@100 (line 91)
  0x000079587495cd68: 148c a204 

  0x000079587495cd6c: ;   {other}
  0x000079587495cd6c: 0f1f 8400 | dc14 000a 

  0x000079587495cd74: ;   {metadata(method data for {method} {0x000079581f69ff28} '<init>' '(Lorg/eclipse/jdt/core/IJavaProject;[Lorg/eclipse/jdt/core/ICompilationUnit;)V' in 'org/eclipse/jdt/internal/core/search/matching/JavaSearchNameEnvironment')}
  0x000079587495cd74: 48be c0a9 | 6e19 5779 | 0000 4883 | 86a0 0200 

  0x000079587495cd84: ;   {runtime_call os::javaTimeMillis()}
  0x000079587495cd84: 0001 e885 

  0x000079587495cd88: ;   {other}
  0x000079587495cd88: c71b 160f | 1f84 0000 | 0000 0048 | 8bf8 4889 | bc24 b000 | 0000 488b | 9424 a000 | 0000 488b 
  0x000079587495cda8: b424 9800 | 0000 4885 

  0x000079587495cdb0: ;   {metadata(method data for {method} {0x000079581f69ff28} '<init>' '(Lorg/eclipse/jdt/core/IJavaProject;[Lorg/eclipse/jdt/core/ICompilationUnit;)V' in 'org/eclipse/jdt/internal/core/search/matching/JavaSearchNameEnvironment')}
  0x000079587495cdb0: d275 1648 | b8c0 a96e | 1957 7900 | 0080 88a9 | 0200 0001 | e9ce 0000 

  0x000079587495cdc8: ;   {metadata('org/eclipse/jdt/internal/core/JavaProject')}
  0x000079587495cdc8: 0049 b890 | 9728 2858 | 7900 008b | 4208 49ba | 0000 0027 | 5879 0000 | 4903 c24c | 3b40 500f 
  0x000079587495cde8: 858e 0000 

  0x000079587495cdec: ;   {metadata(method data for {method} {0x000079581f69ff28} '<init>' '(Lorg/eclipse/jdt/core/IJavaProject;[Lorg/eclipse/jdt/core/ICompilationUnit;)V' in 'org/eclipse/jdt/internal/core/search/matching/JavaSearchNameEnvironment')}
  0x000079587495cdec: 0048 b8c0 | a96e 1957 | 7900 0044 | 8b42 0849 | ba00 0000 | 2758 7900 | 004d 03c2 | 4c3b 80c0 
  0x000079587495ce0c: 0200 0075 | 0d48 8380 | c802 0000 | 01e9 7900 | 0000 4c3b | 80d0 0200 | 0075 0d48 | 8380 d802 
  0x000079587495ce2c: 0000 01e9 | 6300 0000 | 4883 b8c0 | 0200 0000 | 7517 4c89 | 80c0 0200 | 0048 c780 | c802 0000 
  0x000079587495ce4c: 0100 0000 | e942 0000 | 0048 83b8 | d002 0000 | 0075 174c | 8980 d002 | 0000 48c7 | 80d8 0200 
  0x000079587495ce6c: 0001 0000 | 00e9 2100 | 0000 e91c 

  0x000079587495ce78: ;   {metadata(method data for {method} {0x000079581f69ff28} '<init>' '(Lorg/eclipse/jdt/core/IJavaProject;[Lorg/eclipse/jdt/core/ICompilationUnit;)V' in 'org/eclipse/jdt/internal/core/search/matching/JavaSearchNameEnvironment')}
  0x000079587495ce78: 0000 0048 | b8c0 a96e | 1957 7900 | 0048 83a8 | b002 0000 | 01e9 3424 | 0000 e900 | 0000 0048 
  0x000079587495ce98: ;   {metadata(method data for {method} {0x000079581f69ff28} '<init>' '(Lorg/eclipse/jdt/core/IJavaProject;[Lorg/eclipse/jdt/core/ICompilationUnit;)V' in 'org/eclipse/jdt/internal/core/search/matching/JavaSearchNameEnvironment')}
  0x000079587495ce98: 8bde 48b8 | c0a9 6e19 | 5779 0000 | 4883 80e8 | 0200 0001 

  0x000079587495ceac: ;   {metadata(method data for {method} {0x000079581f6a8570} 'computeClasspathLocations' '(Lorg/eclipse/jdt/internal/core/JavaProject;)Ljava/util/LinkedHashSet;' in 'org/eclipse/jdt/internal/core/search/matching/JavaSearchNameEnvironment')}
  0x000079587495ceac: 48bb 28b4 | 6e19 5779 | 0000 8b83 | f400 0000 | 83c0 0289 | 83f4 0000 | 0025 feff | 1f00 85c0 
  0x000079587495cecc: 0f84 fd23 | 0000 488b 

  0x000079587495ced4: ;   {metadata(method data for {method} {0x000079581f6a8570} 'computeClasspathLocations' '(Lorg/eclipse/jdt/internal/core/JavaProject;)Ljava/util/LinkedHashSet;' in 'org/eclipse/jdt/internal/core/search/matching/JavaSearchNameEnvironment')}
  0x000079587495ced4: de48 b828 | b46e 1957 | 7900 0048 | 8380 3801 | 0000 01b9 | 0000 0000 | 488b c648 | 8bf0 0f1f 
  0x000079587495cef4: ;   {optimized virtual_call}
  0x000079587495cef4: 4400 00e8 

  0x000079587495cef8: ; ImmutableOopMap {[152]=Oop [168]=Oop }
                      ;*invokevirtual computeClasspathLocations {reexecute=0 rethrow=0 return_oop=0}
                      ; - org.eclipse.jdt.internal.core.search.matching.JavaSearchNameEnvironment::computeClasspathLocations@3 (line 187)
                      ; - org.eclipse.jdt.internal.core.search.matching.JavaSearchNameEnvironment::<init>@113 (line 95)
  0x000079587495cef8: e41c c505 

  0x000079587495cefc: ;   {other}
  0x000079587495cefc: 0f1f 8400 | 6c16 000b | 488b b424 | 9800 0000 | 4c8b d044 | 8956 1048 | 8d3e 48c1 | ef09 48bb 
  0x000079587495cf1c: 0090 3289 | 5879 0000 | c604 1f00 

  0x000079587495cf28: ;   {metadata(method data for {method} {0x000079581f69ff28} '<init>' '(Lorg/eclipse/jdt/core/IJavaProject;[Lorg/eclipse/jdt/core/ICompilationUnit;)V' in 'org/eclipse/jdt/internal/core/search/matching/JavaSearchNameEnvironment')}
  0x000079587495cf28: 48bf c0a9 | 6e19 5779 | 0000 4883 | 8720 0300 | 0001 488b | b424 a800 | 0000 4889 | 9c24 b800 
  0x000079587495cf48: 0000 0f1f 

  0x000079587495cf4c: ;   {static_call}
  0x000079587495cf4c: 4400 00e8 

  0x000079587495cf50: ; ImmutableOopMap {[152]=Oop }
                      ;*invokestatic getWorkingCopyMap {reexecute=0 rethrow=0 return_oop=0}
                      ; - org.eclipse.jdt.internal.core.search.matching.JavaSearchNameEnvironment::<init>@121 (line 96)
  0x000079587495cf50: 6c0e d6fe 

  0x000079587495cf54: ;   {other}
  0x000079587495cf54: 0f1f 8400 | c416 000c | 488b b424 | 9800 0000 | 4c8b d044 | 8956 2448 | 8d3e 48c1 | ef09 488b 
  0x000079587495cf74: 9c24 b800 | 0000 c604 | 1f00 483b | 0048 8bf8 

  0x000079587495cf84: ;   {metadata(method data for {method} {0x000079581f69ff28} '<init>' '(Lorg/eclipse/jdt/core/IJavaProject;[Lorg/eclipse/jdt/core/ICompilationUnit;)V' in 'org/eclipse/jdt/internal/core/search/matching/JavaSearchNameEnvironment')}
  0x000079587495cf84: 48bb c0a9 | 6e19 5779 | 0000 8b7f | 0849 ba00 | 0000 2758 | 7900 0049 | 03fa 483b | bb40 0300 
  0x000079587495cfa4: 0075 0d48 | 8383 4803 | 0000 01e9 | 6000 0000 | 483b bb50 | 0300 0075 | 0d48 8383 | 5803 0000 
  0x000079587495cfc4: 01e9 4a00 | 0000 4883 | bb40 0300 | 0000 7517 | 4889 bb40 | 0300 0048 | c783 4803 | 0000 0100 
  0x000079587495cfe4: 0000 e929 | 0000 0048 | 83bb 5003 | 0000 0075 | 1748 89bb | 5003 0000 | 48c7 8358 | 0300 0001 
  0x000079587495d004: 0000 00e9 | 0800 0000 | 4883 8330 | 0300 0001 | 488b f066 | 0f1f 4400 | 0048 b878 | b608 2758 
  0x000079587495d024: ;   {virtual_call}
  0x000079587495d024: 7900 00e8 

  0x000079587495d028: ; ImmutableOopMap {[152]=Oop }
                      ;*invokeinterface size {reexecute=0 rethrow=0 return_oop=0}
                      ; - org.eclipse.jdt.internal.core.search.matching.JavaSearchNameEnvironment::<init>@131 (line 99)
  0x000079587495d028: 749b f704 

  0x000079587495d02c: ;   {other}
  0x000079587495d02c: 0f1f 8400 | 9c17 000d 

  0x000079587495d034: ;   {metadata(method data for {method} {0x000079581f69ff28} '<init>' '(Lorg/eclipse/jdt/core/IJavaProject;[Lorg/eclipse/jdt/core/ICompilationUnit;)V' in 'org/eclipse/jdt/internal/core/search/matching/JavaSearchNameEnvironment')}
  0x000079587495d034: 85c0 48ba | c0a9 6e19 | 5779 0000 | 48c7 c668 | 0300 007e | 0748 c7c6 | 7803 0000 | 488b 3c32 
  0x000079587495d054: 488d 7f01 | 4889 3c32 | 0f8e 5716 | 0000 488b | b424 9800 | 0000 8b5e | 1048 3b03 

  0x000079587495d070: ;   {metadata(method data for {method} {0x000079581f69ff28} '<init>' '(Lorg/eclipse/jdt/core/IJavaProject;[Lorg/eclipse/jdt/core/ICompilationUnit;)V' in 'org/eclipse/jdt/internal/core/search/matching/JavaSearchNameEnvironment')}
  0x000079587495d070: 488b d348 | bfc0 a96e | 1957 7900 | 008b 5208 | 49ba 0000 | 0027 5879 | 0000 4903 | d248 3b97 
  0x000079587495d090: 9803 0000 | 750d 4883 | 87a0 0300 | 0001 e960 | 0000 0048 | 3b97 a803 | 0000 750d | 4883 87b0 
  0x000079587495d0b0: 0300 0001 | e94a 0000 | 0048 83bf | 9803 0000 | 0075 1748 | 8997 9803 | 0000 48c7 | 87a0 0300 
  0x000079587495d0d0: 0001 0000 | 00e9 2900 | 0000 4883 | bfa8 0300 | 0000 7517 | 4889 97a8 | 0300 0048 | c787 b003 
  0x000079587495d0f0: 0000 0100 | 0000 e908 | 0000 0048 | 8387 8803 

  0x000079587495d100: ;   {metadata(method data for {method} {0x0000795827058b88} 'stream' '()Ljava/util/stream/Stream;' in 'java/util/Collection')}
  0x000079587495d100: 0000 0148 | ba20 f492 | 1c58 7900 | 008b baf4 | 0000 0083 | c702 89ba | f400 0000 | 81e7 feff 
  0x000079587495d120: 1f00 85ff | 0f84 d021 | 0000 488b 

  0x000079587495d12c: ;   {metadata(method data for {method} {0x0000795827058b88} 'stream' '()Ljava/util/stream/Stream;' in 'java/util/Collection')}
  0x000079587495d12c: d348 bf20 | f492 1c58 | 7900 008b | 5208 49ba | 0000 0027 | 5879 0000 | 4903 d248 | 3b97 4801 
  0x000079587495d14c: 0000 750d | 4883 8750 | 0100 0001 | e960 0000 | 0048 3b97 | 5801 0000 | 750d 4883 | 8760 0100 
  0x000079587495d16c: 0001 e94a | 0000 0048 | 83bf 4801 | 0000 0075 | 1748 8997 | 4801 0000 | 48c7 8750 | 0100 0001 
  0x000079587495d18c: 0000 00e9 | 2900 0000 | 4883 bf58 | 0100 0000 | 7517 4889 | 9758 0100 | 0048 c787 | 6001 0000 
  0x000079587495d1ac: 0100 0000 | e908 0000 | 0048 8387 | 3801 0000 

  0x000079587495d1bc: ;   {metadata(method data for {method} {0x00007958270f4da0} 'spliterator' '()Ljava/util/Spliterator;' in 'java/util/LinkedHashSet')}
  0x000079587495d1bc: 0148 baa0 | 973e 1f58 | 7900 008b | baf4 0000 | 0083 c702 | 89ba f400 | 0000 81e7 | feff 1f00 
  0x000079587495d1dc: 85ff 0f84 | 3721 0000 

  0x000079587495d1e4: ;   {metadata(method data for {method} {0x00007958270f4da0} 'spliterator' '()Ljava/util/Spliterator;' in 'java/util/LinkedHashSet')}
  0x000079587495d1e4: 48ba a097 | 3e1f 5879 | 0000 4883 | 8238 0100 

  0x000079587495d1f4: ;   {metadata(method data for {method} {0x00007958270eaa48} 'spliterator' '(Ljava/util/Collection;I)Ljava/util/Spliterator;' in 'java/util/Spliterators')}
  0x000079587495d1f4: 0001 48ba | c009 9f1e | 5879 0000 | 8bba f400 | 0000 83c7 | 0289 baf4 | 0000 0081 | e7fe ff1f 
  0x000079587495d214: 0085 ff0f | 841f 2100 

  0x000079587495d21c: ;   {metadata('java/util/Spliterators$IteratorSpliterator')}
  0x000079587495d21c: 0048 ba28 | ce2f 2758 | 7900 0049 | 8b87 b801 | 0000 488d | 7828 493b | bfc8 0100 | 000f 871e 
  0x000079587495d23c: 2100 0049 | 89bf b801 | 0000 48c7 | 0001 0000 | 0048 8bca | 49ba 0000 | 0027 5879 | 0000 492b 
  0x000079587495d25c: ca89 4808 | 4833 c989 | 480c 4833 | c948 8948 | 1048 8948 | 1848 8948 | 2048 8984 | 24c0 0000 
  0x000079587495d27c: ;   {metadata(method data for {method} {0x00007958270eaa48} 'spliterator' '(Ljava/util/Collection;I)Ljava/util/Spliterator;' in 'java/util/Spliterators')}
  0x000079587495d27c: 0048 bac0 | 099f 1e58 | 7900 0048 | 8382 3801 

  0x000079587495d28c: ;   {metadata(method data for {method} {0x0000795827056360} 'requireNonNull' '(Ljava/lang/Object;)Ljava/lang/Object;' in 'java/util/Objects')}
  0x000079587495d28c: 0000 0148 | ba60 cd00 | 1c58 7900 | 008b 8af4 | 0000 0083 | c102 898a | f400 0000 | 81e1 feff 
  0x000079587495d2ac: 1f00 85c9 | 0f84 b420 | 0000 4885 

  0x000079587495d2b8: ;   {metadata(method data for {method} {0x0000795827056360} 'requireNonNull' '(Ljava/lang/Object;)Ljava/lang/Object;' in 'java/util/Objects')}
  0x000079587495d2b8: db48 ba60 | cd00 1c58 | 7900 0048 | c7c1 4801 | 0000 7407 | 48c7 c138 | 0100 0048 | 8b34 0a48 
  0x000079587495d2d8: 8d76 0148 | 8934 0a0f | 8424 1c00 | 0048 8bd0 

  0x000079587495d2e8: ;   {metadata(method data for {method} {0x00007958270eaa48} 'spliterator' '(Ljava/util/Collection;I)Ljava/util/Spliterator;' in 'java/util/Spliterators')}
  0x000079587495d2e8: 48b9 c009 | 9f1e 5879 | 0000 4883 | 8180 0100 | 0001 488b | d3b9 1100 | 0000 488b 

  0x000079587495d304: ;   {optimized virtual_call}
  0x000079587495d304: f066 90e8 

  0x000079587495d308: ; ImmutableOopMap {[152]=Oop [192]=Oop }
                      ;*invokespecial <init> {reexecute=0 rethrow=0 return_oop=0}
                      ; - java.util.Spliterators::spliterator@12
                      ; - java.util.LinkedHashSet::spliterator@3
                      ; - java.util.Collection::stream@1
                      ; - org.eclipse.jdt.internal.core.search.matching.JavaSearchNameEnvironment::<init>@143 (line 100)
  0x000079587495d308: b4b0 8ffe 

  0x000079587495d30c: ;   {other}
  0x000079587495d30c: 0f1f 8400 | 7c1a 000e 

  0x000079587495d314: ;   {metadata(method data for {method} {0x0000795827058b88} 'stream' '()Ljava/util/stream/Stream;' in 'java/util/Collection')}
  0x000079587495d314: 48be 20f4 | 921c 5879 | 0000 4883 | 8670 0100 | 0001 488b | b424 c000 | 0000 ba00 | 0000 000f 
  0x000079587495d334: ;   {static_call}
  0x000079587495d334: 1f40 00e8 

  0x000079587495d338: ; ImmutableOopMap {[152]=Oop }
                      ;*invokestatic stream {reexecute=0 rethrow=0 return_oop=0}
                      ; - java.util.Collection::stream@7
                      ; - org.eclipse.jdt.internal.core.search.matching.JavaSearchNameEnvironment::<init>@143 (line 100)
  0x000079587495d338: e453 0205 

  0x000079587495d33c: ;   {other}
  0x000079587495d33c: 0f1f 8400 | ac1a 000f | 4889 8424 | d000 0000 

  0x000079587495d34c: ;   {oop(a 'java/lang/Class'{0x00000000875c9300} = 'org/eclipse/jdt/internal/core/search/matching/ClasspathSourceDirectory')}
  0x000079587495d34c: 48ba 0093 | 5c87 0000 | 0000 488b 

  0x000079587495d358: ;   {metadata(method data for {method} {0x000079581f69ff28} '<init>' '(Lorg/eclipse/jdt/core/IJavaProject;[Lorg/eclipse/jdt/core/ICompilationUnit;)V' in 'org/eclipse/jdt/internal/core/search/matching/JavaSearchNameEnvironment')}
  0x000079587495d358: f248 bfc0 | a96e 1957 | 7900 0048 | 8387 c003 | 0000 018b | 5208 49ba | 0000 0027 | 5879 0000 
  0x000079587495d378: 4903 d248 | 8b52 7048 

  0x000079587495d380: ;   {metadata(method data for {method} {0x00007958270ae8b8} 'linkToTargetMethod' '(Ljava/lang/Object;Ljava/lang/Object;)Ljava/lang/Object;' in 'java/lang/invoke/Invokers$Holder')}
  0x000079587495d380: 8b12 48ba | 88b2 3f1c | 5879 0000 | 488d 9228 

  0x000079587495d390: ;   {oop(a 'java/lang/invoke/DirectMethodHandle$Constructor'{0x00000000890b5148})}
  0x000079587495d390: 0200 0048 | bf48 510b | 8900 0000 | 0048 85ff | 750c f642 | 1001 7506 | f048 834a 

  0x000079587495d3ac: ;   {metadata(method data for {method} {0x000079581f69ff28} '<init>' '(Lorg/eclipse/jdt/core/IJavaProject;[Lorg/eclipse/jdt/core/ICompilationUnit;)V' in 'org/eclipse/jdt/internal/core/search/matching/JavaSearchNameEnvironment')}
  0x000079587495d3ac: 1001 48ba | c0a9 6e19 | 5779 0000 | 4883 82f8 | 0300 0001 

  0x000079587495d3c0: ;   {metadata(method data for {method} {0x00007958270ae8b8} 'linkToTargetMethod' '(Ljava/lang/Object;Ljava/lang/Object;)Ljava/lang/Object;' in 'java/lang/invoke/Invokers$Holder')}
  0x000079587495d3c0: 48ba 88b2 | 3f1c 5879 | 0000 8bb2 | f400 0000 | 83c6 0289 | b2f4 0000 | 0081 e6fe | ff1f 0085 
  0x000079587495d3e0: f60f 84a9 

  0x000079587495d3e4: ;   {metadata(method data for {method} {0x00007958270b4ad8} 'newInvokeSpecial' '(Ljava/lang/Object;Ljava/lang/Object;)Ljava/lang/Object;' in 'java/lang/invoke/DirectMethodHandle$Holder')}
  0x000079587495d3e4: 1f00 0048 | ba58 d93f | 1c58 7900 | 0048 8d92 | 6802 0000 | 4885 ff75 | 0af6 0201 | 7505 f048 
  0x000079587495d404: ;   {metadata(method data for {method} {0x00007958270ae8b8} 'linkToTargetMethod' '(Ljava/lang/Object;Ljava/lang/Object;)Ljava/lang/Object;' in 'java/lang/invoke/Invokers$Holder')}
  0x000079587495d404: 830a 0148 | ba88 b23f | 1c58 7900 | 0048 8382 | 7001 0000 

  0x000079587495d418: ;   {metadata(method data for {method} {0x00007958270b4ad8} 'newInvokeSpecial' '(Ljava/lang/Object;Ljava/lang/Object;)Ljava/lang/Object;' in 'java/lang/invoke/DirectMethodHandle$Holder')}
  0x000079587495d418: 0148 ba58 | d93f 1c58 | 7900 008b | b2f4 0000 | 0083 c602 | 89b2 f400 | 0000 81e6 | feff 1f00 
  0x000079587495d438: 85f6 0f84 | 711f 0000 

  0x000079587495d440: ;   {metadata(method data for {method} {0x00007958270b4ad8} 'newInvokeSpecial' '(Ljava/lang/Object;Ljava/lang/Object;)Ljava/lang/Object;' in 'java/lang/invoke/DirectMethodHandle$Holder')}
  0x000079587495d440: 48ba 58d9 | 3f1c 5879 | 0000 488d | 9248 0100 | 0048 85ff | 750c f642 | 0801 7506 | f048 834a 
  0x000079587495d460: ;   {metadata(method data for {method} {0x00007958270b4ad8} 'newInvokeSpecial' '(Ljava/lang/Object;Ljava/lang/Object;)Ljava/lang/Object;' in 'java/lang/invoke/DirectMethodHandle$Holder')}
  0x000079587495d460: 0801 48ba | 58d9 3f1c | 5879 0000 | 4883 8238 | 0100 0001 

  0x000079587495d474: ;   {metadata(method data for {method} {0x00007958270a1638} 'allocateInstance' '(Ljava/lang/Object;)Ljava/lang/Object;' in 'java/lang/invoke/DirectMethodHandle')}
  0x000079587495d474: 48ba 6854 | 2f1c 5879 | 0000 8bb2 | f400 0000 | 83c6 0289 | b2f4 0000 | 0081 e6fe | ff1f 0085 
  0x000079587495d494: f60f 8437 

  0x000079587495d498: ;   {oop(a 'jdk/internal/misc/Unsafe'{0x0000000080edc660})}
  0x000079587495d498: 1f00 0048 | be60 c6ed | 8000 0000 | 0048 8bd6 

  0x000079587495d4a8: ;   {metadata(method data for {method} {0x00007958270a1638} 'allocateInstance' '(Ljava/lang/Object;)Ljava/lang/Object;' in 'java/lang/invoke/DirectMethodHandle')}
  0x000079587495d4a8: 48bb 6854 | 2f1c 5879 | 0000 4883 | 8370 0100 

  0x000079587495d4b8: ;   {oop(a 'java/lang/Class'{0x00000000890b4ee0} = 'org/eclipse/jdt/internal/core/search/matching/JavaSearchNameEnvironment$$Lambda+0x00007958287bfb30')}
  0x000079587495d4b8: 0001 48ba | e04e 0b89 | 0000 0000 | 4889 bc24 | c800 0000 

  0x000079587495d4cc: ;   {optimized virtual_call}
  0x000079587495d4cc: 6666 90e8 

  0x000079587495d4d0: ; ImmutableOopMap {[152]=Oop [200]=Oop [208]=Oop }
                      ;*invokevirtual allocateInstance {reexecute=0 rethrow=0 return_oop=0}
                      ; - java.lang.invoke.DirectMethodHandle::allocateInstance@12
                      ; - java.lang.invoke.DirectMethodHandle$Holder::newInvokeSpecial@1
                      ; - java.lang.invoke.Invokers$Holder::linkToTargetMethod@5
                      ; - org.eclipse.jdt.internal.core.search.matching.JavaSearchNameEnvironment::<init>@153 (line 100)
  0x000079587495d4d0: ec76 fa04 

  0x000079587495d4d4: ;   {other}
  0x000079587495d4d4: 0f1f 8400 | 441c 0010 

  0x000079587495d4dc: ;   {metadata(method data for {method} {0x00007958270b4ad8} 'newInvokeSpecial' '(Ljava/lang/Object;Ljava/lang/Object;)Ljava/lang/Object;' in 'java/lang/invoke/DirectMethodHandle$Holder')}
  0x000079587495d4dc: 48ba 58d9 | 3f1c 5879 | 0000 488d | 9258 0100 | 0048 85c0 | 750a f602 | 0175 05f0 | 4883 0a01 
  0x000079587495d4fc: ;   {metadata(method data for {method} {0x00007958270b4ad8} 'newInvokeSpecial' '(Ljava/lang/Object;Ljava/lang/Object;)Ljava/lang/Object;' in 'java/lang/invoke/DirectMethodHandle$Holder')}
  0x000079587495d4fc: 48ba 58d9 | 3f1c 5879 | 0000 488d | 9278 0100 | 0048 8bbc | 24c8 0000 | 0048 85ff | 750c f642 
  0x000079587495d51c: 0801 7506 | f048 834a 

  0x000079587495d524: ;   {metadata(method data for {method} {0x00007958270b4ad8} 'newInvokeSpecial' '(Ljava/lang/Object;Ljava/lang/Object;)Ljava/lang/Object;' in 'java/lang/invoke/DirectMethodHandle$Holder')}
  0x000079587495d524: 0801 48ba | 58d9 3f1c | 5879 0000 | 4883 8268 | 0100 0001 

  0x000079587495d538: ;   {metadata(method data for {method} {0x00007958270a20e0} 'constructorMethod' '(Ljava/lang/Object;)Ljava/lang/Object;' in 'java/lang/invoke/DirectMethodHandle')}
  0x000079587495d538: 48ba 5056 | 2f1c 5879 | 0000 8bb2 | f400 0000 | 83c6 0289 | b2f4 0000 | 0081 e6fe | ff1f 0085 
  0x000079587495d558: f60f 8494 

  0x000079587495d55c: ;   {metadata(method data for {method} {0x00007958270b4ad8} 'newInvokeSpecial' '(Ljava/lang/Object;Ljava/lang/Object;)Ljava/lang/Object;' in 'java/lang/invoke/DirectMethodHandle$Holder')}
  0x000079587495d55c: 1e00 0048 | ba58 d93f | 1c58 7900 | 0048 8d92 | 8801 0000 

  0x000079587495d570: ;   {oop(a 'java/lang/invoke/MemberName'{0x00000000890b5200} = {method} {0x000079581feff9e8} '<init>' '(Ljava/lang/Class;)V' in 'org/eclipse/jdt/internal/core/search/matching/JavaSearchNameEnvironment$$Lambda+0x00007958287bfb30')}
  0x000079587495d570: 48be 0052 | 0b89 0000 | 0000 4885 | f675 0af6 | 0201 7505 | f048 830a | 0148 3b00 

  0x000079587495d58c: ;   {metadata(method data for {method} {0x00007958270b4ad8} 'newInvokeSpecial' '(Ljava/lang/Object;Ljava/lang/Object;)Ljava/lang/Object;' in 'java/lang/invoke/DirectMethodHandle$Holder')}
  0x000079587495d58c: 488b d048 | be58 d93f | 1c58 7900 | 0048 8386 | d001 0000 

  0x000079587495d5a0: ;   {metadata(method data for {method} {0x000079581feff9e8} '<init>' '(Ljava/lang/Class;)V' in 'org/eclipse/jdt/internal/core/search/matching/JavaSearchNameEnvironment$$Lambda+0x00007958287bfb30')}
  0x000079587495d5a0: 0148 ba20 | ba6e 1957 | 7900 008b | b2f4 0000 | 0083 c602 | 89b2 f400 | 0000 81e6 | feff 1f00 
  0x000079587495d5c0: 85f6 0f84 | 511e 0000 

  0x000079587495d5c8: ;   {metadata(method data for {method} {0x000079581feff9e8} '<init>' '(Ljava/lang/Class;)V' in 'org/eclipse/jdt/internal/core/search/matching/JavaSearchNameEnvironment$$Lambda+0x00007958287bfb30')}
  0x000079587495d5c8: 488b d048 | be20 ba6e | 1957 7900 | 0048 8386 | 3801 0000 

  0x000079587495d5dc: ;   {metadata(method data for {method} {0x0000795827475450} '<init>' '()V' in 'java/lang/Object')}
  0x000079587495d5dc: 0148 bac8 | 7f00 1c58 | 7900 008b | b2f4 0000 | 0083 c602 | 89b2 f400 | 0000 81e6 | feff 1f00 
  0x000079587495d5fc: 85f6 0f84 | 361e 0000 

  0x000079587495d604: ;   {oop(a 'java/lang/Class'{0x00000000875c9300} = 'org/eclipse/jdt/internal/core/search/matching/ClasspathSourceDirectory')}
  0x000079587495d604: 49ba 0093 | 5c87 0000 | 0000 4489 | 500c 488d | 1048 c1ea | 0948 be00 | 9032 8958 | 7900 00c6 
  0x000079587495d624: ;   {metadata(method data for {method} {0x00007958270ae8b8} 'linkToTargetMethod' '(Ljava/lang/Object;Ljava/lang/Object;)Ljava/lang/Object;' in 'java/lang/invoke/Invokers$Holder')}
  0x000079587495d624: 0432 0048 | ba88 b23f | 1c58 7900 | 0048 8d92 | b801 0000 | 4885 c075 | 0af6 0201 | 7505 f048 
  0x000079587495d644: ;   {metadata(method data for {method} {0x000079581f69ff28} '<init>' '(Lorg/eclipse/jdt/core/IJavaProject;[Lorg/eclipse/jdt/core/ICompilationUnit;)V' in 'org/eclipse/jdt/internal/core/search/matching/JavaSearchNameEnvironment')}
  0x000079587495d644: 830a 0148 | bac0 a96e | 1957 7900 | 0048 8d92 | 1804 0000 | 4885 c075 | 0cf6 0201 | 754d f048 
  0x000079587495d664: 830a 01eb | 468b 7008 | 49ba 0000 | 0027 5879 | 0000 4903 | f24c 8bd6 | 4833 3248 | f7c6 fcff 
  0x000079587495d684: ffff 7427 | 40f6 c602 | 7521 48f7 | 02fe ffff | ff74 1549 | 8bf2 4833 | 3248 f7c6 | fcff ffff 
  0x000079587495d6a4: 7409 4883 | 0a02 eb03 | 4889 3248 | 8bb4 24d0 | 0000 0048 | 85f6 0f84 | 2900 0000 

  0x000079587495d6c0: ;   {metadata('java/util/stream/ReferencePipeline')}
  0x000079587495d6c0: 48b9 400b | 0e27 5879 | 0000 8b5e | 0849 ba00 | 0000 2758 | 7900 0049 | 03da 483b | 4b48 0f85 
  0x000079587495d6e0: 771d 0000 | e900 0000 | 0048 8bd6 

  0x000079587495d6ec: ; implicit exception: dispatches to 0x000079587495f460
  0x000079587495d6ec: 483b 0648 

  0x000079587495d6f0: ;   {metadata(method data for {method} {0x000079581f69ff28} '<init>' '(Lorg/eclipse/jdt/core/IJavaProject;[Lorg/eclipse/jdt/core/ICompilationUnit;)V' in 'org/eclipse/jdt/internal/core/search/matching/JavaSearchNameEnvironment')}
  0x000079587495d6f0: 8bd6 48bf | c0a9 6e19 | 5779 0000 | 8b52 0849 | ba00 0000 | 2758 7900 | 0049 03d2 | 483b 9738 
  0x000079587495d710: 0400 0075 | 0d48 8387 | 4004 0000 | 01e9 6000 | 0000 483b | 9748 0400 | 0075 0d48 | 8387 5004 
  0x000079587495d730: 0000 01e9 | 4a00 0000 | 4883 bf38 | 0400 0000 | 7517 4889 | 9738 0400 | 0048 c787 | 4004 0000 
  0x000079587495d750: 0100 0000 | e929 0000 | 0048 83bf | 4804 0000 | 0075 1748 | 8997 4804 | 0000 48c7 | 8750 0400 
  0x000079587495d770: 0001 0000 | 00e9 0800 | 0000 4883 | 8728 0400 | 0001 488b 

  0x000079587495d784: ;   {optimized virtual_call}
  0x000079587495d784: d066 90e8 

  0x000079587495d788: ; ImmutableOopMap {[152]=Oop }
                      ;*invokeinterface filter {reexecute=0 rethrow=0 return_oop=0}
                      ; - org.eclipse.jdt.internal.core.search.matching.JavaSearchNameEnvironment::<init>@158 (line 100)
  0x000079587495d788: b4d4 4205 

  0x000079587495d78c: ;   {other}
  0x000079587495d78c: 0f1f 8400 | fc1e 0011 | 4885 c00f | 8429 0000 

  0x000079587495d79c: ;   {metadata('java/util/stream/ReferencePipeline')}
  0x000079587495d79c: 0048 bb40 | 0b0e 2758 | 7900 008b | 7808 49ba | 0000 0027 | 5879 0000 | 4903 fa48 | 3b5f 480f 
  0x000079587495d7bc: 85a4 1c00 | 00e9 0000 | 0000 488b | d048 3b00 

  0x000079587495d7cc: ;   {metadata(method data for {method} {0x000079581f69ff28} '<init>' '(Lorg/eclipse/jdt/core/IJavaProject;[Lorg/eclipse/jdt/core/ICompilationUnit;)V' in 'org/eclipse/jdt/internal/core/search/matching/JavaSearchNameEnvironment')}
  0x000079587495d7cc: 488b d048 | bec0 a96e | 1957 7900 | 008b 5208 | 49ba 0000 | 0027 5879 | 0000 4903 | d248 3b96 
  0x000079587495d7ec: 7004 0000 | 750d 4883 | 8678 0400 | 0001 e960 | 0000 0048 | 3b96 8004 | 0000 750d | 4883 8688 
  0x000079587495d80c: 0400 0001 | e94a 0000 | 0048 83be | 7004 0000 | 0075 1748 | 8996 7004 | 0000 48c7 | 8678 0400 
  0x000079587495d82c: 0001 0000 | 00e9 2900 | 0000 4883 | be80 0400 | 0000 7517 | 4889 9680 | 0400 0048 | c786 8804 
  0x000079587495d84c: 0000 0100 | 0000 e908 | 0000 0048 | 8386 6004 

  0x000079587495d85c: ;   {metadata(method data for {method} {0x00007958270e21c0} 'findFirst' '()Ljava/util/Optional;' in 'java/util/stream/ReferencePipeline')}
  0x000079587495d85c: 0000 0148 | ba48 f58f | 1c58 7900 | 008b b2f4 | 0000 0083 | c602 89b2 | f400 0000 | 81e6 feff 
  0x000079587495d87c: 1f00 85f6 | 0f84 e91b 

  0x000079587495d884: ;   {metadata(method data for {method} {0x00007958270e21c0} 'findFirst' '()Ljava/util/Optional;' in 'java/util/stream/ReferencePipeline')}
  0x000079587495d884: 0000 48ba | 48f5 8f1c | 5879 0000 | 4883 8238 | 0100 0001 

  0x000079587495d898: ;   {metadata(method data for {method} {0x0000795827342f28} 'makeRef' '(Z)Ljava/util/stream/TerminalOp;' in 'java/util/stream/FindOps')}
  0x000079587495d898: 48ba 7030 | 8e1c 5879 | 0000 8bb2 | f400 0000 | 83c6 0289 | b2f4 0000 | 0081 e6fe | ff1f 0085 
  0x000079587495d8b8: f60f 84d1 

  0x000079587495d8bc: ;   {metadata(method data for {method} {0x0000795827342f28} 'makeRef' '(Z)Ljava/util/stream/TerminalOp;' in 'java/util/stream/FindOps')}
  0x000079587495d8bc: 1b00 0048 | ba70 308e | 1c58 7900 | 00ff 8248 

  0x000079587495d8cc: ;   {metadata(method data for {method} {0x0000795827342f28} 'makeRef' '(Z)Ljava/util/stream/TerminalOp;' in 'java/util/stream/FindOps')}
  0x000079587495d8cc: 0100 0048 | ba70 308e | 1c58 7900 | 00ff 8258 | 0100 0048 

  0x000079587495d8e0: ;   {metadata(method data for {method} {0x00007958270e21c0} 'findFirst' '()Ljava/util/Optional;' in 'java/util/stream/ReferencePipeline')}
  0x000079587495d8e0: 8bd0 48be | 48f5 8f1c | 5879 0000 | 4883 8648 | 0100 0001 

  0x000079587495d8f4: ;   {oop(a 'java/util/stream/FindOps$FindOp'{0x0000000080f6ffa0})}
  0x000079587495d8f4: 48ba a0ff | f680 0000 | 0000 488b | f066 0f1f 

  0x000079587495d904: ;   {optimized virtual_call}
  0x000079587495d904: 4400 00e8 

  0x000079587495d908: ; ImmutableOopMap {[152]=Oop }
                      ;*invokevirtual evaluate {reexecute=0 rethrow=0 return_oop=0}
                      ; - java.util.stream.ReferencePipeline::findFirst@5
                      ; - org.eclipse.jdt.internal.core.search.matching.JavaSearchNameEnvironment::<init>@163 (line 100)
  0x000079587495d908: b4c0 a806 

  0x000079587495d90c: ;   {other}
  0x000079587495d90c: 0f1f 8400 | 7c20 0012 | 4885 c075 

  0x000079587495d918: ;   {metadata(method data for {method} {0x00007958270e21c0} 'findFirst' '()Ljava/util/Optional;' in 'java/util/stream/ReferencePipeline')}
  0x000079587495d918: 1648 be48 | f58f 1c58 | 7900 0080 | 8e79 0100 | 0001 e9cc 

  0x000079587495d92c: ;   {metadata('java/util/Optional')}
  0x000079587495d92c: 0000 0048 | bb10 490e | 2758 7900 | 008b 5008 | 49ba 0000 | 0027 5879 | 0000 4903 | d248 3bda 
  0x000079587495d94c: 0f85 8d00 

  0x000079587495d950: ;   {metadata(method data for {method} {0x00007958270e21c0} 'findFirst' '()Ljava/util/Optional;' in 'java/util/stream/ReferencePipeline')}
  0x000079587495d950: 0000 48be | 48f5 8f1c | 5879 0000 | 8b58 0849 | ba00 0000 | 2758 7900 | 0049 03da | 483b 9e90 
  0x000079587495d970: 0100 0075 | 0d48 8386 | 9801 0000 | 01e9 7900 | 0000 483b | 9ea0 0100 | 0075 0d48 | 8386 a801 
  0x000079587495d990: 0000 01e9 | 6300 0000 | 4883 be90 | 0100 0000 | 7517 4889 | 9e90 0100 | 0048 c786 | 9801 0000 
  0x000079587495d9b0: 0100 0000 | e942 0000 | 0048 83be | a001 0000 | 0075 1748 | 899e a001 | 0000 48c7 | 86a8 0100 
  0x000079587495d9d0: 0001 0000 | 00e9 2100 | 0000 e91c 

  0x000079587495d9dc: ;   {metadata(method data for {method} {0x00007958270e21c0} 'findFirst' '()Ljava/util/Optional;' in 'java/util/stream/ReferencePipeline')}
  0x000079587495d9dc: 0000 0048 | be48 f58f | 1c58 7900 | 0048 83ae | 8001 0000 | 01e9 bb1a | 0000 e900 | 0000 0048 
  0x000079587495d9fc: 8bf8 4889 | bc24 d800 | 0000 483b | 0748 8bd7 

  0x000079587495da0c: ;   {metadata(method data for {method} {0x000079581f69ff28} '<init>' '(Lorg/eclipse/jdt/core/IJavaProject;[Lorg/eclipse/jdt/core/ICompilationUnit;)V' in 'org/eclipse/jdt/internal/core/search/matching/JavaSearchNameEnvironment')}
  0x000079587495da0c: 48be c0a9 | 6e19 5779 | 0000 4883 | 8698 0400 

  0x000079587495da1c: ;   {metadata(method data for {method} {0x00007958270e53e8} 'isPresent' '()Z' in 'java/util/Optional')}
  0x000079587495da1c: 0001 48ba | 487f fd1d | 5879 0000 | 8bb2 f400 | 0000 83c6 | 0289 b2f4 | 0000 0081 | e6fe ff1f 
  0x000079587495da3c: 0085 f60f | 847a 1a00 | 008b 570c 

  0x000079587495da48: ;   {metadata(method data for {method} {0x00007958270e53e8} 'isPresent' '()Z' in 'java/util/Optional')}
  0x000079587495da48: 4885 d248 | ba48 7ffd | 1d58 7900 | 0048 c7c6 | 3801 0000 | 7407 48c7 | c648 0100 | 0048 8b1c 
  0x000079587495da68: 3248 8d5b | 0148 891c | 320f 841a 

  0x000079587495da74: ;   {metadata(method data for {method} {0x00007958270e53e8} 'isPresent' '()Z' in 'java/util/Optional')}
  0x000079587495da74: 0000 0048 | ba48 7ffd | 1d58 7900 | 00ff 8258 | 0100 00ba | 0100 0000 | e905 0000 | 00ba 0000 
  0x000079587495da94: 0000 83e2 

  0x000079587495da98: ;   {metadata(method data for {method} {0x000079581f69ff28} '<init>' '(Lorg/eclipse/jdt/core/IJavaProject;[Lorg/eclipse/jdt/core/ICompilationUnit;)V' in 'org/eclipse/jdt/internal/core/search/matching/JavaSearchNameEnvironment')}
  0x000079587495da98: 0185 d248 | bac0 a96e | 1957 7900 | 0048 c7c6 | d004 0000 | 7507 48c7 | c6e0 0400 | 0048 8b1c 
  0x000079587495dab8: 3248 8d5b | 0148 891c | 320f 856a 

  0x000079587495dac4: ;   {oop(a 'java/lang/Class'{0x0000000081866fd8} = 'org/eclipse/jdt/internal/core/NameLookup')}
  0x000079587495dac4: 0100 0048 | bad8 6f86 | 8100 0000 | 000f be92 | 9000 0000 

  0x000079587495dad8: ;   {metadata(method data for {method} {0x000079581f69ff28} '<init>' '(Lorg/eclipse/jdt/core/IJavaProject;[Lorg/eclipse/jdt/core/ICompilationUnit;)V' in 'org/eclipse/jdt/internal/core/search/matching/JavaSearchNameEnvironment')}
  0x000079587495dad8: 85d2 48ba | c0a9 6e19 | 5779 0000 | 48c7 c6f0 | 0400 0074 | 0748 c7c6 | 0005 0000 | 488b 3c32 
  0x000079587495daf8: 488d 7f01 | 4889 3c32 | 0f84 b30b 

  0x000079587495db04: ;   {metadata(method data for {method} {0x000079581f69ff28} '<init>' '(Lorg/eclipse/jdt/core/IJavaProject;[Lorg/eclipse/jdt/core/ICompilationUnit;)V' in 'org/eclipse/jdt/internal/core/search/matching/JavaSearchNameEnvironment')}
  0x000079587495db04: 0000 48ba | c0a9 6e19 | 5779 0000 | 4883 8210 | 0500 0001 

  0x000079587495db18: ;   {metadata(method data for {method} {0x000079581d2ad320} 'trace' '(Ljava/lang/String;)V' in 'org/eclipse/jdt/internal/core/JavaModelManager')}
  0x000079587495db18: 48ba 4853 | a41d 5879 | 0000 8bb2 | f400 0000 | 83c6 0289 | b2f4 0000 | 0081 e6fe | ff1f 0085 
  0x000079587495db38: f60f 84a1 

  0x000079587495db3c: ;   {oop(a 'java/lang/Class'{0x000000008183f860} = 'org/eclipse/jdt/internal/core/JavaModelManager')}
  0x000079587495db3c: 1900 0048 | ba60 f883 | 8100 0000 | 000f be92 | ad01 0000 

  0x000079587495db50: ;   {metadata(method data for {method} {0x000079581d2ad320} 'trace' '(Ljava/lang/String;)V' in 'org/eclipse/jdt/internal/core/JavaModelManager')}
  0x000079587495db50: 85d2 48ba | 4853 a41d | 5879 0000 | 48c7 c638 | 0100 0074 | 0748 c7c6 | 4801 0000 | 488b 3c32 
  0x000079587495db70: 488d 7f01 | 4889 3c32 | 0f84 6300 

  0x000079587495db7c: ;   {oop(a 'java/lang/Class'{0x000000008007f040} = 'java/lang/System')}
  0x000079587495db7c: 0000 48ba | 40f0 0780 | 0000 0000 | 8b72 7448 | 3b06 488b 

  0x000079587495db90: ;   {metadata(method data for {method} {0x000079581d2ad320} 'trace' '(Ljava/lang/String;)V' in 'org/eclipse/jdt/internal/core/JavaModelManager')}
  0x000079587495db90: d648 bf48 | 53a4 1d58 

  0x000079587495db98: ;   {metadata('java/io/PrintStream')}
  0x000079587495db98: 7900 0049 | bac8 a300 | 2758 7900 | 004c 8997 | 6801 0000 | 4883 8770 | 0100 0001 

  0x000079587495dbb4: ;   {oop(" -> ignoring working copies; no ClasspathSourceDirectory on project classpath "{0x000000008795c008})}
  0x000079587495dbb4: 48ba 08c0 | 9587 0000 

  0x000079587495dbbc: ;   {optimized virtual_call}
  0x000079587495dbbc: 0000 90e8 

  0x000079587495dbc0: ; ImmutableOopMap {[152]=Oop }
                      ;*invokevirtual println {reexecute=0 rethrow=0 return_oop=0}
                      ; - org.eclipse.jdt.internal.core.JavaModelManager::trace@10 (line 4705)
                      ; - org.eclipse.jdt.internal.core.search.matching.JavaSearchNameEnvironment::<init>@186 (line 112)
  0x000079587495dbc0: bc78 a204 

  0x000079587495dbc4: ;   {other}
  0x000079587495dbc4: 0f1f 8400 | 3423 0013 

  0x000079587495dbcc: ;   {metadata(method data for {method} {0x000079581d2ad320} 'trace' '(Ljava/lang/String;)V' in 'org/eclipse/jdt/internal/core/JavaModelManager')}
  0x000079587495dbcc: 48ba 4853 | a41d 5879 | 0000 ff82 | 9001 0000 | e93b 0000 

  0x000079587495dbe0: ;   {oop(a 'java/lang/Class'{0x000000008183f860} = 'org/eclipse/jdt/internal/core/JavaModelManager')}
  0x000079587495dbe0: 0048 ba60 | f883 8100 | 0000 008b | b260 0100 

  0x000079587495dbf0: ;   {oop(" -> ignoring working copies; no ClasspathSourceDirectory on project classpath "{0x000000008795c008})}
  0x000079587495dbf0: 0048 b908 | c095 8700 

  0x000079587495dbf8: ;   {oop(nullptr)}
  0x000079587495dbf8: 0000 0048 | ba00 0000 | 0000 0000 | 0048 b8ff | ffff ffff 

  0x000079587495dc0c: ;   {virtual_call}
  0x000079587495dc0c: ffff ffe8 

  0x000079587495dc10: ; ImmutableOopMap {[152]=Oop }
                      ;*invokeinterface trace {reexecute=0 rethrow=0 return_oop=0}
                      ; - org.eclipse.jdt.internal.core.JavaModelManager::trace@21 (line 4707)
                      ; - org.eclipse.jdt.internal.core.search.matching.JavaSearchNameEnvironment::<init>@186 (line 112)
  0x000079587495dc10: 6c7d a204 

  0x000079587495dc14: ;   {other}
  0x000079587495dc14: 0f1f 8400 | 8423 0014 

  0x000079587495dc1c: ;   {metadata(method data for {method} {0x000079581f69ff28} '<init>' '(Lorg/eclipse/jdt/core/IJavaProject;[Lorg/eclipse/jdt/core/ICompilationUnit;)V' in 'org/eclipse/jdt/internal/core/search/matching/JavaSearchNameEnvironment')}
  0x000079587495dc1c: 48be c0a9 | 6e19 5779 | 0000 ff86 | 2005 0000 | e988 0a00 | 0048 8bb4 | 2498 0000 | 008b 5e24 
  0x000079587495dc3c: ; implicit exception: dispatches to 0x000079587495f506
  0x000079587495dc3c: 483b 0348 

  0x000079587495dc40: ;   {metadata(method data for {method} {0x000079581f69ff28} '<init>' '(Lorg/eclipse/jdt/core/IJavaProject;[Lorg/eclipse/jdt/core/ICompilationUnit;)V' in 'org/eclipse/jdt/internal/core/search/matching/JavaSearchNameEnvironment')}
  0x000079587495dc40: 8bc3 48ba | c0a9 6e19 | 5779 0000 | 8b40 0849 | ba00 0000 | 2758 7900 | 0049 03c2 | 483b 8248 
  0x000079587495dc60: 0500 0075 | 0d48 8382 | 5005 0000 | 01e9 6000 | 0000 483b | 8258 0500 | 0075 0d48 | 8382 6005 
  0x000079587495dc80: 0000 01e9 | 4a00 0000 | 4883 ba48 | 0500 0000 | 7517 4889 | 8248 0500 | 0048 c782 | 5005 0000 
  0x000079587495dca0: 0100 0000 | e929 0000 | 0048 83ba | 5805 0000 | 0075 1748 | 8982 5805 | 0000 48c7 | 8260 0500 
  0x000079587495dcc0: 0001 0000 | 00e9 0800 | 0000 4883 | 8238 0500 | 0001 488b | f348 b878 | b608 2758 

  0x000079587495dcdc: ;   {virtual_call}
  0x000079587495dcdc: 7900 00e8 

  0x000079587495dce0: ; ImmutableOopMap {[152]=Oop [216]=Oop }
                      ;*invokeinterface keySet {reexecute=0 rethrow=0 return_oop=0}
                      ; - org.eclipse.jdt.internal.core.search.matching.JavaSearchNameEnvironment::<init>@196 (line 115)
  0x000079587495dce0: 3ce5 fa04 

  0x000079587495dce4: ;   {other}
  0x000079587495dce4: 0f1f 8400 | 5424 0015 

  0x000079587495dcec: ; implicit exception: dispatches to 0x000079587495f50b
  0x000079587495dcec: 483b 0048 

  0x000079587495dcf0: ;   {metadata(method data for {method} {0x000079581f69ff28} '<init>' '(Lorg/eclipse/jdt/core/IJavaProject;[Lorg/eclipse/jdt/core/ICompilationUnit;)V' in 'org/eclipse/jdt/internal/core/search/matching/JavaSearchNameEnvironment')}
  0x000079587495dcf0: 8bf0 48bf | c0a9 6e19 | 5779 0000 | 8b76 0849 | ba00 0000 | 2758 7900 | 0049 03f2 | 483b b780 
  0x000079587495dd10: 0500 0075 | 0d48 8387 | 8805 0000 | 01e9 6000 | 0000 483b | b790 0500 | 0075 0d48 | 8387 9805 
  0x000079587495dd30: 0000 01e9 | 4a00 0000 | 4883 bf80 | 0500 0000 | 7517 4889 | b780 0500 | 0048 c787 | 8805 0000 
  0x000079587495dd50: 0100 0000 | e929 0000 | 0048 83bf | 9005 0000 | 0075 1748 | 89b7 9005 | 0000 48c7 | 8798 0500 
  0x000079587495dd70: 0001 0000 | 00e9 0800 | 0000 4883 | 8770 0500 | 0001 488b | f048 b810 | 6d1a 2758 

  0x000079587495dd8c: ;   {virtual_call}
  0x000079587495dd8c: 7900 00e8 

  0x000079587495dd90: ; ImmutableOopMap {[152]=Oop [216]=Oop }
                      ;*invokeinterface iterator {reexecute=0 rethrow=0 return_oop=0}
                      ; - org.eclipse.jdt.internal.core.search.matching.JavaSearchNameEnvironment::<init>@201 (line 115)
  0x000079587495dd90: 8c36 fb04 

  0x000079587495dd94: ;   {other}
  0x000079587495dd94: 0f1f 8400 | 0425 0016 | 4889 8424 | e000 0000 

  0x000079587495dda4: ;   {metadata(method data for {method} {0x000079581f69ff28} '<init>' '(Lorg/eclipse/jdt/core/IJavaProject;[Lorg/eclipse/jdt/core/ICompilationUnit;)V' in 'org/eclipse/jdt/internal/core/search/matching/JavaSearchNameEnvironment')}
  0x000079587495dda4: 48be c0a9 | 6e19 5779 | 0000 ff86 | a805 0000 | 0f1f 4000 

  0x000079587495ddb8: ; implicit exception: dispatches to 0x000079587495f510
  0x000079587495ddb8: 483b 0048 

  0x000079587495ddbc: ;   {metadata(method data for {method} {0x000079581f69ff28} '<init>' '(Lorg/eclipse/jdt/core/IJavaProject;[Lorg/eclipse/jdt/core/ICompilationUnit;)V' in 'org/eclipse/jdt/internal/core/search/matching/JavaSearchNameEnvironment')}
  0x000079587495ddbc: 8bd8 48ba | c0a9 6e19 | 5779 0000 | 8b5b 0849 | ba00 0000 | 2758 7900 | 0049 03da | 483b 9a38 
  0x000079587495dddc: 0800 0075 | 0d48 8382 | 4008 0000 | 01e9 6000 | 0000 483b | 9a48 0800 | 0075 0d48 | 8382 5008 
  0x000079587495ddfc: 0000 01e9 | 4a00 0000 | 4883 ba38 | 0800 0000 | 7517 4889 | 9a38 0800 | 0048 c782 | 4008 0000 
  0x000079587495de1c: 0100 0000 | e929 0000 | 0048 83ba | 4808 0000 | 0075 1748 | 899a 4808 | 0000 48c7 | 8250 0800 
  0x000079587495de3c: 0001 0000 | 00e9 0800 | 0000 4883 | 8228 0800 | 0001 488b | f00f 1f40 | 0048 b810 | b01a 2758 
  0x000079587495de5c: ;   {virtual_call}
  0x000079587495de5c: 7900 00e8 

  0x000079587495de60: ; ImmutableOopMap {[152]=Oop [216]=Oop [224]=Oop }
                      ;*invokeinterface hasNext {reexecute=0 rethrow=0 return_oop=0}
                      ; - org.eclipse.jdt.internal.core.search.matching.JavaSearchNameEnvironment::<init>@280 (line 115)
  0x000079587495de60: 1c74 f904 

  0x000079587495de64: ;   {other}
  0x000079587495de64: 0f1f 8400 | d425 0017 | 85c0 be02 | 0000 0075 | 05be 0000 

  0x000079587495de78: ;   {metadata(method data for {method} {0x000079581f69ff28} '<init>' '(Lorg/eclipse/jdt/core/IJavaProject;[Lorg/eclipse/jdt/core/ICompilationUnit;)V' in 'org/eclipse/jdt/internal/core/search/matching/JavaSearchNameEnvironment')}
  0x000079587495de78: 0000 48bf | c0a9 6e19 | 5779 0000 | 8b9f f800 | 0000 03de | 899f f800 | 0000 85f6 | 7505 bb02 
  0x000079587495de98: 0000 0081 | e3fe 3f00 | 0085 db0f | 846c 1600 | 004d 8b97 

  0x000079587495deac: ; ImmutableOopMap {[152]=Oop [216]=Oop [224]=Oop }
                      ;*ifne {reexecute=1 rethrow=0 return_oop=0}
                      ; - (reexecute) org.eclipse.jdt.internal.core.search.matching.JavaSearchNameEnvironment::<init>@285 (line 115)
  0x000079587495deac: 5804 0000 

  0x000079587495deb0: ;   {poll}
  0x000079587495deb0: 4185 0285 

  0x000079587495deb4: ;   {metadata(method data for {method} {0x000079581f69ff28} '<init>' '(Lorg/eclipse/jdt/core/IJavaProject;[Lorg/eclipse/jdt/core/ICompilationUnit;)V' in 'org/eclipse/jdt/internal/core/search/matching/JavaSearchNameEnvironment')}
  0x000079587495deb4: c048 bec0 | a96e 1957 | 7900 0048 | c7c7 7008 | 0000 7407 | 48c7 c760 | 0800 0048 | 8b1c 3e48 
  0x000079587495ded4: 8d5b 0148 | 891c 3e0f | 84d8 0700 | 0048 8b84 | 24e0 0000 

  0x000079587495dee8: ;   {metadata(method data for {method} {0x000079581f69ff28} '<init>' '(Lorg/eclipse/jdt/core/IJavaProject;[Lorg/eclipse/jdt/core/ICompilationUnit;)V' in 'org/eclipse/jdt/internal/core/search/matching/JavaSearchNameEnvironment')}
  0x000079587495dee8: 0048 bec0 | a96e 1957 | 7900 008b | 4008 49ba | 0000 0027 | 5879 0000 | 4903 c248 | 3b86 d005 
  0x000079587495df08: 0000 750d | 4883 86d8 | 0500 0001 | e960 0000 | 0048 3b86 | e005 0000 | 750d 4883 | 86e8 0500 
  0x000079587495df28: 0001 e94a | 0000 0048 | 83be d005 | 0000 0075 | 1748 8986 | d005 0000 | 48c7 86d8 | 0500 0001 
  0x000079587495df48: 0000 00e9 | 2900 0000 | 4883 bee0 | 0500 0000 | 7517 4889 | 86e0 0500 | 0048 c786 | e805 0000 
  0x000079587495df68: 0100 0000 | e908 0000 | 0048 8386 | c005 0000 | 0148 8bb4 | 24e0 0000 | 000f 1f40 | 0048 b810 
  0x000079587495df88: b01a 2758 

  0x000079587495df8c: ;   {virtual_call}
  0x000079587495df8c: 7900 00e8 

  0x000079587495df90: ; ImmutableOopMap {[152]=Oop [216]=Oop [224]=Oop }
                      ;*invokeinterface next {reexecute=0 rethrow=0 return_oop=0}
                      ; - org.eclipse.jdt.internal.core.search.matching.JavaSearchNameEnvironment::<init>@213 (line 115)
  0x000079587495df90: 8cf6 f904 

  0x000079587495df94: ;   {other}
  0x000079587495df94: 0f1f 8400 | 0427 0019 | 4885 c075 

  0x000079587495dfa0: ;   {metadata(method data for {method} {0x000079581f69ff28} '<init>' '(Lorg/eclipse/jdt/core/IJavaProject;[Lorg/eclipse/jdt/core/ICompilationUnit;)V' in 'org/eclipse/jdt/internal/core/search/matching/JavaSearchNameEnvironment')}
  0x000079587495dfa0: 1648 bec0 | a96e 1957 | 7900 0080 | 8ef1 0500 | 0001 e9cc 

  0x000079587495dfb4: ;   {metadata('java/lang/String')}
  0x000079587495dfb4: 0000 0048 | ba78 e800 | 2758 7900 | 008b 4808 | 49ba 0000 | 0027 5879 | 0000 4903 | ca48 3bd1 
  0x000079587495dfd4: 0f85 8d00 

  0x000079587495dfd8: ;   {metadata(method data for {method} {0x000079581f69ff28} '<init>' '(Lorg/eclipse/jdt/core/IJavaProject;[Lorg/eclipse/jdt/core/ICompilationUnit;)V' in 'org/eclipse/jdt/internal/core/search/matching/JavaSearchNameEnvironment')}
  0x000079587495dfd8: 0000 48be | c0a9 6e19 | 5779 0000 | 8b50 0849 | ba00 0000 | 2758 7900 | 0049 03d2 | 483b 9608 
  0x000079587495dff8: 0600 0075 | 0d48 8386 | 1006 0000 | 01e9 7900 | 0000 483b | 9618 0600 | 0075 0d48 | 8386 2006 
  0x000079587495e018: 0000 01e9 | 6300 0000 | 4883 be08 | 0600 0000 | 7517 4889 | 9608 0600 | 0048 c786 | 1006 0000 
  0x000079587495e038: 0100 0000 | e942 0000 | 0048 83be | 1806 0000 | 0075 1748 | 8996 1806 | 0000 48c7 | 8620 0600 
  0x000079587495e058: 0001 0000 | 00e9 2100 | 0000 e91c 

  0x000079587495e064: ;   {metadata(method data for {method} {0x000079581f69ff28} '<init>' '(Lorg/eclipse/jdt/core/IJavaProject;[Lorg/eclipse/jdt/core/ICompilationUnit;)V' in 'org/eclipse/jdt/internal/core/search/matching/JavaSearchNameEnvironment')}
  0x000079587495e064: 0000 0048 | bec0 a96e | 1957 7900 | 0048 83ae | f805 0000 | 01e9 b814 | 0000 e900 | 0000 0048 
  0x000079587495e084: 8bf8 483b | 0748 8bcf 

  0x000079587495e08c: ;   {metadata(method data for {method} {0x000079581f69ff28} '<init>' '(Lorg/eclipse/jdt/core/IJavaProject;[Lorg/eclipse/jdt/core/ICompilationUnit;)V' in 'org/eclipse/jdt/internal/core/search/matching/JavaSearchNameEnvironment')}
  0x000079587495e08c: 48be c0a9 | 6e19 5779 | 0000 4883 | 8630 0600 

  0x000079587495e09c: ;   {metadata(method data for {method} {0x00007958274543c0} 'lastIndexOf' '(I)I' in 'java/lang/String')}
  0x000079587495e09c: 0001 48b9 | 9835 051c | 5879 0000 | 8bb1 f400 | 0000 83c6 | 0289 b1f4 | 0000 0081 | e6fe ff1f 
  0x000079587495e0bc: 0085 f60f | 847f 1400 | 0048 8bcf 

  0x000079587495e0c8: ;   {metadata(method data for {method} {0x00007958274543c0} 'lastIndexOf' '(I)I' in 'java/lang/String')}
  0x000079587495e0c8: 48be 9835 | 051c 5879 | 0000 4883 | 8638 0100 

  0x000079587495e0d8: ;   {metadata(method data for {method} {0x000079582700ee88} 'length' '()I' in 'java/lang/String')}
  0x000079587495e0d8: 0001 48b9 | a0d8 001c | 5879 0000 | 8bb1 f400 | 0000 83c6 | 0289 b1f4 | 0000 0081 | e6fe ff1f 
  0x000079587495e0f8: 0085 f60f | 8464 1400 | 008b 7714 

  0x000079587495e104: ; implicit exception: dispatches to 0x000079587495f586
  0x000079587495e104: 8b56 0c48 

  0x000079587495e108: ;   {metadata(method data for {method} {0x000079582700ee88} 'length' '()I' in 'java/lang/String')}
  0x000079587495e108: 8bcf 48bb | a0d8 001c | 5879 0000 | 4883 8338 | 0100 0001 

  0x000079587495e11c: ;   {metadata(method data for {method} {0x00007958274556a8} 'coder' '()B' in 'java/lang/String')}
  0x000079587495e11c: 48b9 18d4 | 001c 5879 | 0000 8b99 | f400 0000 | 83c3 0289 | 99f4 0000 | 0081 e3fe | ff1f 0085 
  0x000079587495e13c: db0f 8448 

  0x000079587495e140: ;   {metadata(method data for {method} {0x00007958274556a8} 'coder' '()B' in 'java/lang/String')}
  0x000079587495e140: 1400 0048 | b918 d400 | 1c58 7900 | 00ff 8148 | 0100 000f 

  0x000079587495e154: ;   {metadata(method data for {method} {0x00007958274556a8} 'coder' '()B' in 'java/lang/String')}
  0x000079587495e154: be5f 1048 | b918 d400 | 1c58 7900 | 00ff 8158 | 0100 0048 | 8bcb c1e1 | 18c1 f918 | d3fa 488b 
  0x000079587495e174: c2ff c848 

  0x000079587495e178: ;   {metadata(method data for {method} {0x00007958274543c0} 'lastIndexOf' '(I)I' in 'java/lang/String')}
  0x000079587495e178: 8bd7 48b9 | 9835 051c | 5879 0000 | 4883 8170 | 0100 0001 

  0x000079587495e18c: ;   {metadata(method data for {method} {0x0000795827454310} 'lastIndexOf' '(II)I' in 'java/lang/String')}
  0x000079587495e18c: 48ba 8837 | 051c 5879 | 0000 8b8a | f400 0000 | 83c1 0289 | 8af4 0000 | 0081 e1fe | ff1f 0085 
  0x000079587495e1ac: c90f 84f9 | 1300 0048 

  0x000079587495e1b4: ;   {metadata(method data for {method} {0x0000795827454310} 'lastIndexOf' '(II)I' in 'java/lang/String')}
  0x000079587495e1b4: 8bd7 48b9 | 8837 051c | 5879 0000 | 4883 8138 | 0100 0001 

  0x000079587495e1c8: ;   {metadata(method data for {method} {0x0000795827454aa0} 'isLatin1' '()Z' in 'java/lang/String')}
  0x000079587495e1c8: 48ba 606e | 001c 5879 | 0000 8b8a | f400 0000 | 83c1 0289 | 8af4 0000 | 0081 e1fe | ff1f 0085 
  0x000079587495e1e8: c90f 84de 

  0x000079587495e1ec: ;   {metadata(method data for {method} {0x0000795827454aa0} 'isLatin1' '()Z' in 'java/lang/String')}
  0x000079587495e1ec: 1300 0048 | ba60 6e00 | 1c58 7900 | 00ff 8248 | 0100 0085 

  0x000079587495e200: ;   {metadata(method data for {method} {0x0000795827454aa0} 'isLatin1' '()Z' in 'java/lang/String')}
  0x000079587495e200: db48 ba60 | 6e00 1c58 | 7900 0048 | c7c1 5801 | 0000 7507 | 48c7 c168 | 0100 0048 | 8b1c 0a48 
  0x000079587495e220: 8d5b 0148 | 891c 0a0f | 851a 0000 

  0x000079587495e22c: ;   {metadata(method data for {method} {0x0000795827454aa0} 'isLatin1' '()Z' in 'java/lang/String')}
  0x000079587495e22c: 0048 ba60 | 6e00 1c58 | 7900 00ff | 8278 0100 | 00ba 0100 | 0000 e905 | 0000 00ba | 0000 0000 
  0x000079587495e24c: 83e2 0185 

  0x000079587495e250: ;   {metadata(method data for {method} {0x0000795827454310} 'lastIndexOf' '(II)I' in 'java/lang/String')}
  0x000079587495e250: d248 ba88 | 3705 1c58 | 7900 0048 | c7c1 7001 | 0000 7407 | 48c7 c180 | 0100 0048 | 8b1c 0a48 
  0x000079587495e270: 8d5b 0148 | 891c 0a48 | 89bc 24e8 | 0000 000f | 843c 0000 

  0x000079587495e284: ;   {metadata(method data for {method} {0x0000795827454310} 'lastIndexOf' '(II)I' in 'java/lang/String')}
  0x000079587495e284: 0048 ba88 | 3705 1c58 | 7900 0048 | 8382 9001 | 0000 01ba | 2f00 0000 

  0x000079587495e29c: ;   {static_call}
  0x000079587495e29c: 488b c8e8 

  0x000079587495e2a0: ; ImmutableOopMap {[152]=Oop [216]=Oop [224]=Oop [232]=Oop }
                      ;*invokestatic lastIndexOf {reexecute=0 rethrow=0 return_oop=0}
                      ; - java.lang.String::lastIndexOf@13
                      ; - java.lang.String::lastIndexOf@8
                      ; - org.eclipse.jdt.internal.core.search.matching.JavaSearchNameEnvironment::<init>@227 (line 116)
  0x000079587495e2a0: fc2c 2805 

  0x000079587495e2a4: ;   {other}
  0x000079587495e2a4: 0f1f 8400 | 142a 001a 

  0x000079587495e2ac: ;   {metadata(method data for {method} {0x0000795827454310} 'lastIndexOf' '(II)I' in 'java/lang/String')}
  0x000079587495e2ac: 48be 8837 | 051c 5879 | 0000 ff86 | a001 0000 | e92b 0000 

  0x000079587495e2c0: ;   {metadata(method data for {method} {0x0000795827454310} 'lastIndexOf' '(II)I' in 'java/lang/String')}
  0x000079587495e2c0: 0048 ba88 | 3705 1c58 | 7900 0048 | 8382 b801 | 0000 01ba | 2f00 0000 | 488b c80f 

  0x000079587495e2dc: ;   {static_call}
  0x000079587495e2dc: 1f40 00e8 

  0x000079587495e2e0: ; ImmutableOopMap {[152]=Oop [216]=Oop [224]=Oop [232]=Oop }
                      ;*invokestatic lastIndexOf {reexecute=0 rethrow=0 return_oop=0}
                      ; - java.lang.String::lastIndexOf@25
                      ; - java.lang.String::lastIndexOf@8
                      ; - org.eclipse.jdt.internal.core.search.matching.JavaSearchNameEnvironment::<init>@227 (line 116)
  0x000079587495e2e0: 9c7b a204 

  0x000079587495e2e4: ;   {other}
  0x000079587495e2e4: 0f1f 8400 | 542a 001b 

  0x000079587495e2ec: ;   {metadata(method data for {method} {0x000079581f69ff28} '<init>' '(Lorg/eclipse/jdt/core/IJavaProject;[Lorg/eclipse/jdt/core/ICompilationUnit;)V' in 'org/eclipse/jdt/internal/core/search/matching/JavaSearchNameEnvironment')}
  0x000079587495e2ec: 85c0 48ba | c0a9 6e19 | 5779 0000 | 48c7 c168 | 0600 007e | 0748 c7c1 | 7806 0000 | 488b 340a 
  0x000079587495e30c: 488d 7601 | 4889 340a | 0f8e ba00 | 0000 488b | bc24 e800 | 0000 488b 

  0x000079587495e324: ;   {metadata(method data for {method} {0x000079581f69ff28} '<init>' '(Lorg/eclipse/jdt/core/IJavaProject;[Lorg/eclipse/jdt/core/ICompilationUnit;)V' in 'org/eclipse/jdt/internal/core/search/matching/JavaSearchNameEnvironment')}
  0x000079587495e324: d748 b9c0 | a96e 1957 | 7900 0048 | 8381 8806 | 0000 01ba | 0000 0000 | 488b c848 | 8bf7 0f1f 
  0x000079587495e344: ;   {optimized virtual_call}
  0x000079587495e344: 4400 00e8 

  0x000079587495e348: ; ImmutableOopMap {[152]=Oop [216]=Oop [224]=Oop }
                      ;*invokevirtual substring {reexecute=0 rethrow=0 return_oop=0}
                      ; - org.eclipse.jdt.internal.core.search.matching.JavaSearchNameEnvironment::<init>@242 (line 118)
  0x000079587495e348: b469 0905 

  0x000079587495e34c: ;   {other}
  0x000079587495e34c: 0f1f 8400 | bc2a 001c | 488b bc24 | d800 0000 

  0x000079587495e35c: ;   {metadata(method data for {method} {0x000079581f69ff28} '<init>' '(Lorg/eclipse/jdt/core/IJavaProject;[Lorg/eclipse/jdt/core/ICompilationUnit;)V' in 'org/eclipse/jdt/internal/core/search/matching/JavaSearchNameEnvironment')}
  0x000079587495e35c: 48ba c0a9 | 6e19 5779 | 0000 4883 | 82c0 0600 

  0x000079587495e36c: ;   {metadata(method data for {method} {0x00007958270e5128} 'get' '()Ljava/lang/Object;' in 'java/util/Optional')}
  0x000079587495e36c: 0001 48ba | 8024 fe1d | 5879 0000 | 8b8a f400 | 0000 83c1 | 0289 8af4 | 0000 0081 | e1fe ff1f 
  0x000079587495e38c: 0085 c90f | 8459 1200 | 0048 8bbc | 24d8 0000 | 008b 770c 

  0x000079587495e3a0: ;   {metadata(method data for {method} {0x00007958270e5128} 'get' '()Ljava/lang/Object;' in 'java/util/Optional')}
  0x000079587495e3a0: 4885 f648 | ba80 24fe | 1d58 7900 | 0048 c7c1 | 3801 0000 | 7507 48c7 | c148 0100 | 0048 8b1c 
  0x000079587495e3c0: 0a48 8d5b | 0148 891c | 0a0f 85aa | 0100 00e9 | 7d0a 0000 | 488b bc24 | d800 0000 

  0x000079587495e3dc: ;   {metadata(method data for {method} {0x000079581f69ff28} '<init>' '(Lorg/eclipse/jdt/core/IJavaProject;[Lorg/eclipse/jdt/core/ICompilationUnit;)V' in 'org/eclipse/jdt/internal/core/search/matching/JavaSearchNameEnvironment')}
  0x000079587495e3dc: 488b d748 | b9c0 a96e | 1957 7900 | 0048 8381 | 8007 0000 

  0x000079587495e3f0: ;   {metadata(method data for {method} {0x00007958270e5128} 'get' '()Ljava/lang/Object;' in 'java/util/Optional')}
  0x000079587495e3f0: 0148 ba80 | 24fe 1d58 | 7900 008b | 8af4 0000 | 0083 c102 | 898a f400 | 0000 81e1 | feff 1f00 
  0x000079587495e410: 85c9 0f84 | f711 0000 | 8b57 0c48 

  0x000079587495e41c: ;   {metadata(method data for {method} {0x00007958270e5128} 'get' '()Ljava/lang/Object;' in 'java/util/Optional')}
  0x000079587495e41c: 85d2 48b9 | 8024 fe1d | 5879 0000 | 48c7 c648 | 0100 0074 | 0748 c7c6 | 3801 0000 | 488b 1c31 
  0x000079587495e43c: 488d 5b01 | 4889 1c31 | 0f84 5809 | 0000 4885 

  0x000079587495e44c: ;   {metadata(method data for {method} {0x000079581f69ff28} '<init>' '(Lorg/eclipse/jdt/core/IJavaProject;[Lorg/eclipse/jdt/core/ICompilationUnit;)V' in 'org/eclipse/jdt/internal/core/search/matching/JavaSearchNameEnvironment')}
  0x000079587495e44c: d275 1648 | bec0 a96e | 1957 7900 | 0080 8eb1 | 0700 0001 | e9cd 0000 

  0x000079587495e464: ;   {metadata('org/eclipse/jdt/internal/core/builder/ClasspathLocation')}
  0x000079587495e464: 0048 bbb0 | 7729 2858 | 7900 008b | 7208 49ba | 0000 0027 | 5879 0000 | 4903 f248 | 3b5e 380f 
  0x000079587495e484: 858d 0000 

  0x000079587495e488: ;   {metadata(method data for {method} {0x000079581f69ff28} '<init>' '(Lorg/eclipse/jdt/core/IJavaProject;[Lorg/eclipse/jdt/core/ICompilationUnit;)V' in 'org/eclipse/jdt/internal/core/search/matching/JavaSearchNameEnvironment')}
  0x000079587495e488: 0048 bec0 | a96e 1957 | 7900 008b | 5a08 49ba | 0000 0027 | 5879 0000 | 4903 da48 | 3b9e c807 
  0x000079587495e4a8: 0000 750d | 4883 86d0 | 0700 0001 | e979 0000 | 0048 3b9e | d807 0000 | 750d 4883 | 86e0 0700 
  0x000079587495e4c8: 0001 e963 | 0000 0048 | 83be c807 | 0000 0075 | 1748 899e | c807 0000 | 48c7 86d0 | 0700 0001 
  0x000079587495e4e8: 0000 00e9 | 4200 0000 | 4883 bed8 | 0700 0000 | 7517 4889 | 9ed8 0700 | 0048 c786 | e007 0000 
  0x000079587495e508: 0100 0000 | e921 0000 | 00e9 1c00 

  0x000079587495e514: ;   {metadata(method data for {method} {0x000079581f69ff28} '<init>' '(Lorg/eclipse/jdt/core/IJavaProject;[Lorg/eclipse/jdt/core/ICompilationUnit;)V' in 'org/eclipse/jdt/internal/core/search/matching/JavaSearchNameEnvironment')}
  0x000079587495e514: 0000 48be | c0a9 6e19 | 5779 0000 | 4883 aeb8 | 0700 0001 | e903 1100 | 00e9 0000 | 0000 488b 
  0x000079587495e534: b424 9800 

  0x000079587495e538: ;   {metadata(method data for {method} {0x000079581f69ff28} '<init>' '(Lorg/eclipse/jdt/core/IJavaProject;[Lorg/eclipse/jdt/core/ICompilationUnit;)V' in 'org/eclipse/jdt/internal/core/search/matching/JavaSearchNameEnvironment')}
  0x000079587495e538: 0000 48b9 | c0a9 6e19 | 5779 0000 | 4883 81f0 | 0700 0001 

  0x000079587495e54c: ;   {oop(""{0x0000000080000000})}
  0x000079587495e54c: 48b9 0000 | 0080 0000 | 0000 488b | b424 9800 

  0x000079587495e55c: ;   {optimized virtual_call}
  0x000079587495e55c: 0000 90e8 

  0x000079587495e560: ; ImmutableOopMap {[152]=Oop [216]=Oop [224]=Oop }
                      ;*invokevirtual addPackageNameToIndex {reexecute=0 rethrow=0 return_oop=0}
                      ; - org.eclipse.jdt.internal.core.search.matching.JavaSearchNameEnvironment::<init>@275 (line 121)
  0x000079587495e560: 1c6f a204 

  0x000079587495e564: ;   {other}
  0x000079587495e564: 0f1f 8400 | d42c 001d | 488b 8424 | e000 0000 | e93f f8ff | ff48 85f6 

  0x000079587495e57c: ;   {metadata(method data for {method} {0x000079581f69ff28} '<init>' '(Lorg/eclipse/jdt/core/IJavaProject;[Lorg/eclipse/jdt/core/ICompilationUnit;)V' in 'org/eclipse/jdt/internal/core/search/matching/JavaSearchNameEnvironment')}
  0x000079587495e57c: 7516 48ba | c0a9 6e19 | 5779 0000 | 808a f106 | 0000 01e9 | cd00 0000 

  0x000079587495e594: ;   {metadata('org/eclipse/jdt/internal/core/builder/ClasspathLocation')}
  0x000079587495e594: 48bf b077 | 2928 5879 | 0000 8b56 | 0849 ba00 | 0000 2758 | 7900 0049 | 03d2 483b | 7a38 0f85 
  0x000079587495e5b4: 8d00 0000 

  0x000079587495e5b8: ;   {metadata(method data for {method} {0x000079581f69ff28} '<init>' '(Lorg/eclipse/jdt/core/IJavaProject;[Lorg/eclipse/jdt/core/ICompilationUnit;)V' in 'org/eclipse/jdt/internal/core/search/matching/JavaSearchNameEnvironment')}
  0x000079587495e5b8: 48ba c0a9 | 6e19 5779 | 0000 8b7e | 0849 ba00 | 0000 2758 | 7900 0049 | 03fa 483b | ba08 0700 
  0x000079587495e5d8: 0075 0d48 | 8382 1007 | 0000 01e9 | 7900 0000 | 483b ba18 | 0700 0075 | 0d48 8382 | 2007 0000 
  0x000079587495e5f8: 01e9 6300 | 0000 4883 | ba08 0700 | 0000 7517 | 4889 ba08 | 0700 0048 | c782 1007 | 0000 0100 
  0x000079587495e618: 0000 e942 | 0000 0048 | 83ba 1807 | 0000 0075 | 1748 89ba | 1807 0000 | 48c7 8220 | 0700 0001 
  0x000079587495e638: 0000 00e9 | 2100 0000 | e91c 0000 

  0x000079587495e644: ;   {metadata(method data for {method} {0x000079581f69ff28} '<init>' '(Lorg/eclipse/jdt/core/IJavaProject;[Lorg/eclipse/jdt/core/ICompilationUnit;)V' in 'org/eclipse/jdt/internal/core/search/matching/JavaSearchNameEnvironment')}
  0x000079587495e644: 0048 bac0 | a96e 1957 | 7900 0048 | 83aa f806 | 0000 01e9 | dd0f 0000 | e900 0000 | 0048 8bd6 
  0x000079587495e664: 488b b424 | 9800 0000 

  0x000079587495e66c: ;   {metadata(method data for {method} {0x000079581f69ff28} '<init>' '(Lorg/eclipse/jdt/core/IJavaProject;[Lorg/eclipse/jdt/core/ICompilationUnit;)V' in 'org/eclipse/jdt/internal/core/search/matching/JavaSearchNameEnvironment')}
  0x000079587495e66c: 48b9 c0a9 | 6e19 5779 | 0000 4883 | 8130 0700 | 0001 488b | c848 8bb4 | 2498 0000 | 0066 0f1f 
  0x000079587495e68c: ;   {optimized virtual_call}
  0x000079587495e68c: 4400 00e8 

  0x000079587495e690: ; ImmutableOopMap {[152]=Oop [216]=Oop [224]=Oop }
                      ;*invokevirtual addPackageNameToIndex {reexecute=0 rethrow=0 return_oop=0}
                      ; - org.eclipse.jdt.internal.core.search.matching.JavaSearchNameEnvironment::<init>@258 (line 119)
  0x000079587495e690: 4cce 7f05 

  0x000079587495e694: ;   {other}
  0x000079587495e694: 0f1f 8400 | 042e 001e 

  0x000079587495e69c: ;   {metadata(method data for {method} {0x000079581f69ff28} '<init>' '(Lorg/eclipse/jdt/core/IJavaProject;[Lorg/eclipse/jdt/core/ICompilationUnit;)V' in 'org/eclipse/jdt/internal/core/search/matching/JavaSearchNameEnvironment')}
  0x000079587495e69c: 48be c0a9 | 6e19 5779 | 0000 ff86 | 6807 0000 | 488b 8424 | e000 0000 | e9ff f6ff 

  0x000079587495e6b8: ;   {oop(a 'java/lang/Class'{0x0000000081866fd8} = 'org/eclipse/jdt/internal/core/NameLookup')}
  0x000079587495e6b8: ff48 bed8 | 6f86 8100 | 0000 000f | beb6 9000 | 0000 85f6 

  0x000079587495e6cc: ;   {metadata(method data for {method} {0x000079581f69ff28} '<init>' '(Lorg/eclipse/jdt/core/IJavaProject;[Lorg/eclipse/jdt/core/ICompilationUnit;)V' in 'org/eclipse/jdt/internal/core/search/matching/JavaSearchNameEnvironment')}
  0x000079587495e6cc: 48be c0a9 | 6e19 5779 | 0000 48c7 | c280 0800 | 0074 0748 | c7c2 9008 | 0000 488b | 3c16 488d 
  0x000079587495e6ec: 7f01 4889 | 3c16 0f84 | 9406 0000 | 488b b424 | 9800 0000 | 8b56 1048 

  0x000079587495e704: ;   {metadata(method data for {method} {0x000079581f69ff28} '<init>' '(Lorg/eclipse/jdt/core/IJavaProject;[Lorg/eclipse/jdt/core/ICompilationUnit;)V' in 'org/eclipse/jdt/internal/core/search/matching/JavaSearchNameEnvironment')}
  0x000079587495e704: 85d2 48bf | c0a9 6e19 | 5779 0000 | 48c7 c3a0 | 0800 0075 | 0748 c7c3 | b008 0000 | 488b 041f 
  0x000079587495e724: 488d 4001 | 4889 041f | 0f85 1a00 

  0x000079587495e730: ;   {metadata(method data for {method} {0x000079581f69ff28} '<init>' '(Lorg/eclipse/jdt/core/IJavaProject;[Lorg/eclipse/jdt/core/ICompilationUnit;)V' in 'org/eclipse/jdt/internal/core/search/matching/JavaSearchNameEnvironment')}
  0x000079587495e730: 0000 48ba | c0a9 6e19 | 5779 0000 | ff82 c008 | 0000 ba00 | 0000 00e9 | 5901 0000 

  0x000079587495e74c: ; implicit exception: dispatches to 0x000079587495f642
  0x000079587495e74c: 483b 0248 

  0x000079587495e750: ;   {metadata(method data for {method} {0x000079581f69ff28} '<init>' '(Lorg/eclipse/jdt/core/IJavaProject;[Lorg/eclipse/jdt/core/ICompilationUnit;)V' in 'org/eclipse/jdt/internal/core/search/matching/JavaSearchNameEnvironment')}
  0x000079587495e750: 8bfa 48bb | c0a9 6e19 | 5779 0000 | 8b7f 0849 | ba00 0000 | 2758 7900 | 0049 03fa | 483b bbe8 
  0x000079587495e770: 0800 0075 | 0d48 8383 | f008 0000 | 01e9 6000 | 0000 483b | bbf8 0800 | 0075 0d48 | 8383 0009 
  0x000079587495e790: 0000 01e9 | 4a00 0000 | 4883 bbe8 | 0800 0000 | 7517 4889 | bbe8 0800 | 0048 c783 | f008 0000 
  0x000079587495e7b0: 0100 0000 | e929 0000 | 0048 83bb | f808 0000 | 0075 1748 | 89bb f808 | 0000 48c7 | 8300 0900 
  0x000079587495e7d0: 0001 0000 | 00e9 0800 | 0000 4883 | 83d8 0800 

  0x000079587495e7e0: ;   {metadata(method data for {method} {0x00007958270dbc50} 'size' '()I' in 'java/util/HashSet')}
  0x000079587495e7e0: 0001 48bf | 58aa fd1d | 5879 0000 | 8b9f f400 | 0000 83c3 | 0289 9ff4 | 0000 0081 | e3fe ff1f 
  0x000079587495e800: 0085 db0f | 843e 0e00 | 008b 520c 

  0x000079587495e80c: ; implicit exception: dispatches to 0x000079587495f668
  0x000079587495e80c: 483b 0248 

  0x000079587495e810: ;   {metadata(method data for {method} {0x00007958270dbc50} 'size' '()I' in 'java/util/HashSet')}
  0x000079587495e810: 8bfa 48bb | 58aa fd1d | 5879 0000 | 8b7f 0849 | ba00 0000 | 2758 7900 | 0049 03fa | 483b bb48 
  0x000079587495e830: 0100 0075 | 0d48 8383 | 5001 0000 | 01e9 6000 | 0000 483b | bb58 0100 | 0075 0d48 | 8383 6001 
  0x000079587495e850: 0000 01e9 | 4a00 0000 | 4883 bb48 | 0100 0000 | 7517 4889 | bb48 0100 | 0048 c783 | 5001 0000 
  0x000079587495e870: 0100 0000 | e929 0000 | 0048 83bb | 5801 0000 | 0075 1748 | 89bb 5801 | 0000 48c7 | 8360 0100 
  0x000079587495e890: 0001 0000 | 00e9 0800 | 0000 4883 | 8338 0100 | 0001 8b52 | 1466 6690 

  0x000079587495e8a8: ;   {no_reloc}
  0x000079587495e8a8: e9cf 0d00 | 0090 9090 | 9090 488b | f248 8bd7 | 0f1f 8000 

  0x000079587495e8bc: ;   {static_call}
  0x000079587495e8bc: 0000 00e8 

  0x000079587495e8c0: ; ImmutableOopMap {[152]=Oop }
                      ;*invokedynamic {reexecute=0 rethrow=0 return_oop=0}
                      ; - org.eclipse.jdt.internal.core.search.matching.JavaSearchNameEnvironment::<init>@312 (line 129)
  0x000079587495e8c0: bc75 a204 

  0x000079587495e8c4: ;   {other}
  0x000079587495e8c4: 0f1f 8400 | 3430 001f 

  0x000079587495e8cc: ;   {metadata(method data for {method} {0x000079581f69ff28} '<init>' '(Lorg/eclipse/jdt/core/IJavaProject;[Lorg/eclipse/jdt/core/ICompilationUnit;)V' in 'org/eclipse/jdt/internal/core/search/matching/JavaSearchNameEnvironment')}
  0x000079587495e8cc: 48ba c0a9 | 6e19 5779 | 0000 488d | 9220 0900 | 0048 85c0 | 750a f602 | 0175 05f0 | 4883 0a01 
  0x000079587495e8ec: ;   {metadata(method data for {method} {0x000079581f69ff28} '<init>' '(Lorg/eclipse/jdt/core/IJavaProject;[Lorg/eclipse/jdt/core/ICompilationUnit;)V' in 'org/eclipse/jdt/internal/core/search/matching/JavaSearchNameEnvironment')}
  0x000079587495e8ec: 48ba c0a9 | 6e19 5779 | 0000 4883 | 8230 0900 

  0x000079587495e8fc: ;   {metadata(method data for {method} {0x000079581d2ad320} 'trace' '(Ljava/lang/String;)V' in 'org/eclipse/jdt/internal/core/JavaModelManager')}
  0x000079587495e8fc: 0001 48ba | 4853 a41d | 5879 0000 | 8bb2 f400 | 0000 83c6 | 0289 b2f4 | 0000 0081 | e6fe ff1f 
  0x000079587495e91c: 0085 f60f | 8461 0d00 

  0x000079587495e924: ;   {oop(a 'java/lang/Class'{0x000000008183f860} = 'org/eclipse/jdt/internal/core/JavaModelManager')}
  0x000079587495e924: 0048 ba60 | f883 8100 | 0000 000f | be92 ad01 | 0000 85d2 

  0x000079587495e938: ;   {metadata(method data for {method} {0x000079581d2ad320} 'trace' '(Ljava/lang/String;)V' in 'org/eclipse/jdt/internal/core/JavaModelManager')}
  0x000079587495e938: 48ba 4853 | a41d 5879 | 0000 48c7 | c638 0100 | 0074 0748 | c7c6 4801 | 0000 488b | 3c32 488d 
  0x000079587495e958: 7f01 4889 | 3c32 0f84 | 5d00 0000 

  0x000079587495e964: ;   {oop(a 'java/lang/Class'{0x000000008007f040} = 'java/lang/System')}
  0x000079587495e964: 48ba 40f0 | 0780 0000 | 0000 8b72 | 7448 3b06 

  0x000079587495e974: ;   {metadata(method data for {method} {0x000079581d2ad320} 'trace' '(Ljava/lang/String;)V' in 'org/eclipse/jdt/internal/core/JavaModelManager')}
  0x000079587495e974: 488b d648 | bf48 53a4 | 1d58 7900 

  0x000079587495e980: ;   {metadata('java/io/PrintStream')}
  0x000079587495e980: 0049 bac8 | a300 2758 | 7900 004c | 8997 6801 | 0000 4883 | 8770 0100 | 0001 488b 

  0x000079587495e99c: ;   {optimized virtual_call}
  0x000079587495e99c: d066 90e8 

  0x000079587495e9a0: ; ImmutableOopMap {[152]=Oop }
                      ;*invokevirtual println {reexecute=0 rethrow=0 return_oop=0}
                      ; - org.eclipse.jdt.internal.core.JavaModelManager::trace@10 (line 4705)
                      ; - org.eclipse.jdt.internal.core.search.matching.JavaSearchNameEnvironment::<init>@317 (line 129)
  0x000079587495e9a0: dc6a a204 

  0x000079587495e9a4: ;   {other}
  0x000079587495e9a4: 0f1f 8400 | 1431 0020 

  0x000079587495e9ac: ;   {metadata(method data for {method} {0x000079581d2ad320} 'trace' '(Ljava/lang/String;)V' in 'org/eclipse/jdt/internal/core/JavaModelManager')}
  0x000079587495e9ac: 48ba 4853 | a41d 5879 | 0000 ff82 | 9001 0000 | e93b 0000 

  0x000079587495e9c0: ;   {oop(a 'java/lang/Class'{0x000000008183f860} = 'org/eclipse/jdt/internal/core/JavaModelManager')}
  0x000079587495e9c0: 0048 ba60 | f883 8100 | 0000 008b | b260 0100 

  0x000079587495e9d0: ;   {oop(nullptr)}
  0x000079587495e9d0: 0048 ba00 | 0000 0000 | 0000 0048 | 8bc8 0f1f | 8000 0000 | 0048 b8ff | ffff ffff 

  0x000079587495e9ec: ;   {virtual_call}
  0x000079587495e9ec: ffff ffe8 

  0x000079587495e9f0: ; ImmutableOopMap {[152]=Oop }
                      ;*invokeinterface trace {reexecute=0 rethrow=0 return_oop=0}
                      ; - org.eclipse.jdt.internal.core.JavaModelManager::trace@21 (line 4707)
                      ; - org.eclipse.jdt.internal.core.search.matching.JavaSearchNameEnvironment::<init>@317 (line 129)
  0x000079587495e9f0: 8c6f a204 

  0x000079587495e9f4: ;   {other}
  0x000079587495e9f4: 0f1f 8400 | 6431 0021 | 488b b424 | 9800 0000 | 8b76 2048 | 3b06 488b 

  0x000079587495ea0c: ;   {metadata(method data for {method} {0x000079581f69ff28} '<init>' '(Lorg/eclipse/jdt/core/IJavaProject;[Lorg/eclipse/jdt/core/ICompilationUnit;)V' in 'org/eclipse/jdt/internal/core/search/matching/JavaSearchNameEnvironment')}
  0x000079587495ea0c: fe48 bbc0 | a96e 1957 | 7900 008b | 7f08 49ba | 0000 0027 | 5879 0000 | 4903 fa48 | 3bbb 5009 
  0x000079587495ea2c: 0000 750d | 4883 8358 | 0900 0001 | e960 0000 | 0048 3bbb | 6009 0000 | 750d 4883 | 8368 0900 
  0x000079587495ea4c: 0001 e94a | 0000 0048 | 83bb 5009 | 0000 0075 | 1748 89bb | 5009 0000 | 48c7 8358 | 0900 0001 
  0x000079587495ea6c: 0000 00e9 | 2900 0000 | 4883 bb60 | 0900 0000 | 7517 4889 | bb60 0900 | 0048 c783 | 6809 0000 
  0x000079587495ea8c: 0100 0000 | e908 0000 | 0048 8383 | 4009 0000 | 0148 b8ff | ffff ffff 

  0x000079587495eaa4: ;   {virtual_call}
  0x000079587495eaa4: ffff ffe8 

  0x000079587495eaa8: ; ImmutableOopMap {}
                      ;*invokeinterface size {reexecute=0 rethrow=0 return_oop=0}
                      ; - org.eclipse.jdt.internal.core.search.matching.JavaSearchNameEnvironment::<init>@324 (line 130)
  0x000079587495eaa8: d46e a204 

  0x000079587495eaac: ;   {other}
  0x000079587495eaac: 0f1f 8400 | 1c32 0022 | 0f1f 4000 

  0x000079587495eab8: ;   {no_reloc}
  0x000079587495eab8: e903 0c00 | 0090 9090 | 9090 488b 

  0x000079587495eac4: ;   {static_call}
  0x000079587495eac4: f066 90e8 

  0x000079587495eac8: ; ImmutableOopMap {}
                      ;*invokedynamic {reexecute=0 rethrow=0 return_oop=0}
                      ; - org.eclipse.jdt.internal.core.search.matching.JavaSearchNameEnvironment::<init>@329 (line 130)
  0x000079587495eac8: b473 a204 

  0x000079587495eacc: ;   {other}
  0x000079587495eacc: 0f1f 8400 | 3c32 0023 

  0x000079587495ead4: ;   {metadata(method data for {method} {0x000079581f69ff28} '<init>' '(Lorg/eclipse/jdt/core/IJavaProject;[Lorg/eclipse/jdt/core/ICompilationUnit;)V' in 'org/eclipse/jdt/internal/core/search/matching/JavaSearchNameEnvironment')}
  0x000079587495ead4: 48ba c0a9 | 6e19 5779 | 0000 488d | 9288 0900 | 0048 85c0 | 750a f602 | 0175 05f0 | 4883 0a01 
  0x000079587495eaf4: ;   {metadata(method data for {method} {0x000079581f69ff28} '<init>' '(Lorg/eclipse/jdt/core/IJavaProject;[Lorg/eclipse/jdt/core/ICompilationUnit;)V' in 'org/eclipse/jdt/internal/core/search/matching/JavaSearchNameEnvironment')}
  0x000079587495eaf4: 48ba c0a9 | 6e19 5779 | 0000 4883 | 8298 0900 

  0x000079587495eb04: ;   {metadata(method data for {method} {0x000079581d2ad320} 'trace' '(Ljava/lang/String;)V' in 'org/eclipse/jdt/internal/core/JavaModelManager')}
  0x000079587495eb04: 0001 48ba | 4853 a41d | 5879 0000 | 8bb2 f400 | 0000 83c6 | 0289 b2f4 | 0000 0081 | e6fe ff1f 
  0x000079587495eb24: 0085 f60f | 849d 0b00 

  0x000079587495eb2c: ;   {oop(a 'java/lang/Class'{0x000000008183f860} = 'org/eclipse/jdt/internal/core/JavaModelManager')}
  0x000079587495eb2c: 0048 ba60 | f883 8100 | 0000 000f | be92 ad01 | 0000 85d2 

  0x000079587495eb40: ;   {metadata(method data for {method} {0x000079581d2ad320} 'trace' '(Ljava/lang/String;)V' in 'org/eclipse/jdt/internal/core/JavaModelManager')}
  0x000079587495eb40: 48ba 4853 | a41d 5879 | 0000 48c7 | c638 0100 | 0074 0748 | c7c6 4801 | 0000 488b | 3c32 488d 
  0x000079587495eb60: 7f01 4889 | 3c32 0f84 | 5d00 0000 

  0x000079587495eb6c: ;   {oop(a 'java/lang/Class'{0x000000008007f040} = 'java/lang/System')}
  0x000079587495eb6c: 48ba 40f0 | 0780 0000 | 0000 8b72 | 7448 3b06 

  0x000079587495eb7c: ;   {metadata(method data for {method} {0x000079581d2ad320} 'trace' '(Ljava/lang/String;)V' in 'org/eclipse/jdt/internal/core/JavaModelManager')}
  0x000079587495eb7c: 488b d648 | bf48 53a4 | 1d58 7900 

  0x000079587495eb88: ;   {metadata('java/io/PrintStream')}
  0x000079587495eb88: 0049 bac8 | a300 2758 | 7900 004c | 8997 6801 | 0000 4883 | 8770 0100 | 0001 488b 

  0x000079587495eba4: ;   {optimized virtual_call}
  0x000079587495eba4: d066 90e8 

  0x000079587495eba8: ; ImmutableOopMap {}
                      ;*invokevirtual println {reexecute=0 rethrow=0 return_oop=0}
                      ; - org.eclipse.jdt.internal.core.JavaModelManager::trace@10 (line 4705)
                      ; - org.eclipse.jdt.internal.core.search.matching.JavaSearchNameEnvironment::<init>@334 (line 130)
  0x000079587495eba8: d468 a204 

  0x000079587495ebac: ;   {other}
  0x000079587495ebac: 0f1f 8400 | 1c33 0024 

  0x000079587495ebb4: ;   {metadata(method data for {method} {0x000079581d2ad320} 'trace' '(Ljava/lang/String;)V' in 'org/eclipse/jdt/internal/core/JavaModelManager')}
  0x000079587495ebb4: 48ba 4853 | a41d 5879 | 0000 ff82 | 9001 0000 | e93b 0000 

  0x000079587495ebc8: ;   {oop(a 'java/lang/Class'{0x000000008183f860} = 'org/eclipse/jdt/internal/core/JavaModelManager')}
  0x000079587495ebc8: 0048 ba60 | f883 8100 | 0000 008b | b260 0100 

  0x000079587495ebd8: ;   {oop(nullptr)}
  0x000079587495ebd8: 0048 ba00 | 0000 0000 | 0000 0048 | 8bc8 0f1f | 8000 0000 | 0048 b8ff | ffff ffff 

  0x000079587495ebf4: ;   {virtual_call}
  0x000079587495ebf4: ffff ffe8 

  0x000079587495ebf8: ; ImmutableOopMap {}
                      ;*invokeinterface trace {reexecute=0 rethrow=0 return_oop=0}
                      ; - org.eclipse.jdt.internal.core.JavaModelManager::trace@21 (line 4707)
                      ; - org.eclipse.jdt.internal.core.search.matching.JavaSearchNameEnvironment::<init>@334 (line 130)
  0x000079587495ebf8: 846d a204 

  0x000079587495ebfc: ;   {other}
  0x000079587495ebfc: 0f1f 8400 | 6c33 0025 

  0x000079587495ec04: ;   {metadata(method data for {method} {0x000079581f69ff28} '<init>' '(Lorg/eclipse/jdt/core/IJavaProject;[Lorg/eclipse/jdt/core/ICompilationUnit;)V' in 'org/eclipse/jdt/internal/core/search/matching/JavaSearchNameEnvironment')}
  0x000079587495ec04: 48be c0a9 | 6e19 5779 | 0000 4883 | 86a8 0900 

  0x000079587495ec14: ;   {runtime_call os::javaTimeMillis()}
  0x000079587495ec14: 0001 e8f5 

  0x000079587495ec18: ;   {other}
  0x000079587495ec18: a81b 160f | 1f84 0000 | 0000 0048 | 8bbc 24b0 | 0000 0048 | 2bc7 6690 

  0x000079587495ec30: ;   {no_reloc}
  0x000079587495ec30: e9ca 0a00 | 0090 9090 | 9090 488b 

  0x000079587495ec3c: ;   {static_call}
  0x000079587495ec3c: f066 90e8 

  0x000079587495ec40: ; ImmutableOopMap {}
                      ;*invokedynamic {reexecute=0 rethrow=0 return_oop=0}
                      ; - org.eclipse.jdt.internal.core.search.matching.JavaSearchNameEnvironment::<init>@342 (line 131)
  0x000079587495ec40: 3c72 a204 

  0x000079587495ec44: ;   {other}
  0x000079587495ec44: 0f1f 8400 | b433 0026 

  0x000079587495ec4c: ;   {metadata(method data for {method} {0x000079581f69ff28} '<init>' '(Lorg/eclipse/jdt/core/IJavaProject;[Lorg/eclipse/jdt/core/ICompilationUnit;)V' in 'org/eclipse/jdt/internal/core/search/matching/JavaSearchNameEnvironment')}
  0x000079587495ec4c: 48ba c0a9 | 6e19 5779 | 0000 488d | 92c8 0900 | 0048 85c0 | 750a f602 | 0175 05f0 | 4883 0a01 
  0x000079587495ec6c: ;   {metadata(method data for {method} {0x000079581f69ff28} '<init>' '(Lorg/eclipse/jdt/core/IJavaProject;[Lorg/eclipse/jdt/core/ICompilationUnit;)V' in 'org/eclipse/jdt/internal/core/search/matching/JavaSearchNameEnvironment')}
  0x000079587495ec6c: 48ba c0a9 | 6e19 5779 | 0000 4883 | 82d8 0900 

  0x000079587495ec7c: ;   {metadata(method data for {method} {0x000079581d2ad320} 'trace' '(Ljava/lang/String;)V' in 'org/eclipse/jdt/internal/core/JavaModelManager')}
  0x000079587495ec7c: 0001 48ba | 4853 a41d | 5879 0000 | 8bb2 f400 | 0000 83c6 | 0289 b2f4 | 0000 0081 | e6fe ff1f 
  0x000079587495ec9c: 0085 f60f | 8464 0a00 

  0x000079587495eca4: ;   {oop(a 'java/lang/Class'{0x000000008183f860} = 'org/eclipse/jdt/internal/core/JavaModelManager')}
  0x000079587495eca4: 0048 ba60 | f883 8100 | 0000 000f | be92 ad01 | 0000 85d2 

  0x000079587495ecb8: ;   {metadata(method data for {method} {0x000079581d2ad320} 'trace' '(Ljava/lang/String;)V' in 'org/eclipse/jdt/internal/core/JavaModelManager')}
  0x000079587495ecb8: 48ba 4853 | a41d 5879 | 0000 48c7 | c638 0100 | 0074 0748 | c7c6 4801 | 0000 488b | 3c32 488d 
  0x000079587495ecd8: 7f01 4889 | 3c32 0f84 | 6e00 0000 

  0x000079587495ece4: ;   {oop(a 'java/lang/Class'{0x000000008007f040} = 'java/lang/System')}
  0x000079587495ece4: 48ba 40f0 | 0780 0000 | 0000 8b72 | 7448 3b06 

  0x000079587495ecf4: ;   {metadata(method data for {method} {0x000079581d2ad320} 'trace' '(Ljava/lang/String;)V' in 'org/eclipse/jdt/internal/core/JavaModelManager')}
  0x000079587495ecf4: 488b d648 | bf48 53a4 | 1d58 7900 

  0x000079587495ed00: ;   {metadata('java/io/PrintStream')}
  0x000079587495ed00: 0049 bac8 | a300 2758 | 7900 004c | 8997 6801 | 0000 4883 | 8770 0100 | 0001 488b 

  0x000079587495ed1c: ;   {optimized virtual_call}
  0x000079587495ed1c: d066 90e8 

  0x000079587495ed20: ; ImmutableOopMap {}
                      ;*invokevirtual println {reexecute=0 rethrow=0 return_oop=0}
                      ; - org.eclipse.jdt.internal.core.JavaModelManager::trace@10 (line 4705)
                      ; - org.eclipse.jdt.internal.core.search.matching.JavaSearchNameEnvironment::<init>@347 (line 131)
  0x000079587495ed20: 5c67 a204 

  0x000079587495ed24: ;   {other}
  0x000079587495ed24: 0f1f 8400 | 9434 0027 

  0x000079587495ed2c: ;   {metadata(method data for {method} {0x000079581d2ad320} 'trace' '(Ljava/lang/String;)V' in 'org/eclipse/jdt/internal/core/JavaModelManager')}
  0x000079587495ed2c: 48ba 4853 | a41d 5879 | 0000 ff82 | 9001 0000 | 4881 c420 | 0100 005d 

  0x000079587495ed44: ;   {poll_return}
  0x000079587495ed44: 493b a750 | 0400 000f | 87de 0900 

  0x000079587495ed50: ;   {oop(a 'java/lang/Class'{0x000000008183f860} = 'org/eclipse/jdt/internal/core/JavaModelManager')}
  0x000079587495ed50: 00c3 48ba | 60f8 8381 | 0000 0000 | 8bb2 6001 

  0x000079587495ed60: ;   {oop(nullptr)}
  0x000079587495ed60: 0000 48ba | 0000 0000 | 0000 0000 | 488b c866 | 0f1f 4400 | 0048 b8ff | ffff ffff 

  0x000079587495ed7c: ;   {virtual_call}
  0x000079587495ed7c: ffff ffe8 

  0x000079587495ed80: ; ImmutableOopMap {}
                      ;*invokeinterface trace {reexecute=0 rethrow=0 return_oop=0}
                      ; - org.eclipse.jdt.internal.core.JavaModelManager::trace@21 (line 4707)
                      ; - org.eclipse.jdt.internal.core.search.matching.JavaSearchNameEnvironment::<init>@347 (line 131)
  0x000079587495ed80: fc6b a204 

  0x000079587495ed84: ;   {other}
  0x000079587495ed84: 0f1f 8400 | f434 0028 | 4881 c420 | 0100 005d 

  0x000079587495ed94: ;   {poll_return}
  0x000079587495ed94: 493b a750 | 0400 000f | 87a4 0900 | 00c3 660f | 1f44 0000 

  0x000079587495eda8: ;   {no_reloc}
  0x000079587495eda8: e9bd 0900 | 0000 0000 | 0000 80ba | 3101 0000 | 040f 85ba | 0900 0049 | 8b87 b801 | 0000 488d 
  0x000079587495edc8: 7828 493b | bfc8 0100 | 000f 87a2 | 0900 0049 | 89bf b801 | 0000 48c7 | 0001 0000 | 0048 8bca 
  0x000079587495ede8: 49ba 0000 | 0027 5879 | 0000 492b | ca89 4808 | 4833 c989 | 480c 4833 | c948 8948 | 1048 8948 
  0x000079587495ee08: 1848 8948 | 2048 8bd0 

  0x000079587495ee10: ;   {metadata(method data for {method} {0x00007958270e5128} 'get' '()Ljava/lang/Object;' in 'java/util/Optional')}
  0x000079587495ee10: 48be 8024 | fe1d 5879 | 0000 4883 | 8658 0100 

  0x000079587495ee20: ;   {oop("No value present"{0x000000008001b9e8})}
  0x000079587495ee20: 0001 48ba | e8b9 0180 | 0000 0000 | 488b f048 | 8984 24f0 

  0x000079587495ee34: ;   {optimized virtual_call}
  0x000079587495ee34: 0000 00e8 

  0x000079587495ee38: ; ImmutableOopMap {[152]=Oop [216]=Oop [224]=Oop [240]=Oop }
                      ;*invokespecial <init> {reexecute=0 rethrow=0 return_oop=0}
                      ; - java.util.Optional::get@13
                      ; - org.eclipse.jdt.internal.core.search.matching.JavaSearchNameEnvironment::<init>@267 (line 121)
  0x000079587495ee38: 4466 a204 

  0x000079587495ee3c: ;   {other}
  0x000079587495ee3c: 0f1f 8400 | ac35 0029 | 488b 8424 | f000 0000 | e9a3 0900 | 0048 8984 | 2400 0100 | 000f 1f80 
  0x000079587495ee5c: 0000 0000 

  0x000079587495ee60: ;   {no_reloc}
  0x000079587495ee60: e930 0900 | 0000 0000 | 0000 80ba | 3101 0000 | 040f 852d | 0900 0049 | 8b87 b801 | 0000 488d 
  0x000079587495ee80: 7828 493b | bfc8 0100 | 000f 8715 | 0900 0049 | 89bf b801 | 0000 48c7 | 0001 0000 | 0048 8bca 
  0x000079587495eea0: 49ba 0000 | 0027 5879 | 0000 492b | ca89 4808 | 4833 c989 | 480c 4833 | c948 8948 | 1048 8948 
  0x000079587495eec0: 1848 8948 | 2048 8bd0 

  0x000079587495eec8: ;   {metadata(method data for {method} {0x00007958270e5128} 'get' '()Ljava/lang/Object;' in 'java/util/Optional')}
  0x000079587495eec8: 48be 8024 | fe1d 5879 | 0000 4883 | 8658 0100 

  0x000079587495eed8: ;   {oop("No value present"{0x000000008001b9e8})}
  0x000079587495eed8: 0001 48ba | e8b9 0180 | 0000 0000 | 488b f048 | 8984 24f8 

  0x000079587495eeec: ;   {optimized virtual_call}
  0x000079587495eeec: 0000 00e8 

  0x000079587495eef0: ; ImmutableOopMap {[152]=Oop [216]=Oop [224]=Oop [248]=Oop [256]=Oop }
                      ;*invokespecial <init> {reexecute=0 rethrow=0 return_oop=0}
                      ; - java.util.Optional::get@13
                      ; - org.eclipse.jdt.internal.core.search.matching.JavaSearchNameEnvironment::<init>@250 (line 119)
  0x000079587495eef0: 8c65 a204 

  0x000079587495eef4: ;   {other}
  0x000079587495eef4: 0f1f 8400 | 6436 002a | 488b 8424 | f800 0000 | e9eb 0800 | 000f 1f80 | 0000 0000 

  0x000079587495ef10: ;   {no_reloc}
  0x000079587495ef10: e9ab 0800 | 0000 0000 | 0000 498b | 87b8 0100 | 0048 8d78 | 3049 3bbf | c801 0000 | 0f87 9808 
  0x000079587495ef30: 0000 4989 | bfb8 0100 | 0048 c700 | 0100 0000 | 488b ca49 | ba00 0000 | 2758 7900 | 0049 2bca 
  0x000079587495ef50: 8948 0848 | 33c9 8948 | 0c48 33c9 | 4889 4810 | 4889 4818 | 4889 4820 | 4889 4828 

  0x000079587495ef6c: ;   {metadata(method data for {method} {0x0000795827056360} 'requireNonNull' '(Ljava/lang/Object;)Ljava/lang/Object;' in 'java/util/Objects')}
  0x000079587495ef6c: 488b f048 | bf60 cd00 | 1c58 7900 | 0048 8387 | 5801 0000 | 0148 8bf0 | 4889 8424 | 0801 0000 
  0x000079587495ef8c: ;   {optimized virtual_call}
  0x000079587495ef8c: 6666 90e8 

  0x000079587495ef90: ; ImmutableOopMap {[152]=Oop [192]=Oop [264]=Oop }
                      ;*invokespecial <init> {reexecute=0 rethrow=0 return_oop=0}
                      ; - java.util.Objects::requireNonNull@8
                      ; - java.util.Spliterators::spliterator@5
                      ; - java.util.LinkedHashSet::spliterator@3
                      ; - java.util.Collection::stream@1
                      ; - org.eclipse.jdt.internal.core.search.matching.JavaSearchNameEnvironment::<init>@143 (line 100)
  0x000079587495ef90: ec64 a204 

  0x000079587495ef94: ;   {other}
  0x000079587495ef94: 0f1f 8400 | 0437 002b | 488b 8424 | 0801 0000 | e94b 0800 

  0x000079587495efa8: ;   {metadata({method} {0x000079581f69ff28} '<init>' '(Lorg/eclipse/jdt/core/IJavaProject;[Lorg/eclipse/jdt/core/ICompilationUnit;)V' in 'org/eclipse/jdt/internal/core/search/matching/JavaSearchNameEnvironment')}
  0x000079587495efa8: 0049 ba28 | ff69 1f58 | 7900 004c | 8954 2408 | 48c7 0424 | ffff ffff 

  0x000079587495efc0: ;   {runtime_call counter_overflow Runtime1 stub}
  0x000079587495efc0: e8bb b6ad 

  0x000079587495efc4: ; ImmutableOopMap {rsi=Oop rdx=Oop rcx=Oop [152]=Oop [160]=Oop [168]=Oop }
                      ;*synchronization entry
                      ; - org.eclipse.jdt.internal.core.search.matching.JavaSearchNameEnvironment::<init>@-1 (line 79)
  0x000079587495efc4: 04e9 b4d0 

  0x000079587495efc8: ;   {metadata({method} {0x0000795827475450} '<init>' '()V' in 'java/lang/Object')}
  0x000079587495efc8: ffff 49ba | 5054 4727 | 5879 0000 | 4c89 5424 | 0848 c704 | 24ff ffff 

  0x000079587495efe0: ;   {runtime_call counter_overflow Runtime1 stub}
  0x000079587495efe0: ffe8 9ab6 

  0x000079587495efe4: ; ImmutableOopMap {rsi=Oop rdx=Oop rcx=Oop [152]=Oop [160]=Oop [168]=Oop }
                      ;*synchronization entry
                      ; - java.lang.Object::<init>@-1
                      ; - org.eclipse.jdt.internal.core.search.matching.JavaSearchNameEnvironment::<init>@1 (line 79)
  0x000079587495efe4: ad04 e9cf 

  0x000079587495efe8: ;   {metadata({method} {0x000079581f6aa648} 'isComplianceJava9OrHigher' '(Lorg/eclipse/jdt/core/IJavaProject;)Z' in 'org/eclipse/jdt/internal/core/search/matching/JavaSearchNameEnvironment')}
  0x000079587495efe8: d0ff ff49 | ba48 a66a | 1f58 7900 | 004c 8954 | 2408 48c7 | 0424 ffff 

  0x000079587495f000: ;   {runtime_call counter_overflow Runtime1 stub}
  0x000079587495f000: ffff e879 

  0x000079587495f004: ; ImmutableOopMap {rsi=Oop rdx=Oop rcx=Oop [152]=Oop [160]=Oop [168]=Oop }
                      ;*synchronization entry
                      ; - org.eclipse.jdt.internal.core.search.matching.JavaSearchNameEnvironment::isComplianceJava9OrHigher@-1 (line 588)
                      ; - org.eclipse.jdt.internal.core.search.matching.JavaSearchNameEnvironment::<init>@10 (line 80)
  0x000079587495f004: b6ad 04e9 | ebd0 ffff 

  0x000079587495f00c: ;   {runtime_call throw_incompatible_class_change_error Runtime1 stub}
  0x000079587495f00c: e80f 82ad 

  0x000079587495f010: ; ImmutableOopMap {rdx=Oop [152]=Oop [160]=Oop [168]=Oop }
                      ;*invokeinterface getOption {reexecute=0 rethrow=0 return_oop=0}
                      ; - org.eclipse.jdt.internal.core.search.matching.JavaSearchNameEnvironment::isComplianceJava9OrHigher@11 (line 591)
                      ; - org.eclipse.jdt.internal.core.search.matching.JavaSearchNameEnvironment::<init>@10 (line 80)
                      ;   {runtime_call throw_null_pointer_exception Runtime1 stub}
  0x000079587495f010: 04e8 0a3f 

  0x000079587495f014: ; ImmutableOopMap {rdx=Oop [152]=Oop [160]=Oop [168]=Oop }
                      ;*invokeinterface getOption {reexecute=0 rethrow=0 return_oop=0}
                      ; - org.eclipse.jdt.internal.core.search.matching.JavaSearchNameEnvironment::isComplianceJava9OrHigher@11 (line 591)
                      ; - org.eclipse.jdt.internal.core.search.matching.JavaSearchNameEnvironment::<init>@10 (line 80)
                      ;   {metadata({method} {0x000079581d2831f0} 'versionToJdkLevel' '(Ljava/lang/String;)J' in 'org/eclipse/jdt/internal/compiler/impl/CompilerOptions')}
  0x000079587495f014: ad04 49ba | f031 281d | 5879 0000 | 4c89 5424 | 0848 c704 | 24ff ffff 

  0x000079587495f02c: ;   {runtime_call counter_overflow Runtime1 stub}
  0x000079587495f02c: ffe8 4eb6 

  0x000079587495f030: ; ImmutableOopMap {rax=Oop [152]=Oop [160]=Oop [168]=Oop }
                      ;*synchronization entry
                      ; - org.eclipse.jdt.internal.compiler.impl.CompilerOptions::versionToJdkLevel@-1 (line 955)
                      ; - org.eclipse.jdt.internal.core.search.matching.JavaSearchNameEnvironment::isComplianceJava9OrHigher@16 (line 591)
                      ; - org.eclipse.jdt.internal.core.search.matching.JavaSearchNameEnvironment::<init>@10 (line 80)
  0x000079587495f030: ad04 e926 | d2ff ff48 

  0x000079587495f038: ;   {runtime_call fast_new_instance Runtime1 stub}
  0x000079587495f038: 8bd2 e8c1 

  0x000079587495f03c: ; ImmutableOopMap {rbx=Oop [152]=Oop [160]=Oop [168]=Oop }
                      ;*new {reexecute=0 rethrow=0 return_oop=0}
                      ; - org.eclipse.jdt.internal.core.search.matching.JavaSearchNameEnvironment::<init>@17 (line 81)
  0x000079587495f03c: 4bad 04e9 | 27d3 ffff 

  0x000079587495f044: ;   {metadata({method} {0x0000795827401128} '<init>' '()V' in 'java/util/HashMap')}
  0x000079587495f044: 49ba 2811 | 4027 5879 | 0000 4c89 | 5424 0848 | c704 24ff 

  0x000079587495f058: ;   {runtime_call counter_overflow Runtime1 stub}
  0x000079587495f058: ffff ffe8 

  0x000079587495f05c: ; ImmutableOopMap {rbx=Oop rax=Oop [152]=Oop [160]=Oop [168]=Oop }
                      ;*synchronization entry
                      ; - java.util.HashMap::<init>@-1
                      ; - org.eclipse.jdt.internal.core.search.matching.JavaSearchNameEnvironment::<init>@21 (line 81)
  0x000079587495f05c: 20b6 ad04 | e942 d3ff 

  0x000079587495f064: ;   {metadata({method} {0x0000795827408488} '<init>' '()V' in 'java/util/AbstractMap')}
  0x000079587495f064: ff49 ba88 | 8440 2758 | 7900 004c | 8954 2408 | 48c7 0424 | ffff ffff 

  0x000079587495f07c: ;   {runtime_call counter_overflow Runtime1 stub}
  0x000079587495f07c: e8ff b5ad 

  0x000079587495f080: ; ImmutableOopMap {rbx=Oop rax=Oop [152]=Oop [160]=Oop [168]=Oop }
                      ;*synchronization entry
                      ; - java.util.AbstractMap::<init>@-1
                      ; - java.util.HashMap::<init>@1
                      ; - org.eclipse.jdt.internal.core.search.matching.JavaSearchNameEnvironment::<init>@21 (line 81)
  0x000079587495f080: 04e9 5dd3 

  0x000079587495f084: ;   {metadata({method} {0x0000795827475450} '<init>' '()V' in 'java/lang/Object')}
  0x000079587495f084: ffff 49ba | 5054 4727 | 5879 0000 | 4c89 5424 | 0848 c704 | 24ff ffff 

  0x000079587495f09c: ;   {runtime_call counter_overflow Runtime1 stub}
  0x000079587495f09c: ffe8 deb5 

  0x000079587495f0a0: ; ImmutableOopMap {rbx=Oop rax=Oop [152]=Oop [160]=Oop [168]=Oop }
                      ;*synchronization entry
                      ; - java.lang.Object::<init>@-1
                      ; - java.util.AbstractMap::<init>@1
                      ; - java.util.HashMap::<init>@1
                      ; - org.eclipse.jdt.internal.core.search.matching.JavaSearchNameEnvironment::<init>@21 (line 81)
  0x000079587495f0a0: ad04 e978 | d3ff ff48 

  0x000079587495f0a8: ;   {runtime_call fast_new_instance Runtime1 stub}
  0x000079587495f0a8: 8bd2 e851 

  0x000079587495f0ac: ; ImmutableOopMap {rbx=Oop [152]=Oop [160]=Oop [168]=Oop }
                      ;*new {reexecute=0 rethrow=0 return_oop=0}
                      ; - org.eclipse.jdt.internal.core.search.matching.JavaSearchNameEnvironment::<init>@28 (line 82)
  0x000079587495f0ac: 4bad 04e9 | ebd3 ffff 

  0x000079587495f0b4: ;   {metadata({method} {0x0000795827401128} '<init>' '()V' in 'java/util/HashMap')}
  0x000079587495f0b4: 49ba 2811 | 4027 5879 | 0000 4c89 | 5424 0848 | c704 24ff 

  0x000079587495f0c8: ;   {runtime_call counter_overflow Runtime1 stub}
  0x000079587495f0c8: ffff ffe8 

  0x000079587495f0cc: ; ImmutableOopMap {rbx=Oop rax=Oop [152]=Oop [160]=Oop [168]=Oop }
                      ;*synchronization entry
                      ; - java.util.HashMap::<init>@-1
                      ; - org.eclipse.jdt.internal.core.search.matching.JavaSearchNameEnvironment::<init>@32 (line 82)
  0x000079587495f0cc: b0b5 ad04 | e906 d4ff 

  0x000079587495f0d4: ;   {metadata({method} {0x0000795827408488} '<init>' '()V' in 'java/util/AbstractMap')}
  0x000079587495f0d4: ff49 ba88 | 8440 2758 | 7900 004c | 8954 2408 | 48c7 0424 | ffff ffff 

  0x000079587495f0ec: ;   {runtime_call counter_overflow Runtime1 stub}
  0x000079587495f0ec: e88f b5ad 

  0x000079587495f0f0: ; ImmutableOopMap {rbx=Oop rax=Oop [152]=Oop [160]=Oop [168]=Oop }
                      ;*synchronization entry
                      ; - java.util.AbstractMap::<init>@-1
                      ; - java.util.HashMap::<init>@1
                      ; - org.eclipse.jdt.internal.core.search.matching.JavaSearchNameEnvironment::<init>@32 (line 82)
  0x000079587495f0f0: 04e9 21d4 

  0x000079587495f0f4: ;   {metadata({method} {0x0000795827475450} '<init>' '()V' in 'java/lang/Object')}
  0x000079587495f0f4: ffff 49ba | 5054 4727 | 5879 0000 | 4c89 5424 | 0848 c704 | 24ff ffff 

  0x000079587495f10c: ;   {runtime_call counter_overflow Runtime1 stub}
  0x000079587495f10c: ffe8 6eb5 

  0x000079587495f110: ; ImmutableOopMap {rbx=Oop rax=Oop [152]=Oop [160]=Oop [168]=Oop }
                      ;*synchronization entry
                      ; - java.lang.Object::<init>@-1
                      ; - java.util.AbstractMap::<init>@1
                      ; - java.util.HashMap::<init>@1
                      ; - org.eclipse.jdt.internal.core.search.matching.JavaSearchNameEnvironment::<init>@32 (line 82)
  0x000079587495f110: ad04 e93c | d4ff ff48 

  0x000079587495f118: ;   {runtime_call fast_new_instance Runtime1 stub}
  0x000079587495f118: 8bd2 e8e1 

  0x000079587495f11c: ; ImmutableOopMap {rbx=Oop [152]=Oop [160]=Oop [168]=Oop }
                      ;*new {reexecute=0 rethrow=0 return_oop=0}
                      ; - org.eclipse.jdt.internal.core.search.matching.JavaSearchNameEnvironment::<init>@39 (line 84)
  0x000079587495f11c: 4aad 04e9 | a5d4 ffff 

  0x000079587495f124: ;   {metadata({method} {0x0000795827401128} '<init>' '()V' in 'java/util/HashMap')}
  0x000079587495f124: 49ba 2811 | 4027 5879 | 0000 4c89 | 5424 0848 | c704 24ff 

  0x000079587495f138: ;   {runtime_call counter_overflow Runtime1 stub}
  0x000079587495f138: ffff ffe8 

  0x000079587495f13c: ; ImmutableOopMap {rbx=Oop rax=Oop [152]=Oop [160]=Oop [168]=Oop }
                      ;*synchronization entry
                      ; - java.util.HashMap::<init>@-1
                      ; - org.eclipse.jdt.internal.core.search.matching.JavaSearchNameEnvironment::<init>@43 (line 84)
  0x000079587495f13c: 40b5 ad04 | e9c0 d4ff 

  0x000079587495f144: ;   {metadata({method} {0x0000795827408488} '<init>' '()V' in 'java/util/AbstractMap')}
  0x000079587495f144: ff49 ba88 | 8440 2758 | 7900 004c | 8954 2408 | 48c7 0424 | ffff ffff 

  0x000079587495f15c: ;   {runtime_call counter_overflow Runtime1 stub}
  0x000079587495f15c: e81f b5ad 

  0x000079587495f160: ; ImmutableOopMap {rbx=Oop rax=Oop [152]=Oop [160]=Oop [168]=Oop }
                      ;*synchronization entry
                      ; - java.util.AbstractMap::<init>@-1
                      ; - java.util.HashMap::<init>@1
                      ; - org.eclipse.jdt.internal.core.search.matching.JavaSearchNameEnvironment::<init>@43 (line 84)
  0x000079587495f160: 04e9 dbd4 

  0x000079587495f164: ;   {metadata({method} {0x0000795827475450} '<init>' '()V' in 'java/lang/Object')}
  0x000079587495f164: ffff 49ba | 5054 4727 | 5879 0000 | 4c89 5424 | 0848 c704 | 24ff ffff 

  0x000079587495f17c: ;   {runtime_call counter_overflow Runtime1 stub}
  0x000079587495f17c: ffe8 feb4 

  0x000079587495f180: ; ImmutableOopMap {rbx=Oop rax=Oop [152]=Oop [160]=Oop [168]=Oop }
                      ;*synchronization entry
                      ; - java.lang.Object::<init>@-1
                      ; - java.util.AbstractMap::<init>@1
                      ; - java.util.HashMap::<init>@1
                      ; - org.eclipse.jdt.internal.core.search.matching.JavaSearchNameEnvironment::<init>@43 (line 84)
  0x000079587495f180: ad04 e9f6 | d4ff ff48 

  0x000079587495f188: ;   {runtime_call fast_new_instance Runtime1 stub}
  0x000079587495f188: 8bd2 e871 

  0x000079587495f18c: ; ImmutableOopMap {rbx=Oop [152]=Oop [160]=Oop [168]=Oop }
                      ;*new {reexecute=0 rethrow=0 return_oop=0}
                      ; - org.eclipse.jdt.internal.core.search.matching.JavaSearchNameEnvironment::<init>@50 (line 85)
  0x000079587495f18c: 4aad 04e9 | 69d5 ffff 

  0x000079587495f194: ;   {metadata({method} {0x0000795827401128} '<init>' '()V' in 'java/util/HashMap')}
  0x000079587495f194: 49ba 2811 | 4027 5879 | 0000 4c89 | 5424 0848 | c704 24ff 

  0x000079587495f1a8: ;   {runtime_call counter_overflow Runtime1 stub}
  0x000079587495f1a8: ffff ffe8 

  0x000079587495f1ac: ; ImmutableOopMap {rbx=Oop rax=Oop [152]=Oop [160]=Oop [168]=Oop }
                      ;*synchronization entry
                      ; - java.util.HashMap::<init>@-1
                      ; - org.eclipse.jdt.internal.core.search.matching.JavaSearchNameEnvironment::<init>@54 (line 85)
  0x000079587495f1ac: d0b4 ad04 | e984 d5ff 

  0x000079587495f1b4: ;   {metadata({method} {0x0000795827408488} '<init>' '()V' in 'java/util/AbstractMap')}
  0x000079587495f1b4: ff49 ba88 | 8440 2758 | 7900 004c | 8954 2408 | 48c7 0424 | ffff ffff 

  0x000079587495f1cc: ;   {runtime_call counter_overflow Runtime1 stub}
  0x000079587495f1cc: e8af b4ad 

  0x000079587495f1d0: ; ImmutableOopMap {rbx=Oop rax=Oop [152]=Oop [160]=Oop [168]=Oop }
                      ;*synchronization entry
                      ; - java.util.AbstractMap::<init>@-1
                      ; - java.util.HashMap::<init>@1
                      ; - org.eclipse.jdt.internal.core.search.matching.JavaSearchNameEnvironment::<init>@54 (line 85)
  0x000079587495f1d0: 04e9 9fd5 

  0x000079587495f1d4: ;   {metadata({method} {0x0000795827475450} '<init>' '()V' in 'java/lang/Object')}
  0x000079587495f1d4: ffff 49ba | 5054 4727 | 5879 0000 | 4c89 5424 | 0848 c704 | 24ff ffff 

  0x000079587495f1ec: ;   {runtime_call counter_overflow Runtime1 stub}
  0x000079587495f1ec: ffe8 8eb4 

  0x000079587495f1f0: ; ImmutableOopMap {rbx=Oop rax=Oop [152]=Oop [160]=Oop [168]=Oop }
                      ;*synchronization entry
                      ; - java.lang.Object::<init>@-1
                      ; - java.util.AbstractMap::<init>@1
                      ; - java.util.HashMap::<init>@1
                      ; - org.eclipse.jdt.internal.core.search.matching.JavaSearchNameEnvironment::<init>@54 (line 85)
  0x000079587495f1f0: ad04 e9ba 

  0x000079587495f1f4: ;   {metadata({method} {0x000079581d2ad320} 'trace' '(Ljava/lang/String;)V' in 'org/eclipse/jdt/internal/core/JavaModelManager')}
  0x000079587495f1f4: d5ff ff49 | ba20 d32a | 1d58 7900 | 004c 8954 | 2408 48c7 | 0424 ffff 

  0x000079587495f20c: ;   {runtime_call counter_overflow Runtime1 stub}
  0x000079587495f20c: ffff e86d 

  0x000079587495f210: ; ImmutableOopMap {rbx=Oop [152]=Oop [160]=Oop [168]=Oop }
                      ;*synchronization entry
                      ; - org.eclipse.jdt.internal.core.JavaModelManager::trace@-1 (line 4704)
                      ; - org.eclipse.jdt.internal.core.search.matching.JavaSearchNameEnvironment::<init>@70 (line 89)
  0x000079587495f210: b4ad 04e9 | 4ad6 ffff 

  0x000079587495f218: ;   {runtime_call throw_null_pointer_exception Runtime1 stub}
  0x000079587495f218: e803 3dad 

  0x000079587495f21c: ; ImmutableOopMap {rdi=Oop [152]=Oop [160]=Oop [168]=Oop }
                      ;*invokevirtual println {reexecute=0 rethrow=0 return_oop=0}
                      ; - org.eclipse.jdt.internal.core.JavaModelManager::trace@10 (line 4705)
                      ; - org.eclipse.jdt.internal.core.search.matching.JavaSearchNameEnvironment::<init>@70 (line 89)
                      ;   {metadata({method} {0x0000795827455910} 'valueOf' '(Ljava/lang/Object;)Ljava/lang/String;' in 'java/lang/String')}
  0x000079587495f21c: 0449 ba10 | 5945 2758 | 7900 004c | 8954 2408 | 48c7 0424 | ffff ffff 

  0x000079587495f234: ;   {runtime_call counter_overflow Runtime1 stub}
  0x000079587495f234: e847 b4ad 

  0x000079587495f238: ; ImmutableOopMap {rdx=Oop [152]=Oop [160]=Oop [168]=Oop }
                      ;*synchronization entry
                      ; - java.lang.String::valueOf@-1
                      ; - org.eclipse.jdt.internal.core.search.matching.JavaSearchNameEnvironment::<init>@74 (line 90)
  0x000079587495f238: 04e9 47d7 

  0x000079587495f23c: ;   {runtime_call throw_null_pointer_exception Runtime1 stub}
  0x000079587495f23c: ffff e8dd 

  0x000079587495f240: ; ImmutableOopMap {rdx=Oop [152]=Oop [160]=Oop [168]=Oop }
                      ;*invokevirtual toString {reexecute=0 rethrow=0 return_oop=0}
                      ; - java.lang.String::valueOf@11
                      ; - org.eclipse.jdt.internal.core.search.matching.JavaSearchNameEnvironment::<init>@74 (line 90)
  0x000079587495f240: 3cad 0448 | ba00 0000 | 0000 0000 | 00b8 000f 

  0x000079587495f250: ;   {runtime_call load_appendix_patching Runtime1 stub}
  0x000079587495f250: 050a e829 

  0x000079587495f254: ; ImmutableOopMap {rsi=Oop [152]=Oop [160]=Oop [168]=Oop }
                      ;*invokedynamic {reexecute=1 rethrow=0 return_oop=0}
                      ; - (reexecute) org.eclipse.jdt.internal.core.search.matching.JavaSearchNameEnvironment::<init>@77 (line 90)
  0x000079587495f254: abad 04e9 | 2cd8 ffff 

  0x000079587495f25c: ;   {metadata({method} {0x000079581d2ad320} 'trace' '(Ljava/lang/String;)V' in 'org/eclipse/jdt/internal/core/JavaModelManager')}
  0x000079587495f25c: 49ba 20d3 | 2a1d 5879 | 0000 4c89 | 5424 0848 | c704 24ff 

  0x000079587495f270: ;   {runtime_call counter_overflow Runtime1 stub}
  0x000079587495f270: ffff ffe8 

  0x000079587495f274: ; ImmutableOopMap {rax=Oop [152]=Oop [160]=Oop [168]=Oop }
                      ;*synchronization entry
                      ; - org.eclipse.jdt.internal.core.JavaModelManager::trace@-1 (line 4704)
                      ; - org.eclipse.jdt.internal.core.search.matching.JavaSearchNameEnvironment::<init>@82 (line 90)
  0x000079587495f274: 08b4 ad04 | e980 d8ff 

  0x000079587495f27c: ;   {runtime_call throw_null_pointer_exception Runtime1 stub}
  0x000079587495f27c: ffe8 9e3c 

  0x000079587495f280: ; ImmutableOopMap {rax=Oop rsi=Oop [152]=Oop [160]=Oop [168]=Oop }
                      ;*invokevirtual println {reexecute=0 rethrow=0 return_oop=0}
                      ; - org.eclipse.jdt.internal.core.JavaModelManager::trace@10 (line 4705)
                      ; - org.eclipse.jdt.internal.core.search.matching.JavaSearchNameEnvironment::<init>@82 (line 90)
                      ;   {runtime_call throw_null_pointer_exception Runtime1 stub}
  0x000079587495f280: ad04 e899 

  0x000079587495f284: ; ImmutableOopMap {rcx=Oop [152]=Oop [160]=Oop [168]=Oop }
                      ;*arraylength {reexecute=0 rethrow=0 return_oop=0}
                      ; - org.eclipse.jdt.internal.core.search.matching.JavaSearchNameEnvironment::<init>@94 (line 91)
  0x000079587495f284: 3cad 0448 | ba00 0000 | 0000 0000 | 00b8 000f 

  0x000079587495f294: ;   {runtime_call load_appendix_patching Runtime1 stub}
  0x000079587495f294: 050a e8e5 

  0x000079587495f298: ; ImmutableOopMap {[152]=Oop [160]=Oop [168]=Oop }
                      ;*invokedynamic {reexecute=1 rethrow=0 return_oop=0}
                      ; - (reexecute) org.eclipse.jdt.internal.core.search.matching.JavaSearchNameEnvironment::<init>@95 (line 91)
  0x000079587495f298: aaad 04e9 | 88d9 ffff 

  0x000079587495f2a0: ;   {metadata({method} {0x000079581d2ad320} 'trace' '(Ljava/lang/String;)V' in 'org/eclipse/jdt/internal/core/JavaModelManager')}
  0x000079587495f2a0: 49ba 20d3 | 2a1d 5879 | 0000 4c89 | 5424 0848 | c704 24ff 

  0x000079587495f2b4: ;   {runtime_call counter_overflow Runtime1 stub}
  0x000079587495f2b4: ffff ffe8 

  0x000079587495f2b8: ; ImmutableOopMap {rax=Oop [152]=Oop [160]=Oop [168]=Oop }
                      ;*synchronization entry
                      ; - org.eclipse.jdt.internal.core.JavaModelManager::trace@-1 (line 4704)
                      ; - org.eclipse.jdt.internal.core.search.matching.JavaSearchNameEnvironment::<init>@100 (line 91)
  0x000079587495f2b8: c4b3 ad04 | e9dc d9ff 

  0x000079587495f2c0: ;   {runtime_call throw_null_pointer_exception Runtime1 stub}
  0x000079587495f2c0: ffe8 5a3c 

  0x000079587495f2c4: ; ImmutableOopMap {rax=Oop rsi=Oop [152]=Oop [160]=Oop [168]=Oop }
                      ;*invokevirtual println {reexecute=0 rethrow=0 return_oop=0}
                      ; - org.eclipse.jdt.internal.core.JavaModelManager::trace@10 (line 4705)
                      ; - org.eclipse.jdt.internal.core.search.matching.JavaSearchNameEnvironment::<init>@100 (line 91)
  0x000079587495f2c4: ad04 4889 

  0x000079587495f2c8: ;   {runtime_call throw_class_cast_exception Runtime1 stub}
  0x000079587495f2c8: 1424 e851 

  0x000079587495f2cc: ; ImmutableOopMap {rsi=Oop [152]=Oop [168]=Oop }
                      ;*checkcast {reexecute=0 rethrow=0 return_oop=0}
                      ; - org.eclipse.jdt.internal.core.search.matching.JavaSearchNameEnvironment::<init>@110 (line 95)
                      ;   {metadata({method} {0x000079581f6a8570} 'computeClasspathLocations' '(Lorg/eclipse/jdt/internal/core/JavaProject;)Ljava/util/LinkedHashSet;' in 'org/eclipse/jdt/internal/core/search/matching/JavaSearchNameEnvironment')}
  0x000079587495f2cc: 79ad 0449 | ba70 856a | 1f58 7900 | 004c 8954 | 2408 48c7 | 0424 ffff 

  0x000079587495f2e4: ;   {runtime_call counter_overflow Runtime1 stub}
  0x000079587495f2e4: ffff e895 

  0x000079587495f2e8: ; ImmutableOopMap {rsi=Oop rdx=Oop [152]=Oop [168]=Oop }
                      ;*synchronization entry
                      ; - org.eclipse.jdt.internal.core.search.matching.JavaSearchNameEnvironment::computeClasspathLocations@-1 (line 187)
                      ; - org.eclipse.jdt.internal.core.search.matching.JavaSearchNameEnvironment::<init>@113 (line 95)
  0x000079587495f2e8: b3ad 04e9 | e2db ffff 

  0x000079587495f2f0: ;   {runtime_call throw_null_pointer_exception Runtime1 stub}
  0x000079587495f2f0: e82b 3cad 

  0x000079587495f2f4: ; ImmutableOopMap {rax=Oop rsi=Oop [152]=Oop }
                      ;*invokeinterface size {reexecute=0 rethrow=0 return_oop=0}
                      ; - org.eclipse.jdt.internal.core.search.matching.JavaSearchNameEnvironment::<init>@131 (line 99)
                      ;   {runtime_call throw_null_pointer_exception Runtime1 stub}
  0x000079587495f2f4: 04e8 263c 

  0x000079587495f2f8: ; ImmutableOopMap {rsi=Oop rbx=Oop [152]=Oop }
                      ;*invokevirtual stream {reexecute=0 rethrow=0 return_oop=0}
                      ; - org.eclipse.jdt.internal.core.search.matching.JavaSearchNameEnvironment::<init>@143 (line 100)
                      ;   {metadata({method} {0x0000795827058b88} 'stream' '()Ljava/util/stream/Stream;' in 'java/util/Collection')}
  0x000079587495f2f8: ad04 49ba | 888b 0527 | 5879 0000 | 4c89 5424 | 0848 c704 | 24ff ffff 

  0x000079587495f310: ;   {runtime_call counter_overflow Runtime1 stub}
  0x000079587495f310: ffe8 6ab3 

  0x000079587495f314: ; ImmutableOopMap {rsi=Oop rbx=Oop [152]=Oop }
                      ;*synchronization entry
                      ; - java.util.Collection::stream@-1
                      ; - org.eclipse.jdt.internal.core.search.matching.JavaSearchNameEnvironment::<init>@143 (line 100)
  0x000079587495f314: ad04 e90f 

  0x000079587495f318: ;   {metadata({method} {0x00007958270f4da0} 'spliterator' '()Ljava/util/Spliterator;' in 'java/util/LinkedHashSet')}
  0x000079587495f318: deff ff49 | baa0 4d0f | 2758 7900 | 004c 8954 | 2408 48c7 | 0424 ffff 

  0x000079587495f330: ;   {runtime_call counter_overflow Runtime1 stub}
  0x000079587495f330: ffff e849 

  0x000079587495f334: ; ImmutableOopMap {rsi=Oop rbx=Oop [152]=Oop }
                      ;*synchronization entry
                      ; - java.util.LinkedHashSet::spliterator@-1
                      ; - java.util.Collection::stream@1
                      ; - org.eclipse.jdt.internal.core.search.matching.JavaSearchNameEnvironment::<init>@143 (line 100)
  0x000079587495f334: b3ad 04e9 | a8de ffff 

  0x000079587495f33c: ;   {metadata({method} {0x00007958270eaa48} 'spliterator' '(Ljava/util/Collection;I)Ljava/util/Spliterator;' in 'java/util/Spliterators')}
  0x000079587495f33c: 49ba 48aa | 0e27 5879 | 0000 4c89 | 5424 0848 | c704 24ff 

  0x000079587495f350: ;   {runtime_call counter_overflow Runtime1 stub}
  0x000079587495f350: ffff ffe8 

  0x000079587495f354: ; ImmutableOopMap {rsi=Oop rbx=Oop [152]=Oop }
                      ;*synchronization entry
                      ; - java.util.Spliterators::spliterator@-1
                      ; - java.util.LinkedHashSet::spliterator@3
                      ; - java.util.Collection::stream@1
                      ; - org.eclipse.jdt.internal.core.search.matching.JavaSearchNameEnvironment::<init>@143 (line 100)
  0x000079587495f354: 28b3 ad04 | e9c0 deff | ff48 8bd2 

  0x000079587495f360: ;   {runtime_call fast_new_instance Runtime1 stub}
  0x000079587495f360: e89b 48ad 

  0x000079587495f364: ; ImmutableOopMap {rbx=Oop [152]=Oop }
                      ;*new {reexecute=0 rethrow=0 return_oop=0}
                      ; - java.util.Spliterators::spliterator@0
                      ; - java.util.LinkedHashSet::spliterator@3
                      ; - java.util.Collection::stream@1
                      ; - org.eclipse.jdt.internal.core.search.matching.JavaSearchNameEnvironment::<init>@143 (line 100)
  0x000079587495f364: 04e9 0bdf 

  0x000079587495f368: ;   {metadata({method} {0x0000795827056360} 'requireNonNull' '(Ljava/lang/Object;)Ljava/lang/Object;' in 'java/util/Objects')}
  0x000079587495f368: ffff 49ba | 6063 0527 | 5879 0000 | 4c89 5424 | 0848 c704 | 24ff ffff 

  0x000079587495f380: ;   {runtime_call counter_overflow Runtime1 stub}
  0x000079587495f380: ffe8 fab2 

  0x000079587495f384: ; ImmutableOopMap {rbx=Oop rax=Oop [152]=Oop [192]=Oop }
                      ;*synchronization entry
                      ; - java.util.Objects::requireNonNull@-1
                      ; - java.util.Spliterators::spliterator@5
                      ; - java.util.LinkedHashSet::spliterator@3
                      ; - java.util.Collection::stream@1
                      ; - org.eclipse.jdt.internal.core.search.matching.JavaSearchNameEnvironment::<init>@143 (line 100)
  0x000079587495f384: ad04 e92b 

  0x000079587495f388: ;   {runtime_call throw_null_pointer_exception Runtime1 stub}
  0x000079587495f388: dfff ffe8 

  0x000079587495f38c: ; ImmutableOopMap {[152]=Oop [208]=Oop }
                      ;*invokevirtual getClass {reexecute=0 rethrow=0 return_oop=0}
                      ; - org.eclipse.jdt.internal.core.search.matching.JavaSearchNameEnvironment::<init>@149 (line 100)
  0x000079587495f38c: 903b ad04 

  0x000079587495f390: ;   {metadata({method} {0x00007958270ae8b8} 'linkToTargetMethod' '(Ljava/lang/Object;Ljava/lang/Object;)Ljava/lang/Object;' in 'java/lang/invoke/Invokers$Holder')}
  0x000079587495f390: 49ba b8e8 | 0a27 5879 | 0000 4c89 | 5424 0848 | c704 24ff 

  0x000079587495f3a4: ;   {runtime_call counter_overflow Runtime1 stub}
  0x000079587495f3a4: ffff ffe8 

  0x000079587495f3a8: ; ImmutableOopMap {rdi=Oop [152]=Oop [208]=Oop }
                      ;*synchronization entry
                      ; - java.lang.invoke.Invokers$Holder::linkToTargetMethod@-1
                      ; - org.eclipse.jdt.internal.core.search.matching.JavaSearchNameEnvironment::<init>@153 (line 100)
  0x000079587495f3a8: d4b2 ad04 | e936 e0ff 

  0x000079587495f3b0: ;   {metadata({method} {0x00007958270b4ad8} 'newInvokeSpecial' '(Ljava/lang/Object;Ljava/lang/Object;)Ljava/lang/Object;' in 'java/lang/invoke/DirectMethodHandle$Holder')}
  0x000079587495f3b0: ff49 bad8 | 4a0b 2758 | 7900 004c | 8954 2408 | 48c7 0424 | ffff ffff 

  0x000079587495f3c8: ;   {runtime_call counter_overflow Runtime1 stub}
  0x000079587495f3c8: e8b3 b2ad 

  0x000079587495f3cc: ; ImmutableOopMap {rdi=Oop [152]=Oop [208]=Oop }
                      ;*synchronization entry
                      ; - java.lang.invoke.DirectMethodHandle$Holder::newInvokeSpecial@-1
                      ; - java.lang.invoke.Invokers$Holder::linkToTargetMethod@5
                      ; - org.eclipse.jdt.internal.core.search.matching.JavaSearchNameEnvironment::<init>@153 (line 100)
  0x000079587495f3cc: 04e9 6ee0 

  0x000079587495f3d0: ;   {metadata({method} {0x00007958270a1638} 'allocateInstance' '(Ljava/lang/Object;)Ljava/lang/Object;' in 'java/lang/invoke/DirectMethodHandle')}
  0x000079587495f3d0: ffff 49ba | 3816 0a27 | 5879 0000 | 4c89 5424 | 0848 c704 | 24ff ffff 

  0x000079587495f3e8: ;   {runtime_call counter_overflow Runtime1 stub}
  0x000079587495f3e8: ffe8 92b2 

  0x000079587495f3ec: ; ImmutableOopMap {rdi=Oop [152]=Oop [208]=Oop }
                      ;*synchronization entry
                      ; - java.lang.invoke.DirectMethodHandle::allocateInstance@-1
                      ; - java.lang.invoke.DirectMethodHandle$Holder::newInvokeSpecial@1
                      ; - java.lang.invoke.Invokers$Holder::linkToTargetMethod@5
                      ; - org.eclipse.jdt.internal.core.search.matching.JavaSearchNameEnvironment::<init>@153 (line 100)
  0x000079587495f3ec: ad04 e9a8 

  0x000079587495f3f0: ;   {metadata({method} {0x00007958270a20e0} 'constructorMethod' '(Ljava/lang/Object;)Ljava/lang/Object;' in 'java/lang/invoke/DirectMethodHandle')}
  0x000079587495f3f0: e0ff ff49 | bae0 200a | 2758 7900 | 004c 8954 | 2408 48c7 | 0424 ffff 

  0x000079587495f408: ;   {runtime_call counter_overflow Runtime1 stub}
  0x000079587495f408: ffff e871 

  0x000079587495f40c: ; ImmutableOopMap {rax=Oop [152]=Oop [208]=Oop }
                      ;*synchronization entry
                      ; - java.lang.invoke.DirectMethodHandle::constructorMethod@-1
                      ; - java.lang.invoke.DirectMethodHandle$Holder::newInvokeSpecial@6
                      ; - java.lang.invoke.Invokers$Holder::linkToTargetMethod@5
                      ; - org.eclipse.jdt.internal.core.search.matching.JavaSearchNameEnvironment::<init>@153 (line 100)
  0x000079587495f40c: b2ad 04e9 | 4be1 ffff 

  0x000079587495f414: ;   {runtime_call throw_null_pointer_exception Runtime1 stub}
  0x000079587495f414: e807 3bad 

  0x000079587495f418: ; ImmutableOopMap {rax=Oop [152]=Oop [208]=Oop }
                      ;*invokestatic linkToSpecial {reexecute=0 rethrow=0 return_oop=0}
                      ; - java.lang.invoke.DirectMethodHandle$Holder::newInvokeSpecial@16
                      ; - java.lang.invoke.Invokers$Holder::linkToTargetMethod@5
                      ; - org.eclipse.jdt.internal.core.search.matching.JavaSearchNameEnvironment::<init>@153 (line 100)
                      ;   {metadata({method} {0x000079581feff9e8} '<init>' '(Ljava/lang/Class;)V' in 'org/eclipse/jdt/internal/core/search/matching/JavaSearchNameEnvironment$$Lambda+0x00007958287bfb30')}
  0x000079587495f418: 0449 bae8 | f9ef 1f58 | 7900 004c | 8954 2408 | 48c7 0424 | ffff ffff 

  0x000079587495f430: ;   {runtime_call counter_overflow Runtime1 stub}
  0x000079587495f430: e84b b2ad 

  0x000079587495f434: ; ImmutableOopMap {rax=Oop [152]=Oop [208]=Oop }
                      ;*synchronization entry
                      ; - org.eclipse.jdt.internal.core.search.matching.JavaSearchNameEnvironment$$Lambda/0x00007958287bfb30::<init>@-1
                      ; - java.lang.invoke.DirectMethodHandle$Holder::newInvokeSpecial@16
                      ; - java.lang.invoke.Invokers$Holder::linkToTargetMethod@5
                      ; - org.eclipse.jdt.internal.core.search.matching.JavaSearchNameEnvironment::<init>@153 (line 100)
  0x000079587495f434: 04e9 8ee1 

  0x000079587495f438: ;   {metadata({method} {0x0000795827475450} '<init>' '()V' in 'java/lang/Object')}
  0x000079587495f438: ffff 49ba | 5054 4727 | 5879 0000 | 4c89 5424 | 0848 c704 | 24ff ffff 

  0x000079587495f450: ;   {runtime_call counter_overflow Runtime1 stub}
  0x000079587495f450: ffe8 2ab2 

  0x000079587495f454: ; ImmutableOopMap {rax=Oop [152]=Oop [208]=Oop }
                      ;*synchronization entry
                      ; - java.lang.Object::<init>@-1
                      ; - org.eclipse.jdt.internal.core.search.matching.JavaSearchNameEnvironment$$Lambda/0x00007958287bfb30::<init>@1
                      ; - java.lang.invoke.DirectMethodHandle$Holder::newInvokeSpecial@16
                      ; - java.lang.invoke.Invokers$Holder::linkToTargetMethod@5
                      ; - org.eclipse.jdt.internal.core.search.matching.JavaSearchNameEnvironment::<init>@153 (line 100)
  0x000079587495f454: ad04 e9a9 

  0x000079587495f458: ;   {runtime_call throw_incompatible_class_change_error Runtime1 stub}
  0x000079587495f458: e1ff ffe8 

  0x000079587495f45c: ; ImmutableOopMap {rax=Oop rsi=Oop [152]=Oop }
                      ;*invokeinterface filter {reexecute=0 rethrow=0 return_oop=0}
                      ; - org.eclipse.jdt.internal.core.search.matching.JavaSearchNameEnvironment::<init>@158 (line 100)
  0x000079587495f45c: c07d ad04 

  0x000079587495f460: ;   {runtime_call throw_null_pointer_exception Runtime1 stub}
  0x000079587495f460: e8bb 3aad 

  0x000079587495f464: ; ImmutableOopMap {rax=Oop rsi=Oop [152]=Oop }
                      ;*invokeinterface filter {reexecute=0 rethrow=0 return_oop=0}
                      ; - org.eclipse.jdt.internal.core.search.matching.JavaSearchNameEnvironment::<init>@158 (line 100)
                      ;   {runtime_call throw_incompatible_class_change_error Runtime1 stub}
  0x000079587495f464: 04e8 b67d 

  0x000079587495f468: ; ImmutableOopMap {rax=Oop [152]=Oop }
                      ;*invokeinterface findFirst {reexecute=0 rethrow=0 return_oop=0}
                      ; - org.eclipse.jdt.internal.core.search.matching.JavaSearchNameEnvironment::<init>@163 (line 100)
                      ;   {runtime_call throw_null_pointer_exception Runtime1 stub}
  0x000079587495f468: ad04 e8b1 

  0x000079587495f46c: ; ImmutableOopMap {rax=Oop [152]=Oop }
                      ;*invokeinterface findFirst {reexecute=0 rethrow=0 return_oop=0}
                      ; - org.eclipse.jdt.internal.core.search.matching.JavaSearchNameEnvironment::<init>@163 (line 100)
                      ;   {metadata({method} {0x00007958270e21c0} 'findFirst' '()Ljava/util/Optional;' in 'java/util/stream/ReferencePipeline')}
  0x000079587495f46c: 3aad 0449 | bac0 210e | 2758 7900 | 004c 8954 | 2408 48c7 | 0424 ffff 

  0x000079587495f484: ;   {runtime_call counter_overflow Runtime1 stub}
  0x000079587495f484: ffff e8f5 

  0x000079587495f488: ; ImmutableOopMap {rax=Oop [152]=Oop }
                      ;*synchronization entry
                      ; - java.util.stream.ReferencePipeline::findFirst@-1
                      ; - org.eclipse.jdt.internal.core.search.matching.JavaSearchNameEnvironment::<init>@163 (line 100)
  0x000079587495f488: b1ad 04e9 | f6e3 ffff 

  0x000079587495f490: ;   {metadata({method} {0x0000795827342f28} 'makeRef' '(Z)Ljava/util/stream/TerminalOp;' in 'java/util/stream/FindOps')}
  0x000079587495f490: 49ba 282f | 3427 5879 | 0000 4c89 | 5424 0848 | c704 24ff 

  0x000079587495f4a4: ;   {runtime_call counter_overflow Runtime1 stub}
  0x000079587495f4a4: ffff ffe8 

  0x000079587495f4a8: ; ImmutableOopMap {rax=Oop [152]=Oop }
                      ;*synchronization entry
                      ; - java.util.stream.FindOps::makeRef@-1
                      ; - java.util.stream.ReferencePipeline::findFirst@2
                      ; - org.eclipse.jdt.internal.core.search.matching.JavaSearchNameEnvironment::<init>@163 (line 100)
  0x000079587495f4a8: d4b1 ad04 | e90e e4ff | ff48 8904 

  0x000079587495f4b4: ;   {runtime_call throw_class_cast_exception Runtime1 stub}
  0x000079587495f4b4: 24e8 6677 

  0x000079587495f4b8: ; ImmutableOopMap {[152]=Oop }
                      ;*checkcast {reexecute=0 rethrow=0 return_oop=0}
                      ; - java.util.stream.ReferencePipeline::findFirst@8
                      ; - org.eclipse.jdt.internal.core.search.matching.JavaSearchNameEnvironment::<init>@163 (line 100)
                      ;   {runtime_call throw_null_pointer_exception Runtime1 stub}
  0x000079587495f4b8: ad04 e861 

  0x000079587495f4bc: ; ImmutableOopMap {rdi=Oop [152]=Oop [216]=Oop }
                      ;*invokevirtual isPresent {reexecute=0 rethrow=0 return_oop=0}
                      ; - org.eclipse.jdt.internal.core.search.matching.JavaSearchNameEnvironment::<init>@172 (line 101)
                      ;   {metadata({method} {0x00007958270e53e8} 'isPresent' '()Z' in 'java/util/Optional')}
  0x000079587495f4bc: 3aad 0449 | bae8 530e | 2758 7900 | 004c 8954 | 2408 48c7 | 0424 ffff 

  0x000079587495f4d4: ;   {runtime_call counter_overflow Runtime1 stub}
  0x000079587495f4d4: ffff e8a5 

  0x000079587495f4d8: ; ImmutableOopMap {rdi=Oop [152]=Oop [216]=Oop }
                      ;*synchronization entry
                      ; - java.util.Optional::isPresent@-1
                      ; - org.eclipse.jdt.internal.core.search.matching.JavaSearchNameEnvironment::<init>@172 (line 101)
  0x000079587495f4d8: b1ad 04e9 | 65e5 ffff 

  0x000079587495f4e0: ;   {metadata({method} {0x000079581d2ad320} 'trace' '(Ljava/lang/String;)V' in 'org/eclipse/jdt/internal/core/JavaModelManager')}
  0x000079587495f4e0: 49ba 20d3 | 2a1d 5879 | 0000 4c89 | 5424 0848 | c704 24ff 

  0x000079587495f4f4: ;   {runtime_call counter_overflow Runtime1 stub}
  0x000079587495f4f4: ffff ffe8 

  0x000079587495f4f8: ; ImmutableOopMap {[152]=Oop }
                      ;*synchronization entry
                      ; - org.eclipse.jdt.internal.core.JavaModelManager::trace@-1 (line 4704)
                      ; - org.eclipse.jdt.internal.core.search.matching.JavaSearchNameEnvironment::<init>@186 (line 112)
  0x000079587495f4f8: 84b1 ad04 | e93e e6ff 

  0x000079587495f500: ;   {runtime_call throw_null_pointer_exception Runtime1 stub}
  0x000079587495f500: ffe8 1a3a 

  0x000079587495f504: ; ImmutableOopMap {rsi=Oop [152]=Oop }
                      ;*invokevirtual println {reexecute=0 rethrow=0 return_oop=0}
                      ; - org.eclipse.jdt.internal.core.JavaModelManager::trace@10 (line 4705)
                      ; - org.eclipse.jdt.internal.core.search.matching.JavaSearchNameEnvironment::<init>@186 (line 112)
                      ;   {runtime_call throw_null_pointer_exception Runtime1 stub}
  0x000079587495f504: ad04 e815 

  0x000079587495f508: ; ImmutableOopMap {rsi=Oop rbx=Oop [152]=Oop [216]=Oop }
                      ;*invokeinterface keySet {reexecute=0 rethrow=0 return_oop=0}
                      ; - org.eclipse.jdt.internal.core.search.matching.JavaSearchNameEnvironment::<init>@196 (line 115)
                      ;   {runtime_call throw_null_pointer_exception Runtime1 stub}
  0x000079587495f508: 3aad 04e8 

  0x000079587495f50c: ; ImmutableOopMap {rax=Oop [152]=Oop [216]=Oop }
                      ;*invokeinterface iterator {reexecute=0 rethrow=0 return_oop=0}
                      ; - org.eclipse.jdt.internal.core.search.matching.JavaSearchNameEnvironment::<init>@201 (line 115)
  0x000079587495f50c: 103a ad04 

  0x000079587495f510: ;   {runtime_call throw_null_pointer_exception Runtime1 stub}
  0x000079587495f510: e80b 3aad 

  0x000079587495f514: ; ImmutableOopMap {rax=Oop [152]=Oop [216]=Oop [224]=Oop }
                      ;*invokeinterface hasNext {reexecute=0 rethrow=0 return_oop=0}
                      ; - org.eclipse.jdt.internal.core.search.matching.JavaSearchNameEnvironment::<init>@280 (line 115)
                      ;   {metadata({method} {0x000079581f69ff28} '<init>' '(Lorg/eclipse/jdt/core/IJavaProject;[Lorg/eclipse/jdt/core/ICompilationUnit;)V' in 'org/eclipse/jdt/internal/core/search/matching/JavaSearchNameEnvironment')}
  0x000079587495f514: 0449 ba28 | ff69 1f58 | 7900 004c | 8954 2408 | 48c7 0424 | 1d01 0000 

  0x000079587495f52c: ;   {runtime_call counter_overflow Runtime1 stub}
  0x000079587495f52c: e84f b1ad 

  0x000079587495f530: ; ImmutableOopMap {[152]=Oop [216]=Oop [224]=Oop }
                      ;*ifne {reexecute=1 rethrow=0 return_oop=0}
                      ; - (reexecute) org.eclipse.jdt.internal.core.search.matching.JavaSearchNameEnvironment::<init>@285 (line 115)
  0x000079587495f530: 04e9 73e9 | ffff 4889 

  0x000079587495f538: ;   {runtime_call throw_class_cast_exception Runtime1 stub}
  0x000079587495f538: 0424 e8e1 

  0x000079587495f53c: ; ImmutableOopMap {[152]=Oop [216]=Oop [224]=Oop }
                      ;*checkcast {reexecute=0 rethrow=0 return_oop=0}
                      ; - org.eclipse.jdt.internal.core.search.matching.JavaSearchNameEnvironment::<init>@218 (line 115)
                      ;   {runtime_call throw_null_pointer_exception Runtime1 stub}
  0x000079587495f53c: 76ad 04e8 

  0x000079587495f540: ; ImmutableOopMap {rdi=Oop [152]=Oop [216]=Oop [224]=Oop }
                      ;*invokevirtual lastIndexOf {reexecute=0 rethrow=0 return_oop=0}
                      ; - org.eclipse.jdt.internal.core.search.matching.JavaSearchNameEnvironment::<init>@227 (line 116)
  0x000079587495f540: dc39 ad04 

  0x000079587495f544: ;   {metadata({method} {0x00007958274543c0} 'lastIndexOf' '(I)I' in 'java/lang/String')}
  0x000079587495f544: 49ba c043 | 4527 5879 | 0000 4c89 | 5424 0848 | c704 24ff 

  0x000079587495f558: ;   {runtime_call counter_overflow Runtime1 stub}
  0x000079587495f558: ffff ffe8 

  0x000079587495f55c: ; ImmutableOopMap {rdi=Oop [152]=Oop [216]=Oop [224]=Oop }
                      ;*synchronization entry
                      ; - java.lang.String::lastIndexOf@-1
                      ; - org.eclipse.jdt.internal.core.search.matching.JavaSearchNameEnvironment::<init>@227 (line 116)
  0x000079587495f55c: 20b1 ad04 | e960 ebff 

  0x000079587495f564: ;   {metadata({method} {0x000079582700ee88} 'length' '()I' in 'java/lang/String')}
  0x000079587495f564: ff49 ba88 | ee00 2758 | 7900 004c | 8954 2408 | 48c7 0424 | ffff ffff 

  0x000079587495f57c: ;   {runtime_call counter_overflow Runtime1 stub}
  0x000079587495f57c: e8ff b0ad 

  0x000079587495f580: ; ImmutableOopMap {rdi=Oop [152]=Oop [216]=Oop [224]=Oop }
                      ;*synchronization entry
                      ; - java.lang.String::length@-1
                      ; - java.lang.String::lastIndexOf@3
                      ; - org.eclipse.jdt.internal.core.search.matching.JavaSearchNameEnvironment::<init>@227 (line 116)
  0x000079587495f580: 04e9 7beb 

  0x000079587495f584: ;   {runtime_call throw_null_pointer_exception Runtime1 stub}
  0x000079587495f584: ffff e895 

  0x000079587495f588: ; ImmutableOopMap {rdi=Oop rsi=Oop [152]=Oop [216]=Oop [224]=Oop }
                      ;*arraylength {reexecute=0 rethrow=0 return_oop=0}
                      ; - java.lang.String::length@4
                      ; - java.lang.String::lastIndexOf@3
                      ; - org.eclipse.jdt.internal.core.search.matching.JavaSearchNameEnvironment::<init>@227 (line 116)
                      ;   {metadata({method} {0x00007958274556a8} 'coder' '()B' in 'java/lang/String')}
  0x000079587495f588: 39ad 0449 | baa8 5645 | 2758 7900 | 004c 8954 | 2408 48c7 | 0424 ffff 

  0x000079587495f5a0: ;   {runtime_call counter_overflow Runtime1 stub}
  0x000079587495f5a0: ffff e8d9 

  0x000079587495f5a4: ; ImmutableOopMap {rdi=Oop rsi=Oop [152]=Oop [216]=Oop [224]=Oop }
                      ;*synchronization entry
                      ; - java.lang.String::coder@-1
                      ; - java.lang.String::length@6
                      ; - java.lang.String::lastIndexOf@3
                      ; - org.eclipse.jdt.internal.core.search.matching.JavaSearchNameEnvironment::<init>@227 (line 116)
  0x000079587495f5a4: b0ad 04e9 | 97eb ffff 

  0x000079587495f5ac: ;   {metadata({method} {0x0000795827454310} 'lastIndexOf' '(II)I' in 'java/lang/String')}
  0x000079587495f5ac: 49ba 1043 | 4527 5879 | 0000 4c89 | 5424 0848 | c704 24ff 

  0x000079587495f5c0: ;   {runtime_call counter_overflow Runtime1 stub}
  0x000079587495f5c0: ffff ffe8 

  0x000079587495f5c4: ; ImmutableOopMap {rdi=Oop rsi=Oop [152]=Oop [216]=Oop [224]=Oop }
                      ;*synchronization entry
                      ; - java.lang.String::lastIndexOf@-1
                      ; - java.lang.String::lastIndexOf@8
                      ; - org.eclipse.jdt.internal.core.search.matching.JavaSearchNameEnvironment::<init>@227 (line 116)
  0x000079587495f5c4: b8b0 ad04 | e9e6 ebff 

  0x000079587495f5cc: ;   {metadata({method} {0x0000795827454aa0} 'isLatin1' '()Z' in 'java/lang/String')}
  0x000079587495f5cc: ff49 baa0 | 4a45 2758 | 7900 004c | 8954 2408 | 48c7 0424 | ffff ffff 

  0x000079587495f5e4: ;   {runtime_call counter_overflow Runtime1 stub}
  0x000079587495f5e4: e897 b0ad 

  0x000079587495f5e8: ; ImmutableOopMap {rdi=Oop rsi=Oop [152]=Oop [216]=Oop [224]=Oop }
                      ;*synchronization entry
                      ; - java.lang.String::isLatin1@-1
                      ; - java.lang.String::lastIndexOf@1
                      ; - java.lang.String::lastIndexOf@8
                      ; - org.eclipse.jdt.internal.core.search.matching.JavaSearchNameEnvironment::<init>@227 (line 116)
  0x000079587495f5e8: 04e9 01ec 

  0x000079587495f5ec: ;   {metadata({method} {0x00007958270e5128} 'get' '()Ljava/lang/Object;' in 'java/util/Optional')}
  0x000079587495f5ec: ffff 49ba | 2851 0e27 | 5879 0000 | 4c89 5424 | 0848 c704 | 24ff ffff 

  0x000079587495f604: ;   {runtime_call counter_overflow Runtime1 stub}
  0x000079587495f604: ffe8 76b0 

  0x000079587495f608: ; ImmutableOopMap {rax=Oop [152]=Oop [216]=Oop [224]=Oop }
                      ;*synchronization entry
                      ; - java.util.Optional::get@-1
                      ; - org.eclipse.jdt.internal.core.search.matching.JavaSearchNameEnvironment::<init>@250 (line 119)
  0x000079587495f608: ad04 e986 

  0x000079587495f60c: ;   {metadata({method} {0x00007958270e5128} 'get' '()Ljava/lang/Object;' in 'java/util/Optional')}
  0x000079587495f60c: edff ff49 | ba28 510e | 2758 7900 | 004c 8954 | 2408 48c7 | 0424 ffff 

  0x000079587495f624: ;   {runtime_call counter_overflow Runtime1 stub}
  0x000079587495f624: ffff e855 

  0x000079587495f628: ; ImmutableOopMap {rdi=Oop [152]=Oop [216]=Oop [224]=Oop }
                      ;*synchronization entry
                      ; - java.util.Optional::get@-1
                      ; - org.eclipse.jdt.internal.core.search.matching.JavaSearchNameEnvironment::<init>@267 (line 121)
  0x000079587495f628: b0ad 04e9 | e8ed ffff | 4889 1424 

  0x000079587495f634: ;   {runtime_call throw_class_cast_exception Runtime1 stub}
  0x000079587495f634: e8e7 75ad 

  0x000079587495f638: ; ImmutableOopMap {[152]=Oop [216]=Oop [224]=Oop }
                      ;*checkcast {reexecute=0 rethrow=0 return_oop=0}
                      ; - org.eclipse.jdt.internal.core.search.matching.JavaSearchNameEnvironment::<init>@270 (line 121)
  0x000079587495f638: 0448 8934 

  0x000079587495f63c: ;   {runtime_call throw_class_cast_exception Runtime1 stub}
  0x000079587495f63c: 24e8 de75 

  0x000079587495f640: ; ImmutableOopMap {rax=Oop [152]=Oop [216]=Oop [224]=Oop }
                      ;*checkcast {reexecute=0 rethrow=0 return_oop=0}
                      ; - org.eclipse.jdt.internal.core.search.matching.JavaSearchNameEnvironment::<init>@253 (line 119)
                      ;   {runtime_call throw_null_pointer_exception Runtime1 stub}
  0x000079587495f640: ad04 e8d9 

  0x000079587495f644: ; ImmutableOopMap {rsi=Oop rdx=Oop [152]=Oop }
                      ;*invokevirtual size {reexecute=0 rethrow=0 return_oop=0}
                      ; - org.eclipse.jdt.internal.core.search.matching.JavaSearchNameEnvironment::<init>@309 (line 129)
                      ;   {metadata({method} {0x00007958270dbc50} 'size' '()I' in 'java/util/HashSet')}
  0x000079587495f644: 38ad 0449 | ba50 bc0d | 2758 7900 | 004c 8954 | 2408 48c7 | 0424 ffff 

  0x000079587495f65c: ;   {runtime_call counter_overflow Runtime1 stub}
  0x000079587495f65c: ffff e81d 

  0x000079587495f660: ; ImmutableOopMap {rsi=Oop rdx=Oop [152]=Oop }
                      ;*synchronization entry
                      ; - java.util.HashSet::size@-1
                      ; - org.eclipse.jdt.internal.core.search.matching.JavaSearchNameEnvironment::<init>@309 (line 129)
  0x000079587495f660: b0ad 04e9 | a1f1 ffff 

  0x000079587495f668: ;   {runtime_call throw_null_pointer_exception Runtime1 stub}
  0x000079587495f668: e8b3 38ad 

  0x000079587495f66c: ; ImmutableOopMap {rsi=Oop rdx=Oop [152]=Oop }
                      ;*invokevirtual size {reexecute=0 rethrow=0 return_oop=0}
                      ; - java.util.HashSet::size@4
                      ; - org.eclipse.jdt.internal.core.search.matching.JavaSearchNameEnvironment::<init>@309 (line 129)
  0x000079587495f66c: 0448 bf00 | 0000 0000 | 0000 00b8 | 000f 050a 

  0x000079587495f67c: ;   {runtime_call load_appendix_patching Runtime1 stub}
  0x000079587495f67c: e8ff a6ad 

  0x000079587495f680: ; ImmutableOopMap {[152]=Oop }
                      ;*invokedynamic {reexecute=1 rethrow=0 return_oop=0}
                      ; - (reexecute) org.eclipse.jdt.internal.core.search.matching.JavaSearchNameEnvironment::<init>@312 (line 129)
  0x000079587495f680: 04e9 22f2 

  0x000079587495f684: ;   {metadata({method} {0x000079581d2ad320} 'trace' '(Ljava/lang/String;)V' in 'org/eclipse/jdt/internal/core/JavaModelManager')}
  0x000079587495f684: ffff 49ba | 20d3 2a1d | 5879 0000 | 4c89 5424 | 0848 c704 | 24ff ffff 

  0x000079587495f69c: ;   {runtime_call counter_overflow Runtime1 stub}
  0x000079587495f69c: ffe8 deaf 

  0x000079587495f6a0: ; ImmutableOopMap {rax=Oop [152]=Oop }
                      ;*synchronization entry
                      ; - org.eclipse.jdt.internal.core.JavaModelManager::trace@-1 (line 4704)
                      ; - org.eclipse.jdt.internal.core.search.matching.JavaSearchNameEnvironment::<init>@317 (line 129)
  0x000079587495f6a0: ad04 e97e 

  0x000079587495f6a4: ;   {runtime_call throw_null_pointer_exception Runtime1 stub}
  0x000079587495f6a4: f2ff ffe8 

  0x000079587495f6a8: ; ImmutableOopMap {rax=Oop rsi=Oop [152]=Oop }
                      ;*invokevirtual println {reexecute=0 rethrow=0 return_oop=0}
                      ; - org.eclipse.jdt.internal.core.JavaModelManager::trace@10 (line 4705)
                      ; - org.eclipse.jdt.internal.core.search.matching.JavaSearchNameEnvironment::<init>@317 (line 129)
  0x000079587495f6a8: 7438 ad04 

  0x000079587495f6ac: ;   {runtime_call throw_null_pointer_exception Runtime1 stub}
  0x000079587495f6ac: e86f 38ad 

  0x000079587495f6b0: ; ImmutableOopMap {rsi=Oop }
                      ;*invokeinterface size {reexecute=0 rethrow=0 return_oop=0}
                      ; - org.eclipse.jdt.internal.core.search.matching.JavaSearchNameEnvironment::<init>@324 (line 130)
  0x000079587495f6b0: 0448 ba00 | 0000 0000 | 0000 00b8 | 000f 050a 

  0x000079587495f6c0: ;   {runtime_call load_appendix_patching Runtime1 stub}
  0x000079587495f6c0: e8bb a6ad 

  0x000079587495f6c4: ; ImmutableOopMap {}
                      ;*invokedynamic {reexecute=1 rethrow=0 return_oop=0}
                      ; - (reexecute) org.eclipse.jdt.internal.core.search.matching.JavaSearchNameEnvironment::<init>@329 (line 130)
  0x000079587495f6c4: 04e9 eef3 

  0x000079587495f6c8: ;   {metadata({method} {0x000079581d2ad320} 'trace' '(Ljava/lang/String;)V' in 'org/eclipse/jdt/internal/core/JavaModelManager')}
  0x000079587495f6c8: ffff 49ba | 20d3 2a1d | 5879 0000 | 4c89 5424 | 0848 c704 | 24ff ffff 

  0x000079587495f6e0: ;   {runtime_call counter_overflow Runtime1 stub}
  0x000079587495f6e0: ffe8 9aaf 

  0x000079587495f6e4: ; ImmutableOopMap {rax=Oop }
                      ;*synchronization entry
                      ; - org.eclipse.jdt.internal.core.JavaModelManager::trace@-1 (line 4704)
                      ; - org.eclipse.jdt.internal.core.search.matching.JavaSearchNameEnvironment::<init>@334 (line 130)
  0x000079587495f6e4: ad04 e942 

  0x000079587495f6e8: ;   {runtime_call throw_null_pointer_exception Runtime1 stub}
  0x000079587495f6e8: f4ff ffe8 

  0x000079587495f6ec: ; ImmutableOopMap {rax=Oop rsi=Oop }
                      ;*invokevirtual println {reexecute=0 rethrow=0 return_oop=0}
                      ; - org.eclipse.jdt.internal.core.JavaModelManager::trace@10 (line 4705)
                      ; - org.eclipse.jdt.internal.core.search.matching.JavaSearchNameEnvironment::<init>@334 (line 130)
  0x000079587495f6ec: 3038 ad04 | 48ba 0000 | 0000 0000 | 0000 b800 

  0x000079587495f6fc: ;   {runtime_call load_appendix_patching Runtime1 stub}
  0x000079587495f6fc: 0f05 0ae8 

  0x000079587495f700: ; ImmutableOopMap {}
                      ;*invokedynamic {reexecute=1 rethrow=0 return_oop=0}
                      ; - (reexecute) org.eclipse.jdt.internal.core.search.matching.JavaSearchNameEnvironment::<init>@342 (line 131)
  0x000079587495f700: 7ca6 ad04 | e927 f5ff 

  0x000079587495f708: ;   {metadata({method} {0x000079581d2ad320} 'trace' '(Ljava/lang/String;)V' in 'org/eclipse/jdt/internal/core/JavaModelManager')}
  0x000079587495f708: ff49 ba20 | d32a 1d58 | 7900 004c | 8954 2408 | 48c7 0424 | ffff ffff 

  0x000079587495f720: ;   {runtime_call counter_overflow Runtime1 stub}
  0x000079587495f720: e85b afad 

  0x000079587495f724: ; ImmutableOopMap {rax=Oop }
                      ;*synchronization entry
                      ; - org.eclipse.jdt.internal.core.JavaModelManager::trace@-1 (line 4704)
                      ; - org.eclipse.jdt.internal.core.search.matching.JavaSearchNameEnvironment::<init>@347 (line 131)
  0x000079587495f724: 04e9 7bf5 

  0x000079587495f728: ;   {runtime_call throw_null_pointer_exception Runtime1 stub}
  0x000079587495f728: ffff e8f1 

  0x000079587495f72c: ; ImmutableOopMap {rax=Oop rsi=Oop }
                      ;*invokevirtual println {reexecute=0 rethrow=0 return_oop=0}
                      ; - org.eclipse.jdt.internal.core.JavaModelManager::trace@10 (line 4705)
                      ; - org.eclipse.jdt.internal.core.search.matching.JavaSearchNameEnvironment::<init>@347 (line 131)
                      ;   {internal_word}
  0x000079587495f72c: 37ad 0449 | ba44 ed95 | 7458 7900 | 004d 8997 | 6804 0000 

  0x000079587495f740: ;   {runtime_call SafepointBlob}
  0x000079587495f740: e9bb cca2 

  0x000079587495f744: ;   {internal_word}
  0x000079587495f744: 0449 ba94 | ed95 7458 | 7900 004d | 8997 6804 

  0x000079587495f754: ;   {runtime_call SafepointBlob}
  0x000079587495f754: 0000 e9a5 

  0x000079587495f758: ;   {metadata(nullptr)}
  0x000079587495f758: cca2 0448 | ba00 0000 | 0000 0000 | 00b8 000f 

  0x000079587495f768: ;   {runtime_call load_klass_patching Runtime1 stub}
  0x000079587495f768: 050a e811 

  0x000079587495f76c: ; ImmutableOopMap {[152]=Oop [216]=Oop [224]=Oop }
                      ;*new {reexecute=1 rethrow=0 return_oop=0}
                      ; - (reexecute) java.util.Optional::get@7
                      ; - org.eclipse.jdt.internal.core.search.matching.JavaSearchNameEnvironment::<init>@267 (line 121)
  0x000079587495f76c: 9aad 04e9 | 34f6 ffff 

  0x000079587495f774: ;   {runtime_call throw_null_pointer_exception Runtime1 stub}
  0x000079587495f774: e8a7 37ad 

  0x000079587495f778: ; ImmutableOopMap {[152]=Oop [216]=Oop [224]=Oop }
                      ;*new {reexecute=0 rethrow=0 return_oop=0}
                      ; - java.util.Optional::get@7
                      ; - org.eclipse.jdt.internal.core.search.matching.JavaSearchNameEnvironment::<init>@267 (line 121)
  0x000079587495f778: 0448 8bd2 

  0x000079587495f77c: ;   {runtime_call fast_new_instance_init_check Runtime1 stub}
  0x000079587495f77c: e8ff 4aad 

  0x000079587495f780: ; ImmutableOopMap {[152]=Oop [216]=Oop [224]=Oop }
                      ;*new {reexecute=0 rethrow=0 return_oop=0}
                      ; - java.util.Optional::get@7
                      ; - org.eclipse.jdt.internal.core.search.matching.JavaSearchNameEnvironment::<init>@267 (line 121)
  0x000079587495f780: 04e9 87f6 

  0x000079587495f784: ;   {metadata(nullptr)}
  0x000079587495f784: ffff 48ba | 0000 0000 | 0000 0000 | b800 0f05 

  0x000079587495f794: ;   {runtime_call load_klass_patching Runtime1 stub}
  0x000079587495f794: 0ae8 e699 

  0x000079587495f798: ; ImmutableOopMap {[152]=Oop [216]=Oop [224]=Oop [256]=Oop }
                      ;*new {reexecute=1 rethrow=0 return_oop=0}
                      ; - (reexecute) java.util.Optional::get@7
                      ; - org.eclipse.jdt.internal.core.search.matching.JavaSearchNameEnvironment::<init>@250 (line 119)
  0x000079587495f798: ad04 e9c1 

  0x000079587495f79c: ;   {runtime_call throw_null_pointer_exception Runtime1 stub}
  0x000079587495f79c: f6ff ffe8 

  0x000079587495f7a0: ; ImmutableOopMap {[152]=Oop [216]=Oop [224]=Oop [256]=Oop }
                      ;*new {reexecute=0 rethrow=0 return_oop=0}
                      ; - java.util.Optional::get@7
                      ; - org.eclipse.jdt.internal.core.search.matching.JavaSearchNameEnvironment::<init>@250 (line 119)
  0x000079587495f7a0: 7c37 ad04 

  0x000079587495f7a4: ;   {runtime_call fast_new_instance_init_check Runtime1 stub}
  0x000079587495f7a4: 488b d2e8 

  0x000079587495f7a8: ; ImmutableOopMap {[152]=Oop [216]=Oop [224]=Oop [256]=Oop }
                      ;*new {reexecute=0 rethrow=0 return_oop=0}
                      ; - java.util.Optional::get@7
                      ; - org.eclipse.jdt.internal.core.search.matching.JavaSearchNameEnvironment::<init>@250 (line 119)
  0x000079587495f7a8: d44a ad04 | e914 f7ff 

  0x000079587495f7b0: ;   {metadata(nullptr)}
  0x000079587495f7b0: ff48 ba00 | 0000 0000 | 0000 00b8 | 000f 050a 

  0x000079587495f7c0: ;   {runtime_call load_klass_patching Runtime1 stub}
  0x000079587495f7c0: e8bb 99ad 

  0x000079587495f7c4: ; ImmutableOopMap {[152]=Oop [192]=Oop }
                      ;*new {reexecute=1 rethrow=0 return_oop=0}
                      ; - (reexecute) java.util.Objects::requireNonNull@4
                      ; - java.util.Spliterators::spliterator@5
                      ; - java.util.LinkedHashSet::spliterator@3
                      ; - java.util.Collection::stream@1
                      ; - org.eclipse.jdt.internal.core.search.matching.JavaSearchNameEnvironment::<init>@143 (line 100)
  0x000079587495f7c4: 04e9 46f7 | ffff 488b 

  0x000079587495f7cc: ;   {runtime_call fast_new_instance Runtime1 stub}
  0x000079587495f7cc: d2e8 2e44 

  0x000079587495f7d0: ; ImmutableOopMap {[152]=Oop [192]=Oop }
                      ;*new {reexecute=0 rethrow=0 return_oop=0}
                      ; - java.util.Objects::requireNonNull@4
                      ; - java.util.Spliterators::spliterator@5
                      ; - java.util.LinkedHashSet::spliterator@3
                      ; - java.util.Collection::stream@1
                      ; - org.eclipse.jdt.internal.core.search.matching.JavaSearchNameEnvironment::<init>@143 (line 100)
  0x000079587495f7d0: ad04 e995 | f7ff ff49 | 8b87 0005 | 0000 49c7 | 8700 0500 | 0000 0000 | 0049 c787 | 0805 0000 
  0x000079587495f7f0: 0000 0000 | 4881 c420 | 0100 005d 

  0x000079587495f7fc: ;   {runtime_call unwind_exception Runtime1 stub}
  0x000079587495f7fc: e9ff 21ad | 04f4 f4f4 | f4f4 f4f4 
[Stub Code]
  0x000079587495f808: ;   {no_reloc}
  0x000079587495f808: 0f1f 4400 

  0x000079587495f80c: ;   {static_stub}
  0x000079587495f80c: 0048 bb00 | 0000 0000 

  0x000079587495f814: ;   {runtime_call nmethod}
  0x000079587495f814: 0000 00e9 | fbff ffff 

  0x000079587495f81c: ;   {static_stub}
  0x000079587495f81c: 9048 bb00 | 0000 0000 

  0x000079587495f824: ;   {runtime_call nmethod}
  0x000079587495f824: 0000 00e9 | fbff ffff 

  0x000079587495f82c: ;   {static_stub}
  0x000079587495f82c: 9048 bb00 | 0000 0000 

  0x000079587495f834: ;   {runtime_call nmethod}
  0x000079587495f834: 0000 00e9 | fbff ffff 

  0x000079587495f83c: ;   {static_stub}
  0x000079587495f83c: 9048 bb00 | 0000 0000 

  0x000079587495f844: ;   {runtime_call nmethod}
  0x000079587495f844: 0000 00e9 | fbff ffff 

  0x000079587495f84c: ;   {static_stub}
  0x000079587495f84c: 9048 bb00 | 0000 0000 

  0x000079587495f854: ;   {runtime_call nmethod}
  0x000079587495f854: 0000 00e9 | fbff ffff 

  0x000079587495f85c: ;   {static_stub}
  0x000079587495f85c: 9048 bb00 | 0000 0000 

  0x000079587495f864: ;   {runtime_call nmethod}
  0x000079587495f864: 0000 00e9 | fbff ffff 

  0x000079587495f86c: ;   {static_stub}
  0x000079587495f86c: 9048 bb00 | 0000 0000 

  0x000079587495f874: ;   {runtime_call nmethod}
  0x000079587495f874: 0000 00e9 | fbff ffff 

  0x000079587495f87c: ;   {static_stub}
  0x000079587495f87c: 9048 bb00 | 0000 0000 

  0x000079587495f884: ;   {runtime_call nmethod}
  0x000079587495f884: 0000 00e9 | fbff ffff 

  0x000079587495f88c: ;   {static_stub}
  0x000079587495f88c: 9048 bb00 | 0000 0000 

  0x000079587495f894: ;   {runtime_call nmethod}
  0x000079587495f894: 0000 00e9 | fbff ffff 

  0x000079587495f89c: ;   {static_stub}
  0x000079587495f89c: 9048 bb00 | 0000 0000 

  0x000079587495f8a4: ;   {runtime_call nmethod}
  0x000079587495f8a4: 0000 00e9 | fbff ffff 

  0x000079587495f8ac: ;   {static_stub}
  0x000079587495f8ac: 9048 bb00 | 0000 0000 

  0x000079587495f8b4: ;   {runtime_call nmethod}
  0x000079587495f8b4: 0000 00e9 | fbff ffff 

  0x000079587495f8bc: ;   {static_stub}
  0x000079587495f8bc: 9048 bb00 | 0000 0000 

  0x000079587495f8c4: ;   {runtime_call nmethod}
  0x000079587495f8c4: 0000 00e9 | fbff ffff 

  0x000079587495f8cc: ;   {static_stub}
  0x000079587495f8cc: 9048 bb00 | 0000 0000 

  0x000079587495f8d4: ;   {runtime_call nmethod}
  0x000079587495f8d4: 0000 00e9 | fbff ffff 

  0x000079587495f8dc: ;   {static_stub}
  0x000079587495f8dc: 9048 bb00 | 0000 0000 

  0x000079587495f8e4: ;   {runtime_call nmethod}
  0x000079587495f8e4: 0000 00e9 | fbff ffff 

  0x000079587495f8ec: ;   {static_stub}
  0x000079587495f8ec: 9048 bb00 | 0000 0000 

  0x000079587495f8f4: ;   {runtime_call nmethod}
  0x000079587495f8f4: 0000 00e9 | fbff ffff 

  0x000079587495f8fc: ;   {static_stub}
  0x000079587495f8fc: 9048 bb00 | 0000 0000 

  0x000079587495f904: ;   {runtime_call nmethod}
  0x000079587495f904: 0000 00e9 | fbff ffff 

  0x000079587495f90c: ;   {static_stub}
  0x000079587495f90c: 9048 bb00 | 0000 0000 

  0x000079587495f914: ;   {runtime_call nmethod}
  0x000079587495f914: 0000 00e9 | fbff ffff 

  0x000079587495f91c: ;   {static_stub}
  0x000079587495f91c: 9048 bb00 | 0000 0000 

  0x000079587495f924: ;   {runtime_call nmethod}
  0x000079587495f924: 0000 00e9 | fbff ffff 

  0x000079587495f92c: ;   {static_stub}
  0x000079587495f92c: 9048 bb00 | 0000 0000 

  0x000079587495f934: ;   {runtime_call nmethod}
  0x000079587495f934: 0000 00e9 | fbff ffff 

  0x000079587495f93c: ;   {static_stub}
  0x000079587495f93c: 9048 bb00 | 0000 0000 

  0x000079587495f944: ;   {runtime_call nmethod}
  0x000079587495f944: 0000 00e9 | fbff ffff 

  0x000079587495f94c: ;   {static_stub}
  0x000079587495f94c: 9048 bb00 | 0000 0000 

  0x000079587495f954: ;   {runtime_call nmethod}
  0x000079587495f954: 0000 00e9 | fbff ffff 

  0x000079587495f95c: ;   {static_stub}
  0x000079587495f95c: 9048 bb00 | 0000 0000 

  0x000079587495f964: ;   {runtime_call nmethod}
  0x000079587495f964: 0000 00e9 | fbff ffff 

  0x000079587495f96c: ;   {static_stub}
  0x000079587495f96c: 9048 bb00 | 0000 0000 

  0x000079587495f974: ;   {runtime_call nmethod}
  0x000079587495f974: 0000 00e9 | fbff ffff 

  0x000079587495f97c: ;   {static_stub}
  0x000079587495f97c: 9048 bb00 | 0000 0000 

  0x000079587495f984: ;   {runtime_call nmethod}
  0x000079587495f984: 0000 00e9 | fbff ffff 

  0x000079587495f98c: ;   {static_stub}
  0x000079587495f98c: 9048 bb00 | 0000 0000 

  0x000079587495f994: ;   {runtime_call nmethod}
  0x000079587495f994: 0000 00e9 | fbff ffff 

  0x000079587495f99c: ;   {static_stub}
  0x000079587495f99c: 9048 bb00 | 0000 0000 

  0x000079587495f9a4: ;   {runtime_call nmethod}
  0x000079587495f9a4: 0000 00e9 | fbff ffff 

  0x000079587495f9ac: ;   {static_stub}
  0x000079587495f9ac: 9048 bb00 | 0000 0000 

  0x000079587495f9b4: ;   {runtime_call nmethod}
  0x000079587495f9b4: 0000 00e9 | fbff ffff 

  0x000079587495f9bc: ;   {static_stub}
  0x000079587495f9bc: 9048 bb00 | 0000 0000 

  0x000079587495f9c4: ;   {runtime_call nmethod}
  0x000079587495f9c4: 0000 00e9 | fbff ffff 

  0x000079587495f9cc: ;   {static_stub}
  0x000079587495f9cc: 9048 bb00 | 0000 0000 

  0x000079587495f9d4: ;   {runtime_call nmethod}
  0x000079587495f9d4: 0000 00e9 | fbff ffff 

  0x000079587495f9dc: ;   {static_stub}
  0x000079587495f9dc: 9048 bb00 | 0000 0000 

  0x000079587495f9e4: ;   {runtime_call nmethod}
  0x000079587495f9e4: 0000 00e9 | fbff ffff 

  0x000079587495f9ec: ;   {static_stub}
  0x000079587495f9ec: 48bb 0000 | 0000 0000 

  0x000079587495f9f4: ;   {runtime_call nmethod}
  0x000079587495f9f4: 0000 e9fb 

  0x000079587495f9f8: ;   {static_stub}
  0x000079587495f9f8: ffff ff48 | bb00 0000 | 0000 0000 

  0x000079587495fa04: ;   {runtime_call nmethod}
  0x000079587495fa04: 00e9 fbff 

  0x000079587495fa08: ;   {static_stub}
  0x000079587495fa08: ffff 48bb | 80ff 691f | 5879 0000 

  0x000079587495fa14: ;   {runtime_call I2C/C2I adapters}
  0x000079587495fa14: e9ca 4aa2 

  0x000079587495fa18: ;   {static_stub}
  0x000079587495fa18: 0448 bb00 | 0000 0000 

  0x000079587495fa20: ;   {runtime_call nmethod}
  0x000079587495fa20: 0000 00e9 | fbff ffff 

  0x000079587495fa28: ;   {static_stub}
  0x000079587495fa28: 48bb 0000 | 0000 0000 

  0x000079587495fa30: ;   {runtime_call nmethod}
  0x000079587495fa30: 0000 e9fb 

  0x000079587495fa34: ;   {static_stub}
  0x000079587495fa34: ffff ff48 | bb00 0000 | 0000 0000 

  0x000079587495fa40: ;   {runtime_call nmethod}
  0x000079587495fa40: 00e9 fbff 

  0x000079587495fa44: ;   {static_stub}
  0x000079587495fa44: ffff 48bb | 0000 0000 | 0000 0000 

  0x000079587495fa50: ;   {runtime_call nmethod}
  0x000079587495fa50: e9fb ffff 

  0x000079587495fa54: ;   {static_stub}
  0x000079587495fa54: ff48 bb00 | 0000 0000 

  0x000079587495fa5c: ;   {runtime_call nmethod}
  0x000079587495fa5c: 0000 00e9 | fbff ffff 

  0x000079587495fa64: ;   {static_stub}
  0x000079587495fa64: 48bb 0000 | 0000 0000 

  0x000079587495fa6c: ;   {runtime_call nmethod}
  0x000079587495fa6c: 0000 e9fb 

  0x000079587495fa70: ;   {static_stub}
  0x000079587495fa70: ffff ff48 | bb00 0000 | 0000 0000 

  0x000079587495fa7c: ;   {runtime_call nmethod}
  0x000079587495fa7c: 00e9 fbff 

  0x000079587495fa80: ;   {static_stub}
  0x000079587495fa80: ffff 48bb | 0000 0000 | 0000 0000 

  0x000079587495fa8c: ;   {runtime_call nmethod}
  0x000079587495fa8c: e9fb ffff 

  0x000079587495fa90: ;   {static_stub}
  0x000079587495fa90: ff48 bb00 | 0000 0000 

  0x000079587495fa98: ;   {runtime_call nmethod}
  0x000079587495fa98: 0000 00e9 | fbff ffff 
[Exception Handler]
  0x000079587495faa0: ;   {runtime_call handle_exception_from_callee Runtime1 stub}
  0x000079587495faa0: e85b 65ad 

  0x000079587495faa4: ;   {external_word}
  0x000079587495faa4: 0448 bf04 | 2af2 8a58 | 7900 0048 

  0x000079587495fab0: ;   {runtime_call MacroAssembler::debug64(char*, long, long*)}
  0x000079587495fab0: 83e4 f0e8 | 6817 0a16 

  0x000079587495fab8: ;   {section_word}
  0x000079587495fab8: f449 bab9 | fa95 7458 | 7900 0041 

  0x000079587495fac4: ;   {runtime_call DeoptimizationBlob}
  0x000079587495fac4: 52e9 d6dd | a204 f4f4 | f4f4 f4f4 
[/MachCode]


---------------  P R O C E S S  ---------------

Threads class SMR info:
_java_thread_list=0x000079575c376e40, length=50, elements={
0x000079588402aee0, 0x0000795884175d60, 0x00007958841772a0, 0x0000795884178a00,
0x000079588417a010, 0x000079588417b580, 0x000079588417d090, 0x000079588417e720,
0x00007958841ccf00, 0x00007958841fd6a0, 0x00007958843c2d90, 0x000079588441ee20,
0x00007957d4025e10, 0x0000795884421c40, 0x00007957d037dc10, 0x00007957d03d0a40,
0x00007957d03f1420, 0x00007957d049d420, 0x0000795884445cb0, 0x00007958844adaf0,
0x00007958844aec20, 0x0000795810000f60, 0x00007957b0146240, 0x00007957802814b0,
0x000079574802e2d0, 0x000079573800f5d0, 0x0000795728011f00, 0x00007957280178c0,
0x000079572802fa20, 0x0000795728030310, 0x0000795728002450, 0x00007957280034e0,
0x00007957380100e0, 0x0000795730001cb0, 0x000079572800d440, 0x0000795730661da0,
0x000079577823abb0, 0x000079577823b2c0, 0x0000795784005e60, 0x0000795784001190,
0x00007957840adb10, 0x000079577c000980, 0x0000795788000db0, 0x0000795728007cc0,
0x0000795730075e90, 0x000079573002b1f0, 0x0000795730738e70, 0x0000795730780d30,
0x0000795730708f50, 0x00007957306e0ad0
}

Java Threads: ( => current thread )
  0x000079588402aee0 JavaThread "main"                              [_thread_blocked, id=152132, stack(0x0000795889d00000,0x0000795889e00000) (1024K)]
  0x0000795884175d60 JavaThread "Reference Handler"          daemon [_thread_blocked, id=152136, stack(0x0000795870ff3000,0x00007958710f3000) (1024K)]
  0x00007958841772a0 JavaThread "Finalizer"                  daemon [_thread_blocked, id=152137, stack(0x0000795870900000,0x0000795870a00000) (1024K)]
  0x0000795884178a00 JavaThread "Signal Dispatcher"          daemon [_thread_blocked, id=152138, stack(0x0000795870800000,0x0000795870900000) (1024K)]
  0x000079588417a010 JavaThread "Service Thread"             daemon [_thread_blocked, id=152139, stack(0x0000795870700000,0x0000795870800000) (1024K)]
  0x000079588417b580 JavaThread "Monitor Deflation Thread"   daemon [_thread_blocked, id=152140, stack(0x0000795870600000,0x0000795870700000) (1024K)]
  0x000079588417d090 JavaThread "C2 CompilerThread0"         daemon [_thread_blocked, id=152141, stack(0x0000795870500000,0x0000795870600000) (1024K)]
  0x000079588417e720 JavaThread "C1 CompilerThread0"         daemon [_thread_blocked, id=152142, stack(0x0000795870400000,0x0000795870500000) (1024K)]
  0x00007958841ccf00 JavaThread "Common-Cleaner"             daemon [_thread_blocked, id=152159, stack(0x0000795870200000,0x0000795870300000) (1024K)]
  0x00007958841fd6a0 JavaThread "Notification Thread"        daemon [_thread_blocked, id=152172, stack(0x0000795870100000,0x0000795870200000) (1024K)]
  0x00007958843c2d90 JavaThread "Active Thread: Equinox Container: d8006d72-a52f-449d-9c08-ec20ab9ec909"        [_thread_blocked, id=152210, stack(0x0000795826bfd000,0x0000795826cfd000) (1024K)]
  0x000079588441ee20 JavaThread "Refresh Thread: Equinox Container: d8006d72-a52f-449d-9c08-ec20ab9ec909" daemon [_thread_blocked, id=152216, stack(0x0000795826afd000,0x0000795826bfd000) (1024K)]
  0x00007957d4025e10 JavaThread "Framework Event Dispatcher: Equinox Container: d8006d72-a52f-449d-9c08-ec20ab9ec909" daemon [_thread_blocked, id=152231, stack(0x00007958268fc000,0x00007958269fc000) (1024K)]
  0x0000795884421c40 JavaThread "Start Level: Equinox Container: d8006d72-a52f-449d-9c08-ec20ab9ec909" daemon [_thread_blocked, id=152233, stack(0x00007958267fc000,0x00007958268fc000) (1024K)]
  0x00007957d037dc10 JavaThread "Bundle File Closer"         daemon [_thread_blocked, id=152357, stack(0x00007958265fb000,0x00007958266fb000) (1024K)]
  0x00007957d03d0a40 JavaThread "SCR Component Actor"        daemon [_thread_blocked, id=152569, stack(0x0000795870300000,0x0000795870400000) (1024K)]
  0x00007957d03f1420 JavaThread "Worker-JM"                         [_thread_blocked, id=152576, stack(0x00007958262fa000,0x00007958263fa000) (1024K)]
=>0x00007957d049d420 JavaThread "Java indexing"              daemon [_thread_in_Java, id=152599, stack(0x0000795825ef9000,0x0000795825ff9000) (1024K)]
  0x0000795884445cb0 JavaThread "pool-2-thread-1"                   [_thread_blocked, id=152609, stack(0x0000795825af9000,0x0000795825bf9000) (1024K)]
  0x00007958844adaf0 JavaThread "WorkspaceEventsHandler"            [_thread_blocked, id=152614, stack(0x00007958259f9000,0x0000795825af9000) (1024K)]
  0x00007958844aec20 JavaThread "pool-1-thread-1"                   [_thread_in_native, id=152615, stack(0x00007958258f9000,0x00007958259f9000) (1024K)]
  0x0000795810000f60 JavaThread "Attach Listener"            daemon [_thread_blocked, id=152833, stack(0x0000795824ff9000,0x00007958250f9000) (1024K)]
  0x00007957b0146240 JavaThread "Worker-7"                          [_thread_blocked, id=153350, stack(0x0000795763100000,0x0000795763200000) (1024K)]
  0x00007957802814b0 JavaThread "Cleaner-0"                  daemon [_thread_blocked, id=153938, stack(0x0000795763000000,0x0000795763100000) (1024K)]
  0x000079574802e2d0 JavaThread "Worker-23"                         [_thread_blocked, id=165990, stack(0x0000795763700000,0x0000795763800000) (1024K)]
  0x000079573800f5d0 JavaThread "Worker-24: Java indexing... "        [_thread_blocked, id=176675, stack(0x0000795763500000,0x0000795763600000) (1024K)]
  0x0000795728011f00 JavaThread "Compiler Source File Reader" daemon [_thread_blocked, id=176694, stack(0x00007958257f9000,0x00007958258f9000) (1024K)]
  0x00007957280178c0 JavaThread "Compiler Source File Reader" daemon [_thread_blocked, id=176695, stack(0x0000795824af9000,0x0000795824bf9000) (1024K)]
  0x000079572802fa20 JavaThread "Compiler Source File Reader" daemon [_thread_blocked, id=176696, stack(0x00007958248f9000,0x00007958249f9000) (1024K)]
  0x0000795728030310 JavaThread "Compiler Source File Reader" daemon [_thread_blocked, id=176697, stack(0x0000795762c00000,0x0000795762d00000) (1024K)]
  0x0000795728002450 JavaThread "Compiler Source File Reader" daemon [_thread_blocked, id=176698, stack(0x00007958249f9000,0x0000795824af9000) (1024K)]
  0x00007957280034e0 JavaThread "Compiler Source File Reader" daemon [_thread_blocked, id=176699, stack(0x00007958252f9000,0x00007958253f9000) (1024K)]
  0x00007957380100e0 JavaThread "Worker-25"                         [_thread_blocked, id=176701, stack(0x0000795763600000,0x0000795763700000) (1024K)]
  0x0000795730001cb0 JavaThread "Worker-26: Building"               [_thread_blocked, id=176702, stack(0x00007958251f9000,0x00007958252f9000) (1024K)]
  0x000079572800d440 JavaThread "Compiler Processing Task"   daemon [_thread_blocked, id=176706, stack(0x00007958241f9000,0x00007958242f9000) (1024K)]
  0x0000795730661da0 JavaThread "LocalFile Deleter"          daemon [_thread_blocked, id=176827, stack(0x00007958243f9000,0x00007958244f9000) (1024K)]
  0x000079577823abb0 JavaThread "LocalFile Deleter"          daemon [_thread_blocked, id=176828, stack(0x00007958255f9000,0x00007958256f9000) (1024K)]
  0x000079577823b2c0 JavaThread "LocalFile Deleter"          daemon [_thread_blocked, id=176838, stack(0x00007958256f9000,0x00007958257f9000) (1024K)]
  0x0000795784005e60 JavaThread "LocalFile Deleter"          daemon [_thread_blocked, id=176839, stack(0x00007958254f9000,0x00007958255f9000) (1024K)]
  0x0000795784001190 JavaThread "LocalFile Deleter"          daemon [_thread_blocked, id=176840, stack(0x0000795824df9000,0x0000795824ef9000) (1024K)]
  0x00007957840adb10 JavaThread "LocalFile Deleter"          daemon [_thread_blocked, id=176841, stack(0x0000795824cf9000,0x0000795824df9000) (1024K)]
  0x000079577c000980 JavaThread "LocalFile Deleter"          daemon [_thread_blocked, id=176842, stack(0x0000795824bf9000,0x0000795824cf9000) (1024K)]
  0x0000795788000db0 JavaThread "LocalFile Deleter"          daemon [_thread_blocked, id=176843, stack(0x00007958250f9000,0x00007958251f9000) (1024K)]
  0x0000795728007cc0 JavaThread "Worker-27"                         [_thread_blocked, id=176892, stack(0x0000795763200000,0x0000795763300000) (1024K)]
  0x0000795730075e90 JavaThread "Compiler Class File Writer" daemon [_thread_blocked, id=176953, stack(0x0000795763400000,0x0000795763500000) (1024K)]
  0x000079573002b1f0 JavaThread "Compiler Class File Writer" daemon [_thread_blocked, id=176954, stack(0x00007958253f9000,0x00007958254f9000) (1024K)]
  0x0000795730738e70 JavaThread "Compiler Class File Writer" daemon [_thread_blocked, id=176955, stack(0x00007958245f9000,0x00007958246f9000) (1024K)]
  0x0000795730780d30 JavaThread "Compiler Class File Writer" daemon [_thread_blocked, id=176956, stack(0x00007958263fa000,0x00007958264fa000) (1024K)]
  0x0000795730708f50 JavaThread "Compiler Class File Writer" daemon [_thread_blocked, id=176957, stack(0x0000795763300000,0x0000795763400000) (1024K)]
  0x00007957306e0ad0 JavaThread "Compiler Class File Writer" daemon [_thread_blocked, id=176958, stack(0x0000795825ff9000,0x00007958260f9000) (1024K)]
Total: 50

Other Threads:
  0x000079588416c8a0 VMThread "VM Thread"                           [id=152135, stack(0x00007958710f4000,0x00007958711f4000) (1024K)] _threads_hazard_ptr=0x000079575c376e40
  0x0000795884052fd0 WatcherThread "VM Periodic Task Thread"        [id=152134, stack(0x0000795888d00000,0x0000795888e00000) (1024K)]
  0x0000795884043d70 WorkerThread "GC Thread#0"                     [id=152133, stack(0x0000795889629000,0x0000795889729000) (1024K)]
  0x0000795814000f30 WorkerThread "GC Thread#1"                     [id=152199, stack(0x0000795826f00000,0x0000795827000000) (1024K)]
  0x0000795814002da0 WorkerThread "GC Thread#2"                     [id=152200, stack(0x0000795826dff000,0x0000795826eff000) (1024K)]
  0x0000795814003840 WorkerThread "GC Thread#3"                     [id=152201, stack(0x0000795826cfe000,0x0000795826dfe000) (1024K)]
  0x00007958140044c0 WorkerThread "GC Thread#4"                     [id=152223, stack(0x00007958269fd000,0x0000795826afd000) (1024K)]
  0x00007958140055a0 WorkerThread "GC Thread#5"                     [id=152344, stack(0x00007958266fc000,0x00007958267fc000) (1024K)]
  0x0000795814006140 WorkerThread "GC Thread#6"                     [id=152570, stack(0x00007958264fb000,0x00007958265fb000) (1024K)]
  0x0000795814006e60 WorkerThread "GC Thread#7"                     [id=152577, stack(0x00007958261fa000,0x00007958262fa000) (1024K)]
Total: 10

Threads with active compile tasks:
Total: 0

VM state: synchronizing (normal execution)

VM Mutex/Monitor currently owned by a thread:  ([mutex/lock_event])
[0x000079588b353ed8] Threads_lock - owner thread: 0x000079588416c8a0
[0x000079588b353dd8] Heap_lock - owner thread: 0x000079572800d440

Heap address: 0x0000000080000000, size: 2048 MB, Compressed Oops mode: 32-bit

CDS archive(s) mapped at: [0x0000795827000000-0x0000795827bbb000-0x0000795827bbb000), size 12300288, SharedBaseAddress: 0x0000795827000000, ArchiveRelocationMode: 1.
Compressed class space mapped at: 0x0000795828000000-0x0000795868000000, reserved size: 1073741824
Narrow klass base: 0x0000795827000000, Narrow klass shift: 0, Narrow klass range: 0x100000000

GC Precious Log:
 CardTable entry size: 512
 CPUs: 8 total, 8 available
 Memory: 31323M
 Large Page Support: Disabled
 NUMA Support: Disabled
 Compressed Oops: Enabled (32-bit)
 Alignments: Space 512K, Generation 512K, Heap 2M
 Heap Min Capacity: 100M
 Heap Initial Capacity: 100M
 Heap Max Capacity: 2G
 Pre-touch: Disabled
 Parallel Workers: 8

Heap:
 PSYoungGen      total 64000K, used 63870K [0x00000000d5580000, 0x00000000d9f00000, 0x0000000100000000)
  eden space 54272K, 100% used [0x00000000d5580000,0x00000000d8a80000,0x00000000d8a80000)
  from space 9728K, 98% used [0x00000000d9580000,0x00000000d9edf9a8,0x00000000d9f00000)
  to   space 10240K, 0% used [0x00000000d8b00000,0x00000000d8b00000,0x00000000d9500000)
 ParOldGen       total 1224704K, used 1224316K [0x0000000080000000, 0x00000000cac00000, 0x00000000d5580000)
  object space 1224704K, 99% used [0x0000000080000000,0x00000000cab9f138,0x00000000cac00000)
 Metaspace       used 103906K, committed 106304K, reserved 1179648K
  class space    used 9952K, committed 11072K, reserved 1048576K

Card table byte_map: [0x0000795889729000,0x0000795889b2a000] _byte_map_base: 0x0000795889329000

Marking Bits: (ParMarkBitMap*) 0x000079588b35a140
 Begin Bits: [0x0000795868000000, 0x000079586a000000)
 End Bits:   [0x000079586a000000, 0x000079586c000000)

Polling page: 0x000079588b7a5000

Metaspace:

Usage:
  Non-class:     91.75 MB used.
      Class:      9.72 MB used.
       Both:    101.47 MB used.

Virtual space:
  Non-class space:      128.00 MB reserved,      93.00 MB ( 73%) committed,  2 nodes.
      Class space:        1.00 GB reserved,      10.81 MB (  1%) committed,  1 nodes.
             Both:        1.12 GB reserved,     103.81 MB (  9%) committed. 

Chunk freelists:
   Non-Class:  3.18 MB
       Class:  5.41 MB
        Both:  8.58 MB

MaxMetaspaceSize: unlimited
CompressedClassSpaceSize: 1.00 GB
Initial GC threshold: 21.00 MB
Current GC threshold: 172.94 MB
CDS: on
 - commit_granule_bytes: 65536.
 - commit_granule_words: 8192.
 - virtual_space_node_default_size: 8388608.
 - enlarge_chunks_in_place: 1.
 - use_allocation_guard: 0.


Internal statistics:

num_allocs_failed_limit: 9.
num_arena_births: 2094.
num_arena_deaths: 526.
num_vsnodes_births: 3.
num_vsnodes_deaths: 0.
num_space_committed: 1661.
num_space_uncommitted: 0.
num_chunks_returned_to_freelist: 652.
num_chunks_taken_from_freelist: 7471.
num_chunk_merges: 178.
num_chunk_splits: 4401.
num_chunks_enlarged: 2313.
num_inconsistent_stats: 0.

CodeHeap 'non-profiled nmethods': size=120028Kb used=34694Kb max_used=35816Kb free=85333Kb
 bounds [0x00007958798c9000, 0x000079587bc09000, 0x0000795880e00000]
CodeHeap 'profiled nmethods': size=120028Kb used=30867Kb max_used=57259Kb free=89160Kb
 bounds [0x0000795871e00000, 0x00007958755f0000, 0x0000795879337000]
CodeHeap 'non-nmethods': size=5704Kb used=1529Kb max_used=1617Kb free=4175Kb
 bounds [0x0000795879337000, 0x00007958795a7000, 0x00007958798c9000]
CodeCache: size=245760Kb, used=67090Kb, max_used=94692Kb, free=178668Kb
 total_blobs=17962, nmethods=17115, adapters=748, full_count=0
Compilation: enabled, stopped_count=0, restarted_count=0

Compilation events (20 events):
Event: 2950.457 Thread 0x000079588417e720 44911       3       jdk.internal.math.DoubleToDecimal::rop (58 bytes)
Event: 2950.457 Thread 0x000079588417e720 nmethod 44911 0x0000795872861210 code [0x00007958728613c0, 0x0000795872861570]
Event: 2950.832 Thread 0x000079588417d090 44912       4       org.eclipse.jdt.internal.compiler.SourceElementNotifier::notifySourceElementRequestor (988 bytes)
Event: 2951.012 Thread 0x000079588417d090 nmethod 44912 0x000079587a332910 code [0x000079587a332cc0, 0x000079587a336188]
Event: 2951.012 Thread 0x000079588417d090 44913       4       org.eclipse.jdt.internal.compiler.lookup.ParameterizedTypeBinding::getSingleAbstractMethod (410 bytes)
Event: 2951.086 Thread 0x000079588417d090 nmethod 44913 0x000079587a330c90 code [0x000079587a330f60, 0x000079587a331c20]
Event: 2951.358 Thread 0x000079588417e720 44914       3       org.eclipse.jdt.internal.compiler.parser.Parser::consumeAnnotationTypeDeclarationHeaderName (422 bytes)
Event: 2951.359 Thread 0x000079588417e720 nmethod 44914 0x0000795871f82110 code [0x0000795871f82380, 0x0000795871f83190]
Event: 2951.360 Thread 0x000079588417e720 44915       3       org.eclipse.jdt.internal.compiler.parser.Parser::consumeAnnotationTypeDeclarationHeader (55 bytes)
Event: 2951.360 Thread 0x000079588417e720 nmethod 44915 0x0000795872b73110 code [0x0000795872b732c0, 0x0000795872b73588]
Event: 2951.374 Thread 0x000079588417d090 44916       4       org.eclipse.jdt.internal.compiler.ast.FakedTrackingVariable::analyseCloseableAcquisition (256 bytes)
Event: 2951.423 Thread 0x000079588417e720 44917       3       org.eclipse.jdt.internal.compiler.ClassFile::createProblemType (499 bytes)
Event: 2951.426 Thread 0x000079588417e720 nmethod 44917 0x0000795873798590 code [0x00007958737989a0, 0x000079587379a728]
Event: 2951.688 Thread 0x000079588417d090 nmethod 44916 0x000079587a567690 code [0x000079587a567a60, 0x000079587a569788]
Event: 2951.956 Thread 0x000079588417d090 44918       4       org.eclipse.jdt.internal.compiler.lookup.WildcardBinding::propagateNonConflictingNullAnnotations (88 bytes)
Event: 2952.002 Thread 0x000079588417d090 nmethod 44918 0x000079587b01b790 code [0x000079587b01b9c0, 0x000079587b01c0b0]
Event: 2952.095 Thread 0x000079588417e720 44919       3       org.eclipse.jdt.internal.compiler.lookup.PolyTypeBinding::sIsMoreSpecific (11 bytes)
Event: 2952.095 Thread 0x000079588417e720 nmethod 44919 0x000079587294a510 code [0x000079587294a6c0, 0x000079587294a890]
Event: 2952.106 Thread 0x000079588417d090 44920       4       java.util.LinkedList::get (14 bytes)
Event: 2952.109 Thread 0x000079588417d090 nmethod 44920 0x000079587b012910 code [0x000079587b012aa0, 0x000079587b012c10]

GC Heap History (20 events):
Event: 2949.737 GC heap before
{Heap before GC invocations=3305 (full 13):
 PSYoungGen      total 44032K, used 44002K [0x00000000d5580000, 0x00000000da680000, 0x0000000100000000)
  eden space 37376K, 100% used [0x00000000d5580000,0x00000000d7a00000,0x00000000d7a00000)
  from space 6656K, 99% used [0x00000000d8a00000,0x00000000d9078bc0,0x00000000d9080000)
  to   space 16384K, 0% used [0x00000000d7a00000,0x00000000d7a00000,0x00000000d8a00000)
 ParOldGen       total 1149440K, used 1149330K [0x0000000080000000, 0x00000000c6280000, 0x00000000d5580000)
  object space 1149440K, 99% used [0x0000000080000000,0x00000000c6264930,0x00000000c6280000)
 Metaspace       used 103906K, committed 106304K, reserved 1179648K
  class space    used 9952K, committed 11072K, reserved 1048576K
}
Event: 2949.773 GC heap after
{Heap after GC invocations=3305 (full 13):
 PSYoungGen      total 53760K, used 8370K [0x00000000d5580000, 0x00000000d9680000, 0x0000000100000000)
  eden space 37376K, 0% used [0x00000000d5580000,0x00000000d5580000,0x00000000d7a00000)
  from space 16384K, 51% used [0x00000000d7a00000,0x00000000d822c8d0,0x00000000d8a00000)
  to   space 10752K, 0% used [0x00000000d8c00000,0x00000000d8c00000,0x00000000d9680000)
 ParOldGen       total 1156096K, used 1155951K [0x0000000080000000, 0x00000000c6900000, 0x00000000d5580000)
  object space 1156096K, 99% used [0x0000000080000000,0x00000000c68dbe58,0x00000000c6900000)
 Metaspace       used 103906K, committed 106304K, reserved 1179648K
  class space    used 9952K, committed 11072K, reserved 1048576K
}
Event: 2950.026 GC heap before
{Heap before GC invocations=3306 (full 13):
 PSYoungGen      total 53760K, used 45698K [0x00000000d5580000, 0x00000000d9680000, 0x0000000100000000)
  eden space 37376K, 99% used [0x00000000d5580000,0x00000000d79f4200,0x00000000d7a00000)
  from space 16384K, 51% used [0x00000000d7a00000,0x00000000d822c8d0,0x00000000d8a00000)
  to   space 10752K, 0% used [0x00000000d8c00000,0x00000000d8c00000,0x00000000d9680000)
 ParOldGen       total 1156096K, used 1155951K [0x0000000080000000, 0x00000000c6900000, 0x00000000d5580000)
  object space 1156096K, 99% used [0x0000000080000000,0x00000000c68dbe58,0x00000000c6900000)
 Metaspace       used 103906K, committed 106304K, reserved 1179648K
  class space    used 9952K, committed 11072K, reserved 1048576K
}
Event: 2950.062 GC heap after
{Heap after GC invocations=3306 (full 13):
 PSYoungGen      total 37888K, used 1455K [0x00000000d5580000, 0x00000000d8d80000, 0x0000000100000000)
  eden space 36352K, 0% used [0x00000000d5580000,0x00000000d5580000,0x00000000d7900000)
  from space 1536K, 94% used [0x00000000d8c00000,0x00000000d8d6be38,0x00000000d8d80000)
  to   space 4608K, 0% used [0x00000000d8480000,0x00000000d8480000,0x00000000d8900000)
 ParOldGen       total 1159168K, used 1158920K [0x0000000080000000, 0x00000000c6c00000, 0x00000000d5580000)
  object space 1159168K, 99% used [0x0000000080000000,0x00000000c6bc2368,0x00000000c6c00000)
 Metaspace       used 103906K, committed 106304K, reserved 1179648K
  class space    used 9952K, committed 11072K, reserved 1048576K
}
Event: 2950.303 GC heap before
{Heap before GC invocations=3307 (full 13):
 PSYoungGen      total 37888K, used 37807K [0x00000000d5580000, 0x00000000d8d80000, 0x0000000100000000)
  eden space 36352K, 100% used [0x00000000d5580000,0x00000000d7900000,0x00000000d7900000)
  from space 1536K, 94% used [0x00000000d8c00000,0x00000000d8d6be38,0x00000000d8d80000)
  to   space 4608K, 0% used [0x00000000d8480000,0x00000000d8480000,0x00000000d8900000)
 ParOldGen       total 1159168K, used 1158920K [0x0000000080000000, 0x00000000c6c00000, 0x00000000d5580000)
  object space 1159168K, 99% used [0x0000000080000000,0x00000000c6bc2368,0x00000000c6c00000)
 Metaspace       used 103906K, committed 106304K, reserved 1179648K
  class space    used 9952K, committed 11072K, reserved 1048576K
}
Event: 2950.366 GC heap after
{Heap after GC invocations=3307 (full 13):
 PSYoungGen      total 48640K, used 4593K [0x00000000d5580000, 0x00000000d9c80000, 0x0000000100000000)
  eden space 44032K, 0% used [0x00000000d5580000,0x00000000d5580000,0x00000000d8080000)
  from space 4608K, 99% used [0x00000000d8480000,0x00000000d88fc460,0x00000000d8900000)
  to   space 14336K, 0% used [0x00000000d8e80000,0x00000000d8e80000,0x00000000d9c80000)
 ParOldGen       total 1166848K, used 1166360K [0x0000000080000000, 0x00000000c7380000, 0x00000000d5580000)
  object space 1166848K, 99% used [0x0000000080000000,0x00000000c73063f8,0x00000000c7380000)
 Metaspace       used 103906K, committed 106304K, reserved 1179648K
  class space    used 9952K, committed 11072K, reserved 1048576K
}
Event: 2950.753 GC heap before
{Heap before GC invocations=3308 (full 13):
 PSYoungGen      total 48640K, used 48625K [0x00000000d5580000, 0x00000000d9c80000, 0x0000000100000000)
  eden space 44032K, 100% used [0x00000000d5580000,0x00000000d8080000,0x00000000d8080000)
  from space 4608K, 99% used [0x00000000d8480000,0x00000000d88fc460,0x00000000d8900000)
  to   space 14336K, 0% used [0x00000000d8e80000,0x00000000d8e80000,0x00000000d9c80000)
 ParOldGen       total 1166848K, used 1166360K [0x0000000080000000, 0x00000000c7380000, 0x00000000d5580000)
  object space 1166848K, 99% used [0x0000000080000000,0x00000000c73063f8,0x00000000c7380000)
 Metaspace       used 103906K, committed 106304K, reserved 1179648K
  class space    used 9952K, committed 11072K, reserved 1048576K
}
Event: 2950.805 GC heap after
{Heap after GC invocations=3308 (full 13):
 PSYoungGen      total 53248K, used 10125K [0x00000000d5580000, 0x00000000d9880000, 0x0000000100000000)
  eden space 43008K, 0% used [0x00000000d5580000,0x00000000d5580000,0x00000000d7f80000)
  from space 10240K, 98% used [0x00000000d8e80000,0x00000000d9863610,0x00000000d9880000)
  to   space 11264K, 0% used [0x00000000d8280000,0x00000000d8280000,0x00000000d8d80000)
 ParOldGen       total 1171456K, used 1171262K [0x0000000080000000, 0x00000000c7800000, 0x00000000d5580000)
  object space 1171456K, 99% used [0x0000000080000000,0x00000000c77cf880,0x00000000c7800000)
 Metaspace       used 103906K, committed 106304K, reserved 1179648K
  class space    used 9952K, committed 11072K, reserved 1048576K
}
Event: 2950.939 GC heap before
{Heap before GC invocations=3309 (full 13):
 PSYoungGen      total 53248K, used 53133K [0x00000000d5580000, 0x00000000d9880000, 0x0000000100000000)
  eden space 43008K, 100% used [0x00000000d5580000,0x00000000d7f80000,0x00000000d7f80000)
  from space 10240K, 98% used [0x00000000d8e80000,0x00000000d9863610,0x00000000d9880000)
  to   space 11264K, 0% used [0x00000000d8280000,0x00000000d8280000,0x00000000d8d80000)
 ParOldGen       total 1171456K, used 1171262K [0x0000000080000000, 0x00000000c7800000, 0x00000000d5580000)
  object space 1171456K, 99% used [0x0000000080000000,0x00000000c77cf880,0x00000000c7800000)
 Metaspace       used 103906K, committed 106304K, reserved 1179648K
  class space    used 9952K, committed 11072K, reserved 1048576K
}
Event: 2950.981 GC heap after
{Heap after GC invocations=3309 (full 13):
 PSYoungGen      total 53248K, used 10798K [0x00000000d5580000, 0x00000000d9480000, 0x0000000100000000)
  eden space 41984K, 0% used [0x00000000d5580000,0x00000000d5580000,0x00000000d7e80000)
  from space 11264K, 95% used [0x00000000d8280000,0x00000000d8d0ba70,0x00000000d8d80000)
  to   space 7168K, 0% used [0x00000000d8d80000,0x00000000d8d80000,0x00000000d9480000)
 ParOldGen       total 1181184K, used 1180879K [0x0000000080000000, 0x00000000c8180000, 0x00000000d5580000)
  object space 1181184K, 99% used [0x0000000080000000,0x00000000c8133e20,0x00000000c8180000)
 Metaspace       used 103906K, committed 106304K, reserved 1179648K
  class space    used 9952K, committed 11072K, reserved 1048576K
}
Event: 2951.251 GC heap before
{Heap before GC invocations=3310 (full 13):
 PSYoungGen      total 53248K, used 52782K [0x00000000d5580000, 0x00000000d9480000, 0x0000000100000000)
  eden space 41984K, 100% used [0x00000000d5580000,0x00000000d7e80000,0x00000000d7e80000)
  from space 11264K, 95% used [0x00000000d8280000,0x00000000d8d0ba70,0x00000000d8d80000)
  to   space 7168K, 0% used [0x00000000d8d80000,0x00000000d8d80000,0x00000000d9480000)
 ParOldGen       total 1181184K, used 1180879K [0x0000000080000000, 0x00000000c8180000, 0x00000000d5580000)
  object space 1181184K, 99% used [0x0000000080000000,0x00000000c8133e20,0x00000000c8180000)
 Metaspace       used 103906K, committed 106304K, reserved 1179648K
  class space    used 9952K, committed 11072K, reserved 1048576K
}
Event: 2951.327 GC heap after
{Heap after GC invocations=3310 (full 13):
 PSYoungGen      total 45056K, used 7157K [0x00000000d5580000, 0x00000000dad00000, 0x0000000100000000)
  eden space 37888K, 0% used [0x00000000d5580000,0x00000000d5580000,0x00000000d7a80000)
  from space 7168K, 99% used [0x00000000d8d80000,0x00000000d947d648,0x00000000d9480000)
  to   space 19456K, 0% used [0x00000000d7a80000,0x00000000d7a80000,0x00000000d8d80000)
 ParOldGen       total 1191936K, used 1191639K [0x0000000080000000, 0x00000000c8c00000, 0x00000000d5580000)
  object space 1191936K, 99% used [0x0000000080000000,0x00000000c8bb5c58,0x00000000c8c00000)
 Metaspace       used 103906K, committed 106304K, reserved 1179648K
  class space    used 9952K, committed 11072K, reserved 1048576K
}
Event: 2951.518 GC heap before
{Heap before GC invocations=3311 (full 13):
 PSYoungGen      total 45056K, used 45045K [0x00000000d5580000, 0x00000000dad00000, 0x0000000100000000)
  eden space 37888K, 100% used [0x00000000d5580000,0x00000000d7a80000,0x00000000d7a80000)
  from space 7168K, 99% used [0x00000000d8d80000,0x00000000d947d648,0x00000000d9480000)
  to   space 19456K, 0% used [0x00000000d7a80000,0x00000000d7a80000,0x00000000d8d80000)
 ParOldGen       total 1191936K, used 1191639K [0x0000000080000000, 0x00000000c8c00000, 0x00000000d5580000)
  object space 1191936K, 99% used [0x0000000080000000,0x00000000c8bb5c58,0x00000000c8c00000)
 Metaspace       used 103906K, committed 106304K, reserved 1179648K
  class space    used 9952K, committed 11072K, reserved 1048576K
}
Event: 2951.605 GC heap after
{Heap after GC invocations=3311 (full 13):
 PSYoungGen      total 57344K, used 9076K [0x00000000d5580000, 0x00000000d9a00000, 0x0000000100000000)
  eden space 37888K, 0% used [0x00000000d5580000,0x00000000d5580000,0x00000000d7a80000)
  from space 19456K, 46% used [0x00000000d7a80000,0x00000000d835d280,0x00000000d8d80000)
  to   space 12288K, 0% used [0x00000000d8e00000,0x00000000d8e00000,0x00000000d9a00000)
 ParOldGen       total 1198592K, used 1198497K [0x0000000080000000, 0x00000000c9280000, 0x00000000d5580000)
  object space 1198592K, 99% used [0x0000000080000000,0x00000000c9268658,0x00000000c9280000)
 Metaspace       used 103906K, committed 106304K, reserved 1179648K
  class space    used 9952K, committed 11072K, reserved 1048576K
}
Event: 2951.725 GC heap before
{Heap before GC invocations=3312 (full 13):
 PSYoungGen      total 57344K, used 46964K [0x00000000d5580000, 0x00000000d9a00000, 0x0000000100000000)
  eden space 37888K, 100% used [0x00000000d5580000,0x00000000d7a80000,0x00000000d7a80000)
  from space 19456K, 46% used [0x00000000d7a80000,0x00000000d835d280,0x00000000d8d80000)
  to   space 12288K, 0% used [0x00000000d8e00000,0x00000000d8e00000,0x00000000d9a00000)
 ParOldGen       total 1198592K, used 1198497K [0x0000000080000000, 0x00000000c9280000, 0x00000000d5580000)
  object space 1198592K, 99% used [0x0000000080000000,0x00000000c9268658,0x00000000c9280000)
 Metaspace       used 103906K, committed 106304K, reserved 1179648K
  class space    used 9952K, committed 11072K, reserved 1048576K
}
Event: 2951.807 GC heap after
{Heap after GC invocations=3312 (full 13):
 PSYoungGen      total 57344K, used 11855K [0x00000000d5580000, 0x00000000d9b00000, 0x0000000100000000)
  eden space 45056K, 0% used [0x00000000d5580000,0x00000000d5580000,0x00000000d8180000)
  from space 12288K, 96% used [0x00000000d8e00000,0x00000000d9993e60,0x00000000d9a00000)
  to   space 12800K, 0% used [0x00000000d8180000,0x00000000d8180000,0x00000000d8e00000)
 ParOldGen       total 1207296K, used 1207126K [0x0000000080000000, 0x00000000c9b00000, 0x00000000d5580000)
  object space 1207296K, 99% used [0x0000000080000000,0x00000000c9ad5938,0x00000000c9b00000)
 Metaspace       used 103906K, committed 106304K, reserved 1179648K
  class space    used 9952K, committed 11072K, reserved 1048576K
}
Event: 2952.129 GC heap before
{Heap before GC invocations=3313 (full 13):
 PSYoungGen      total 57344K, used 56911K [0x00000000d5580000, 0x00000000d9b00000, 0x0000000100000000)
  eden space 45056K, 100% used [0x00000000d5580000,0x00000000d8180000,0x00000000d8180000)
  from space 12288K, 96% used [0x00000000d8e00000,0x00000000d9993e60,0x00000000d9a00000)
  to   space 12800K, 0% used [0x00000000d8180000,0x00000000d8180000,0x00000000d8e00000)
 ParOldGen       total 1207296K, used 1207126K [0x0000000080000000, 0x00000000c9b00000, 0x00000000d5580000)
  object space 1207296K, 99% used [0x0000000080000000,0x00000000c9ad5938,0x00000000c9b00000)
 Metaspace       used 103906K, committed 106304K, reserved 1179648K
  class space    used 9952K, committed 11072K, reserved 1048576K
}
Event: 2952.176 GC heap after
{Heap after GC invocations=3313 (full 13):
 PSYoungGen      total 57856K, used 10249K [0x00000000d5580000, 0x00000000da080000, 0x0000000100000000)
  eden space 45056K, 0% used [0x00000000d5580000,0x00000000d5580000,0x00000000d8180000)
  from space 12800K, 80% used [0x00000000d8180000,0x00000000d8b82498,0x00000000d8e00000)
  to   space 11264K, 0% used [0x00000000d9580000,0x00000000d9580000,0x00000000da080000)
 ParOldGen       total 1218560K, used 1218224K [0x0000000080000000, 0x00000000ca600000, 0x00000000d5580000)
  object space 1218560K, 99% used [0x0000000080000000,0x00000000ca5ac320,0x00000000ca600000)
 Metaspace       used 103906K, committed 106304K, reserved 1179648K
  class space    used 9952K, committed 11072K, reserved 1048576K
}
Event: 2952.397 GC heap before
{Heap before GC invocations=3314 (full 13):
 PSYoungGen      total 57856K, used 55305K [0x00000000d5580000, 0x00000000da080000, 0x0000000100000000)
  eden space 45056K, 100% used [0x00000000d5580000,0x00000000d8180000,0x00000000d8180000)
  from space 12800K, 80% used [0x00000000d8180000,0x00000000d8b82498,0x00000000d8e00000)
  to   space 11264K, 0% used [0x00000000d9580000,0x00000000d9580000,0x00000000da080000)
 ParOldGen       total 1218560K, used 1218224K [0x0000000080000000, 0x00000000ca600000, 0x00000000d5580000)
  object space 1218560K, 99% used [0x0000000080000000,0x00000000ca5ac320,0x00000000ca600000)
 Metaspace       used 103906K, committed 106304K, reserved 1179648K
  class space    used 9952K, committed 11072K, reserved 1048576K
}
Event: 2952.462 GC heap after
{Heap after GC invocations=3314 (full 13):
 PSYoungGen      total 64000K, used 9598K [0x00000000d5580000, 0x00000000d9f00000, 0x0000000100000000)
  eden space 54272K, 0% used [0x00000000d5580000,0x00000000d5580000,0x00000000d8a80000)
  from space 9728K, 98% used [0x00000000d9580000,0x00000000d9edf9a8,0x00000000d9f00000)
  to   space 10240K, 0% used [0x00000000d8b00000,0x00000000d8b00000,0x00000000d9500000)
 ParOldGen       total 1224704K, used 1224316K [0x0000000080000000, 0x00000000cac00000, 0x00000000d5580000)
  object space 1224704K, 99% used [0x0000000080000000,0x00000000cab9f138,0x00000000cac00000)
 Metaspace       used 103906K, committed 106304K, reserved 1179648K
  class space    used 9952K, committed 11072K, reserved 1048576K
}

Dll operation events (10 events):
Event: 0.002 Loaded shared library /home/jesielviana/.vscode/extensions/redhat.java-1.54.0-linux-x64/jre/21.0.10-linux-x86_64/lib/libjava.so
Event: 0.053 Loaded shared library /home/jesielviana/.vscode/extensions/redhat.java-1.54.0-linux-x64/jre/21.0.10-linux-x86_64/lib/libzip.so
Event: 0.079 Loaded shared library /home/jesielviana/.vscode/extensions/redhat.java-1.54.0-linux-x64/jre/21.0.10-linux-x86_64/lib/libinstrument.so
Event: 0.081 Loaded shared library /home/jesielviana/.vscode/extensions/redhat.java-1.54.0-linux-x64/jre/21.0.10-linux-x86_64/lib/libnio.so
Event: 0.084 Loaded shared library /home/jesielviana/.vscode/extensions/redhat.java-1.54.0-linux-x64/jre/21.0.10-linux-x86_64/lib/libzip.so
Event: 0.105 Loaded shared library /home/jesielviana/.vscode/extensions/redhat.java-1.54.0-linux-x64/jre/21.0.10-linux-x86_64/lib/libjimage.so
Event: 0.198 Loaded shared library /home/jesielviana/.vscode/extensions/redhat.java-1.54.0-linux-x64/jre/21.0.10-linux-x86_64/lib/libverify.so
Event: 1.047 Loaded shared library /home/jesielviana/.vscode/extensions/redhat.java-1.54.0-linux-x64/jre/21.0.10-linux-x86_64/lib/libnet.so
Event: 1.504 Loaded shared library /home/jesielviana/.config/Code/User/globalStorage/redhat.java/1.54.0/config_linux/org.eclipse.equinox.launcher/org.eclipse.equinox.launcher.gtk.linux.x86_64_1.2.1500.v20250801-0854/eclipse_11916.so
Event: 208.217 Loaded shared library /home/jesielviana/.vscode/extensions/redhat.java-1.54.0-linux-x64/jre/21.0.10-linux-x86_64/lib/libextnet.so

Deoptimization events (20 events):
Event: 2946.824 Thread 0x0000795730001cb0 Uncommon trap: trap_request=0xffffffde fr.pc=0x000079587b8d8a3c relative=0x000000000000199c
Event: 2946.824 Thread 0x0000795730001cb0 Uncommon trap: reason=class_check action=maybe_recompile pc=0x000079587b8d8a3c method=org.eclipse.jdt.internal.compiler.lookup.ClassScope.detectHierarchyCycle(Lorg/eclipse/jdt/internal/compiler/lookup/TypeBinding;Lorg/eclipse/jdt/internal/compiler/ast/Typ
Event: 2946.824 Thread 0x0000795730001cb0 DEOPT PACKING pc=0x000079587b8d8a3c sp=0x00007958252f64f0
Event: 2946.824 Thread 0x0000795730001cb0 DEOPT UNPACKING pc=0x000079587938d619 sp=0x00007958252f64f8 mode 2
Event: 2950.401 Thread 0x000079572800d440 Uncommon trap: trap_request=0xffffffc6 fr.pc=0x000079587ade14ec relative=0x000000000000058c
Event: 2950.401 Thread 0x000079572800d440 Uncommon trap: reason=bimorphic_or_optimized_type_check action=maybe_recompile pc=0x000079587ade14ec method=org.eclipse.jdt.internal.compiler.lookup.ParameterizedTypeBinding.problemId()I @ 4 c2
Event: 2950.401 Thread 0x000079572800d440 DEOPT PACKING pc=0x000079587ade14ec sp=0x00007958242f6e40
Event: 2950.401 Thread 0x000079572800d440 DEOPT UNPACKING pc=0x000079587938d619 sp=0x00007958242f6d08 mode 2
Event: 2950.401 Thread 0x000079572800d440 Uncommon trap: trap_request=0xffffffc6 fr.pc=0x0000795879cfe164 relative=0x0000000000001944
Event: 2950.401 Thread 0x000079572800d440 Uncommon trap: reason=bimorphic_or_optimized_type_check action=maybe_recompile pc=0x0000795879cfe164 method=org.eclipse.jdt.internal.compiler.lookup.ParameterizedTypeBinding.getNonWildcardParameters(Lorg/eclipse/jdt/internal/compiler/lookup/Scope;)[Lorg/e
Event: 2950.401 Thread 0x000079572800d440 DEOPT PACKING pc=0x0000795879cfe164 sp=0x00007958242f6d20
Event: 2950.401 Thread 0x000079572800d440 DEOPT UNPACKING pc=0x000079587938d619 sp=0x00007958242f6ce0 mode 2
Event: 2950.440 Thread 0x000079572800d440 Uncommon trap: trap_request=0xffffffc6 fr.pc=0x0000795879a76d38 relative=0x00000000000001f8
Event: 2950.440 Thread 0x000079572800d440 Uncommon trap: reason=bimorphic_or_optimized_type_check action=maybe_recompile pc=0x0000795879a76d38 method=org.eclipse.jdt.internal.compiler.lookup.ParameterizedTypeBinding.signature()[C @ 12 c2
Event: 2950.440 Thread 0x000079572800d440 DEOPT PACKING pc=0x0000795879a76d38 sp=0x00007958242f7270
Event: 2950.440 Thread 0x000079572800d440 DEOPT UNPACKING pc=0x000079587938d619 sp=0x00007958242f7220 mode 2
Event: 2950.440 Thread 0x000079572800d440 Uncommon trap: trap_request=0xffffffc6 fr.pc=0x000079587b9604fc relative=0x0000000000000edc
Event: 2950.440 Thread 0x000079572800d440 Uncommon trap: reason=bimorphic_or_optimized_type_check action=maybe_recompile pc=0x000079587b9604fc method=org.eclipse.jdt.internal.compiler.lookup.ParameterizedTypeBinding.genericTypeSignature()[C @ 121 c2
Event: 2950.440 Thread 0x000079572800d440 DEOPT PACKING pc=0x000079587b9604fc sp=0x00007958242f71c0
Event: 2950.440 Thread 0x000079572800d440 DEOPT UNPACKING pc=0x000079587938d619 sp=0x00007958242f71b0 mode 2

Classes loaded (20 events):
Event: 543.788 Loading class sun/net/www/http/KeepAliveStreamCleaner$1
Event: 543.788 Loading class sun/net/www/http/KeepAliveStreamCleaner$1 done
Event: 543.788 Loading class sun/net/www/http/KeepAliveStreamCleaner$2
Event: 543.788 Loading class sun/net/www/http/KeepAliveStreamCleaner$2 done
Event: 543.788 Loading class sun/net/www/protocol/http/HttpURLConnection$HttpInputStream
Event: 543.788 Loading class sun/net/www/protocol/http/HttpURLConnection$HttpInputStream done
Event: 543.790 Loading class sun/net/www/http/KeepAliveCache$1
Event: 543.790 Loading class sun/net/www/http/KeepAliveCache$1 done
Event: 543.790 Loading class sun/net/www/http/KeepAliveCache$ClientVector
Event: 543.790 Loading class sun/net/www/http/KeepAliveCache$ClientVector done
Event: 543.792 Loading class sun/net/www/http/KeepAliveEntry
Event: 543.793 Loading class sun/net/www/http/KeepAliveEntry done
Event: 553.791 Loading class sun/security/ssl/Alert
Event: 553.791 Loading class sun/security/ssl/Alert done
Event: 553.792 Loading class sun/security/ssl/Alert$AlertConsumer
Event: 553.792 Loading class sun/security/ssl/Alert$AlertConsumer done
Event: 553.792 Loading class sun/security/ssl/Alert$Level
Event: 553.792 Loading class sun/security/ssl/Alert$Level done
Event: 2768.544 Loading class java/nio/file/Path$1
Event: 2768.546 Loading class java/nio/file/Path$1 done

Classes unloaded (20 events):
Event: 2814.426 Thread 0x000079588416c8a0 Unloading class 0x000079582800d800 'java/lang/invoke/LambdaForm$MH+0x000079582800d800'
Event: 2814.426 Thread 0x000079588416c8a0 Unloading class 0x000079582800d400 'java/lang/invoke/LambdaForm$MH+0x000079582800d400'
Event: 2814.426 Thread 0x000079588416c8a0 Unloading class 0x000079582800d000 'java/lang/invoke/LambdaForm$MH+0x000079582800d000'
Event: 2814.426 Thread 0x000079588416c8a0 Unloading class 0x000079582800cc00 'java/lang/invoke/LambdaForm$MH+0x000079582800cc00'
Event: 2814.426 Thread 0x000079588416c8a0 Unloading class 0x000079582800c800 'java/lang/invoke/LambdaForm$BMH+0x000079582800c800'
Event: 2814.426 Thread 0x000079588416c8a0 Unloading class 0x000079582800c000 'java/lang/invoke/LambdaForm$DMH+0x000079582800c000'
Event: 2814.426 Thread 0x000079588416c8a0 Unloading class 0x0000795828008c00 'java/lang/invoke/LambdaForm$MH+0x0000795828008c00'
Event: 2814.426 Thread 0x000079588416c8a0 Unloading class 0x0000795828008800 'java/lang/invoke/LambdaForm$MH+0x0000795828008800'
Event: 2814.426 Thread 0x000079588416c8a0 Unloading class 0x0000795828008400 'java/lang/invoke/LambdaForm$MH+0x0000795828008400'
Event: 2814.426 Thread 0x000079588416c8a0 Unloading class 0x0000795828007000 'java/lang/invoke/LambdaForm$MH+0x0000795828007000'
Event: 2814.426 Thread 0x000079588416c8a0 Unloading class 0x0000795828006800 'java/lang/invoke/LambdaForm$MH+0x0000795828006800'
Event: 2814.426 Thread 0x000079588416c8a0 Unloading class 0x0000795828006400 'java/lang/invoke/LambdaForm$MH+0x0000795828006400'
Event: 2814.426 Thread 0x000079588416c8a0 Unloading class 0x0000795828006000 'java/lang/invoke/LambdaForm$MH+0x0000795828006000'
Event: 2814.426 Thread 0x000079588416c8a0 Unloading class 0x0000795828005c00 'java/lang/invoke/LambdaForm$BMH+0x0000795828005c00'
Event: 2814.426 Thread 0x000079588416c8a0 Unloading class 0x0000795828004800 'java/lang/invoke/LambdaForm$DMH+0x0000795828004800'
Event: 2814.426 Thread 0x000079588416c8a0 Unloading class 0x0000795828002400 'java/lang/invoke/LambdaForm$MH+0x0000795828002400'
Event: 2814.426 Thread 0x000079588416c8a0 Unloading class 0x0000795828002000 'java/lang/invoke/LambdaForm$MH+0x0000795828002000'
Event: 2814.426 Thread 0x000079588416c8a0 Unloading class 0x0000795828001800 'java/lang/invoke/LambdaForm$MH+0x0000795828001800'
Event: 2858.048 Thread 0x000079588416c8a0 Unloading class 0x0000795828014800 'java/lang/invoke/LambdaForm$MH+0x0000795828014800'
Event: 2858.048 Thread 0x000079588416c8a0 Unloading class 0x0000795828000400 'java/lang/invoke/LambdaForm$MH+0x0000795828000400'

Classes redefined (0 events):
No events

Internal exceptions (20 events):
Event: 2944.775 Thread 0x0000795730001cb0 Exception <a 'sun/nio/fs/UnixException'{0x00000000d644c650}> (0x00000000d644c650) 
thrown [src/hotspot/share/prims/jni.cpp, line 520]
Event: 2944.776 Thread 0x0000795730001cb0 Exception <a 'sun/nio/fs/UnixException'{0x00000000d646c970}> (0x00000000d646c970) 
thrown [src/hotspot/share/prims/jni.cpp, line 520]
Event: 2944.776 Thread 0x0000795730001cb0 Exception <a 'sun/nio/fs/UnixException'{0x00000000d64896e8}> (0x00000000d64896e8) 
thrown [src/hotspot/share/prims/jni.cpp, line 520]
Event: 2944.777 Thread 0x0000795730001cb0 Exception <a 'sun/nio/fs/UnixException'{0x00000000d64a6740}> (0x00000000d64a6740) 
thrown [src/hotspot/share/prims/jni.cpp, line 520]
Event: 2944.806 Thread 0x0000795730001cb0 Exception <a 'sun/nio/fs/UnixException'{0x00000000d668c580}> (0x00000000d668c580) 
thrown [src/hotspot/share/prims/jni.cpp, line 520]
Event: 2944.806 Thread 0x0000795730001cb0 Exception <a 'sun/nio/fs/UnixException'{0x00000000d66a7c88}> (0x00000000d66a7c88) 
thrown [src/hotspot/share/prims/jni.cpp, line 520]
Event: 2944.807 Thread 0x0000795730001cb0 Exception <a 'sun/nio/fs/UnixException'{0x00000000d66c34b0}> (0x00000000d66c34b0) 
thrown [src/hotspot/share/prims/jni.cpp, line 520]
Event: 2944.808 Thread 0x0000795730001cb0 Exception <a 'sun/nio/fs/UnixException'{0x00000000d66dea38}> (0x00000000d66dea38) 
thrown [src/hotspot/share/prims/jni.cpp, line 520]
Event: 2944.835 Thread 0x0000795730001cb0 Exception <a 'sun/nio/fs/UnixException'{0x00000000d682b1f0}> (0x00000000d682b1f0) 
thrown [src/hotspot/share/prims/jni.cpp, line 520]
Event: 2944.836 Thread 0x0000795730001cb0 Exception <a 'sun/nio/fs/UnixException'{0x00000000d6847fd0}> (0x00000000d6847fd0) 
thrown [src/hotspot/share/prims/jni.cpp, line 520]
Event: 2944.836 Thread 0x0000795730001cb0 Exception <a 'sun/nio/fs/UnixException'{0x00000000d6866ef0}> (0x00000000d6866ef0) 
thrown [src/hotspot/share/prims/jni.cpp, line 520]
Event: 2944.837 Thread 0x0000795730001cb0 Exception <a 'sun/nio/fs/UnixException'{0x00000000d68826f0}> (0x00000000d68826f0) 
thrown [src/hotspot/share/prims/jni.cpp, line 520]
Event: 2944.855 Thread 0x0000795730001cb0 Exception <a 'sun/nio/fs/UnixException'{0x00000000d6a69318}> (0x00000000d6a69318) 
thrown [src/hotspot/share/prims/jni.cpp, line 520]
Event: 2944.856 Thread 0x0000795730001cb0 Exception <a 'sun/nio/fs/UnixException'{0x00000000d6a84ae0}> (0x00000000d6a84ae0) 
thrown [src/hotspot/share/prims/jni.cpp, line 520]
Event: 2944.857 Thread 0x0000795730001cb0 Exception <a 'sun/nio/fs/UnixException'{0x00000000d6aa0228}> (0x00000000d6aa0228) 
thrown [src/hotspot/share/prims/jni.cpp, line 520]
Event: 2944.857 Thread 0x0000795730001cb0 Exception <a 'sun/nio/fs/UnixException'{0x00000000d6abb9f0}> (0x00000000d6abb9f0) 
thrown [src/hotspot/share/prims/jni.cpp, line 520]
Event: 2944.857 Thread 0x0000795730001cb0 Exception <a 'sun/nio/fs/UnixException'{0x00000000d6ad7020}> (0x00000000d6ad7020) 
thrown [src/hotspot/share/prims/jni.cpp, line 520]
Event: 2944.871 Thread 0x0000795730001cb0 Exception <a 'sun/nio/fs/UnixException'{0x00000000d6af4168}> (0x00000000d6af4168) 
thrown [src/hotspot/share/prims/jni.cpp, line 520]
Event: 2944.872 Thread 0x0000795730001cb0 Exception <a 'sun/nio/fs/UnixException'{0x00000000d6c40a38}> (0x00000000d6c40a38) 
thrown [src/hotspot/share/prims/jni.cpp, line 520]
Event: 2944.878 Thread 0x0000795730001cb0 Exception <a 'sun/nio/fs/UnixException'{0x00000000d6c5db28}> (0x00000000d6c5db28) 
thrown [src/hotspot/share/prims/jni.cpp, line 520]

ZGC Phase Switch (0 events):
No events

VM Operations (20 events):
Event: 2949.731 Executing safepoint VM operation: ParallelGCFailedAllocation (Allocation Failure)
Event: 2949.773 Executing safepoint VM operation: ParallelGCFailedAllocation (Allocation Failure) done
Event: 2950.009 Executing safepoint VM operation: ParallelGCFailedAllocation (Allocation Failure)
Event: 2950.063 Executing safepoint VM operation: ParallelGCFailedAllocation (Allocation Failure) done
Event: 2950.303 Executing safepoint VM operation: ParallelGCFailedAllocation (Allocation Failure)
Event: 2950.366 Executing safepoint VM operation: ParallelGCFailedAllocation (Allocation Failure) done
Event: 2950.752 Executing safepoint VM operation: ParallelGCFailedAllocation (Allocation Failure)
Event: 2950.805 Executing safepoint VM operation: ParallelGCFailedAllocation (Allocation Failure) done
Event: 2950.937 Executing safepoint VM operation: ParallelGCFailedAllocation (Allocation Failure)
Event: 2950.981 Executing safepoint VM operation: ParallelGCFailedAllocation (Allocation Failure) done
Event: 2951.248 Executing safepoint VM operation: ParallelGCFailedAllocation (Allocation Failure)
Event: 2951.327 Executing safepoint VM operation: ParallelGCFailedAllocation (Allocation Failure) done
Event: 2951.518 Executing safepoint VM operation: ParallelGCFailedAllocation (Allocation Failure)
Event: 2951.605 Executing safepoint VM operation: ParallelGCFailedAllocation (Allocation Failure) done
Event: 2951.718 Executing safepoint VM operation: ParallelGCFailedAllocation (Allocation Failure)
Event: 2951.807 Executing safepoint VM operation: ParallelGCFailedAllocation (Allocation Failure) done
Event: 2952.128 Executing safepoint VM operation: ParallelGCFailedAllocation (Allocation Failure)
Event: 2952.176 Executing safepoint VM operation: ParallelGCFailedAllocation (Allocation Failure) done
Event: 2952.397 Executing safepoint VM operation: ParallelGCFailedAllocation (Allocation Failure)
Event: 2952.462 Executing safepoint VM operation: ParallelGCFailedAllocation (Allocation Failure) done

Memory protections (20 events):
Event: 2824.951 Protecting memory [0x0000795825df9000,0x0000795825dfd000] with protection modes 0
Event: 2829.049 Protecting memory [0x0000795825df9000,0x0000795825dfd000] with protection modes 0
Event: 2829.355 Protecting memory [0x00007958247f9000,0x00007958247fd000] with protection modes 0
Event: 2836.765 Protecting memory [0x0000795825df9000,0x0000795825dfd000] with protection modes 0
Event: 2836.776 Protecting memory [0x00007958247f9000,0x00007958247fd000] with protection modes 0
Event: 2836.817 Protecting memory [0x0000795825cf9000,0x0000795825cfd000] with protection modes 0
Event: 2836.819 Protecting memory [0x00007958240f9000,0x00007958240fd000] with protection modes 0
Event: 2836.824 Protecting memory [0x00007958244f9000,0x00007958244fd000] with protection modes 0
Event: 2836.836 Protecting memory [0x0000795762e00000,0x0000795762e04000] with protection modes 0
Event: 2836.839 Protecting memory [0x00007958242f9000,0x00007958242fd000] with protection modes 0
Event: 2855.079 Protecting memory [0x0000795825df9000,0x0000795825dfd000] with protection modes 0
Event: 2855.089 Protecting memory [0x00007958247f9000,0x00007958247fd000] with protection modes 0
Event: 2862.056 Protecting memory [0x0000795825df9000,0x0000795825dfd000] with protection modes 0
Event: 2901.316 Protecting memory [0x0000795825df9000,0x0000795825dfd000] with protection modes 0
Event: 2901.380 Protecting memory [0x00007958247f9000,0x00007958247fd000] with protection modes 0
Event: 2911.768 Protecting memory [0x0000795825df9000,0x0000795825dfd000] with protection modes 0
Event: 2911.786 Protecting memory [0x00007958247f9000,0x00007958247fd000] with protection modes 0
Event: 2914.132 Protecting memory [0x0000795825df9000,0x0000795825dfd000] with protection modes 0
Event: 2914.135 Protecting memory [0x00007958247f9000,0x00007958247fd000] with protection modes 0
Event: 2932.574 Protecting memory [0x0000795825df9000,0x0000795825dfd000] with protection modes 0

Nmethod flushes (20 events):
Event: 2858.127 Thread 0x000079588416c8a0 flushing  nmethod 0x0000795875443e10
Event: 2858.127 Thread 0x000079588416c8a0 flushing  nmethod 0x0000795875448290
Event: 2858.127 Thread 0x000079588416c8a0 flushing  nmethod 0x0000795875448610
Event: 2858.127 Thread 0x000079588416c8a0 flushing  nmethod 0x000079587544a310
Event: 2858.127 Thread 0x000079588416c8a0 flushing  nmethod 0x000079587544c710
Event: 2858.127 Thread 0x000079588416c8a0 flushing  nmethod 0x000079587548ee10
Event: 2858.127 Thread 0x000079588416c8a0 flushing  nmethod 0x00007958754a5a10
Event: 2858.127 Thread 0x000079588416c8a0 flushing  nmethod 0x00007958754a8e90
Event: 2858.127 Thread 0x000079588416c8a0 flushing  nmethod 0x00007958754aff90
Event: 2858.128 Thread 0x000079588416c8a0 flushing  nmethod 0x00007958754b0310
Event: 2858.128 Thread 0x000079588416c8a0 flushing  nmethod 0x00007958754b7490
Event: 2858.128 Thread 0x000079588416c8a0 flushing  nmethod 0x00007958754b7e90
Event: 2858.128 Thread 0x000079588416c8a0 flushing  nmethod 0x00007958754e1910
Event: 2858.128 Thread 0x000079588416c8a0 flushing  nmethod 0x00007958754e6890
Event: 2858.128 Thread 0x000079588416c8a0 flushing  nmethod 0x0000795875575f10
Event: 2858.128 Thread 0x000079588416c8a0 flushing  nmethod 0x0000795875586f10
Event: 2858.128 Thread 0x000079588416c8a0 flushing  nmethod 0x000079587558e490
Event: 2858.128 Thread 0x000079588416c8a0 flushing  nmethod 0x0000795875590610
Event: 2858.128 Thread 0x000079588416c8a0 flushing  nmethod 0x0000795875592610
Event: 2858.128 Thread 0x000079588416c8a0 flushing  nmethod 0x00007958755ad490

Events (20 events):
Event: 2855.079 Thread 0x000079588417e720 Thread added: 0x000079580002f190
Event: 2855.089 Thread 0x000079588417e720 Thread added: 0x00007958015f1390
Event: 2856.000 Thread 0x00007958015f1390 Thread exited: 0x00007958015f1390
Event: 2857.136 Thread 0x000079580002f190 Thread exited: 0x000079580002f190
Event: 2862.056 Thread 0x000079588417e720 Thread added: 0x0000795800b44960
Event: 2869.158 Thread 0x0000795800b44960 Thread exited: 0x0000795800b44960
Event: 2901.314 Thread 0x000079588417d090 Thread added: 0x00007957fc5adcd0
Event: 2901.377 Thread 0x000079588417d090 Thread added: 0x00007957fce5dae0
Event: 2902.610 Thread 0x00007957fce5dae0 Thread exited: 0x00007957fce5dae0
Event: 2906.541 Thread 0x00007957fc5adcd0 Thread exited: 0x00007957fc5adcd0
Event: 2911.761 Thread 0x000079588417e720 Thread added: 0x0000795800b44960
Event: 2911.785 Thread 0x000079588417e720 Thread added: 0x0000795800642bc0
Event: 2912.967 Thread 0x0000795800642bc0 Thread exited: 0x0000795800642bc0
Event: 2913.457 Thread 0x0000795800b44960 Thread exited: 0x0000795800b44960
Event: 2914.130 Thread 0x000079588417e720 Thread added: 0x0000795800b44960
Event: 2914.135 Thread 0x000079588417e720 Thread added: 0x0000795800642bc0
Event: 2914.365 Thread 0x0000795800642bc0 Thread exited: 0x0000795800642bc0
Event: 2914.902 Thread 0x0000795800b44960 Thread exited: 0x0000795800b44960
Event: 2932.574 Thread 0x000079588417e720 Thread added: 0x0000795800b44960
Event: 2933.806 Thread 0x0000795800b44960 Thread exited: 0x0000795800b44960


Dynamic libraries:
80000000-cac00000 rw-p 00000000 00:00 0 
cac00000-d5580000 ---p 00000000 00:00 0 
d5580000-d9f00000 rw-p 00000000 00:00 0 
d9f00000-100000000 ---p 00000000 00:00 0 
5e654d228000-5e654d229000 r-xp 00000000 103:02 20461273                  /home/jesielviana/.vscode/extensions/redhat.java-1.54.0-linux-x64/jre/21.0.10-linux-x86_64/bin/java
5e654d22a000-5e654d22b000 r--p 00001000 103:02 20461273                  /home/jesielviana/.vscode/extensions/redhat.java-1.54.0-linux-x64/jre/21.0.10-linux-x86_64/bin/java
5e654d22b000-5e654d22c000 rw-p 00002000 103:02 20461273                  /home/jesielviana/.vscode/extensions/redhat.java-1.54.0-linux-x64/jre/21.0.10-linux-x86_64/bin/java
5e6575cf6000-5e6575d43000 rw-p 00000000 00:00 0                          [heap]
795718000000-7957189c0000 rw-p 00000000 00:00 0 
7957189c0000-795718a00000 rw-p 00000000 00:00 0 
795718a00000-795718bc0000 rw-p 00000000 00:00 0 
795718bc0000-795718d00000 rw-p 00000000 00:00 0 
795718d00000-795718d80000 rw-p 00000000 00:00 0 
795718d80000-795718e00000 rw-p 00000000 00:00 0 
795718e00000-795718f00000 rw-p 00000000 00:00 0 
795718f00000-795719000000 rw-p 00000000 00:00 0 
795719000000-7957191c0000 rw-p 00000000 00:00 0 
7957191c0000-795719300000 rw-p 00000000 00:00 0 
795719300000-7957199d0000 rw-p 00000000 00:00 0 
7957199d0000-795719a00000 ---p 00000000 00:00 0 
795719a00000-795719d30000 rw-p 00000000 00:00 0 
795719d30000-79571c000000 ---p 00000000 00:00 0 
79571c000000-79571d68b000 rw-p 00000000 00:00 0 
79571d68b000-795720000000 ---p 00000000 00:00 0 
795720000000-7957223d3000 rw-p 00000000 00:00 0 
7957223d3000-795724000000 ---p 00000000 00:00 0 
795724000000-7957241a0000 rw-p 00000000 00:00 0 
7957241a0000-795728000000 ---p 00000000 00:00 0 
795728000000-7957280f2000 rw-p 00000000 00:00 0 
7957280f2000-79572c000000 ---p 00000000 00:00 0 
79572c000000-79572c199000 rw-p 00000000 00:00 0 
79572c199000-795730000000 ---p 00000000 00:00 0 
795730000000-795731242000 rw-p 00000000 00:00 0 
795731242000-795734000000 ---p 00000000 00:00 0 
795734000000-795734021000 rw-p 00000000 00:00 0 
795734021000-795738000000 ---p 00000000 00:00 0 
795738000000-795738245000 rw-p 00000000 00:00 0 
795738245000-79573c000000 ---p 00000000 00:00 0 
79573c000000-79573e7d3000 rw-p 00000000 00:00 0 
79573e7d3000-795740000000 ---p 00000000 00:00 0 
795740000000-795742fac000 rw-p 00000000 00:00 0 
795742fac000-795744000000 ---p 00000000 00:00 0 
795744000000-79574408b000 rw-p 00000000 00:00 0 
79574408b000-795748000000 ---p 00000000 00:00 0 
795748000000-795748069000 rw-p 00000000 00:00 0 
795748069000-79574c000000 ---p 00000000 00:00 0 
79574c000000-79574cc53000 rw-p 00000000 00:00 0 
79574cc53000-795750000000 ---p 00000000 00:00 0 
795750000000-7957500af000 rw-p 00000000 00:00 0 
7957500af000-795754000000 ---p 00000000 00:00 0 
795754000000-7957542a3000 rw-p 00000000 00:00 0 
7957542a3000-795758000000 ---p 00000000 00:00 0 
795758000000-795758053000 rw-p 00000000 00:00 0 
795758053000-79575c000000 ---p 00000000 00:00 0 
79575c000000-79575e112000 rw-p 00000000 00:00 0 
79575e112000-795760000000 ---p 00000000 00:00 0 
795762b00000-795762b04000 ---p 00000000 00:00 0 
795762b04000-795762c00000 rw-p 00000000 00:00 0 
795762c00000-795762c04000 ---p 00000000 00:00 0 
795762c04000-795762d00000 rw-p 00000000 00:00 0 
795762d00000-795762d04000 ---p 00000000 00:00 0 
795762d04000-795762e00000 rw-p 00000000 00:00 0 
795762e00000-795762e04000 ---p 00000000 00:00 0 
795762e04000-795762f00000 rw-p 00000000 00:00 0 
795763000000-795763004000 ---p 00000000 00:00 0 
795763004000-795763100000 rw-p 00000000 00:00 0 
795763100000-795763104000 ---p 00000000 00:00 0 
795763104000-795763200000 rw-p 00000000 00:00 0 
795763200000-795763204000 ---p 00000000 00:00 0 
795763204000-795763300000 rw-p 00000000 00:00 0 
795763300000-795763304000 ---p 00000000 00:00 0 
795763304000-795763400000 rw-p 00000000 00:00 0 
795763400000-795763404000 ---p 00000000 00:00 0 
795763404000-795763500000 rw-p 00000000 00:00 0 
795763500000-795763504000 ---p 00000000 00:00 0 
795763504000-795763600000 rw-p 00000000 00:00 0 
795763600000-795763604000 ---p 00000000 00:00 0 
795763604000-795763700000 rw-p 00000000 00:00 0 
795763700000-795763704000 ---p 00000000 00:00 0 
795763704000-795763800000 rw-p 00000000 00:00 0 
795763800000-79576be52000 r--s 00000000 103:02 28704866                  /usr/lib/jvm/java-21-openjdk-amd64/lib/modules
79576bf00000-79576bf04000 ---p 00000000 00:00 0 
79576bf04000-79576c000000 rw-p 00000000 00:00 0 
79576c000000-79576c2b1000 rw-p 00000000 00:00 0 
79576c2b1000-795770000000 ---p 00000000 00:00 0 
795770000000-795770119000 rw-p 00000000 00:00 0 
795770119000-795774000000 ---p 00000000 00:00 0 
795774000000-7957743f0000 rw-p 00000000 00:00 0 
7957743f0000-795778000000 ---p 00000000 00:00 0 
795778000000-79577a319000 rw-p 00000000 00:00 0 
79577a319000-79577c000000 ---p 00000000 00:00 0 
79577c000000-79577c361000 rw-p 00000000 00:00 0 
79577c361000-795780000000 ---p 00000000 00:00 0 
795780000000-79578114e000 rw-p 00000000 00:00 0 
79578114e000-795784000000 ---p 00000000 00:00 0 
795784000000-795784193000 rw-p 00000000 00:00 0 
795784193000-795788000000 ---p 00000000 00:00 0 
795788000000-795788ec9000 rw-p 00000000 00:00 0 
795788ec9000-79578c000000 ---p 00000000 00:00 0 
79578c000000-79578c2de000 rw-p 00000000 00:00 0 
79578c2de000-795790000000 ---p 00000000 00:00 0 
795790000000-795791503000 rw-p 00000000 00:00 0 
795791503000-795794000000 ---p 00000000 00:00 0 
795794000000-795794021000 rw-p 00000000 00:00 0 
795794021000-795798000000 ---p 00000000 00:00 0 
795798000000-795798029000 rw-p 00000000 00:00 0 
795798029000-79579c000000 ---p 00000000 00:00 0 
79579c000000-79579d7bb000 rw-p 00000000 00:00 0 
79579d7bb000-7957a0000000 ---p 00000000 00:00 0 
7957a0000000-7957a003d000 rw-p 00000000 00:00 0 
7957a003d000-7957a4000000 ---p 00000000 00:00 0 
7957a4000000-7957a4b96000 rw-p 00000000 00:00 0 
7957a4b96000-7957a8000000 ---p 00000000 00:00 0 
7957a8000000-7957a92f3000 rw-p 00000000 00:00 0 
7957a92f3000-7957ac000000 ---p 00000000 00:00 0 
7957ac000000-7957af08a000 rw-p 00000000 00:00 0 
7957af08a000-7957b0000000 ---p 00000000 00:00 0 
7957b0000000-7957b33b4000 rw-p 00000000 00:00 0 
7957b33b4000-7957b4000000 ---p 00000000 00:00 0 
7957b4000000-7957b4021000 rw-p 00000000 00:00 0 
7957b4021000-7957b8000000 ---p 00000000 00:00 0 
7957b8000000-7957b802c000 rw-p 00000000 00:00 0 
7957b802c000-7957bc000000 ---p 00000000 00:00 0 
7957bc000000-7957be7cc000 rw-p 00000000 00:00 0 
7957be7cc000-7957c0000000 ---p 00000000 00:00 0 
7957c0000000-7957c4000000 rw-p 00000000 00:00 0 
7957c4000000-7957c4021000 rw-p 00000000 00:00 0 
7957c4021000-7957c8000000 ---p 00000000 00:00 0 
7957c8000000-7957c8021000 rw-p 00000000 00:00 0 
7957c8021000-7957cc000000 ---p 00000000 00:00 0 
7957cc000000-7957cc021000 rw-p 00000000 00:00 0 
7957cc021000-7957d0000000 ---p 00000000 00:00 0 
7957d0000000-7957d0b76000 rw-p 00000000 00:00 0 
7957d0b76000-7957d4000000 ---p 00000000 00:00 0 
7957d4000000-7957d4037000 rw-p 00000000 00:00 0 
7957d4037000-7957d8000000 ---p 00000000 00:00 0 
7957d8000000-7957d8029000 rw-p 00000000 00:00 0 
7957d8029000-7957dc000000 ---p 00000000 00:00 0 
7957dc000000-7957dc022000 rw-p 00000000 00:00 0 
7957dc022000-7957e0000000 ---p 00000000 00:00 0 
7957e0000000-7957e0021000 rw-p 00000000 00:00 0 
7957e0021000-7957e4000000 ---p 00000000 00:00 0 
7957e4000000-7957e4024000 rw-p 00000000 00:00 0 
7957e4024000-7957e8000000 ---p 00000000 00:00 0 
7957e8000000-7957e803b000 rw-p 00000000 00:00 0 
7957e803b000-7957ec000000 ---p 00000000 00:00 0 
7957ec000000-7957ec021000 rw-p 00000000 00:00 0 
7957ec021000-7957f0000000 ---p 00000000 00:00 0 
7957f0000000-7957f02da000 rw-p 00000000 00:00 0 
7957f02da000-7957f4000000 ---p 00000000 00:00 0 
7957f4000000-7957f443e000 rw-p 00000000 00:00 0 
7957f443e000-7957f8000000 ---p 00000000 00:00 0 
7957f8000000-7957f8021000 rw-p 00000000 00:00 0 
7957f8021000-7957fc000000 ---p 00000000 00:00 0 
7957fc000000-7957ffb36000 rw-p 00000000 00:00 0 
7957ffb36000-795800000000 ---p 00000000 00:00 0 
795800000000-79580180d000 rw-p 00000000 00:00 0 
79580180d000-795804000000 ---p 00000000 00:00 0 
795804000000-795804021000 rw-p 00000000 00:00 0 
795804021000-795808000000 ---p 00000000 00:00 0 
795808000000-795808021000 rw-p 00000000 00:00 0 
795808021000-79580c000000 ---p 00000000 00:00 0 
79580c000000-79580c13e000 rw-p 00000000 00:00 0 
79580c13e000-795810000000 ---p 00000000 00:00 0 
795810000000-795810021000 rw-p 00000000 00:00 0 
795810021000-795814000000 ---p 00000000 00:00 0 
795814000000-795814048000 rw-p 00000000 00:00 0 
795814048000-795818000000 ---p 00000000 00:00 0 
795818000000-795818021000 rw-p 00000000 00:00 0 
795818021000-79581c000000 ---p 00000000 00:00 0 
79581c000000-79581c400000 rw-p 00000000 00:00 0 
79581c400000-79581c8c0000 rw-p 00000000 00:00 0 
79581c8c0000-79581c900000 rw-p 00000000 00:00 0 
79581c900000-79581cb80000 rw-p 00000000 00:00 0 
79581cb80000-79581cc00000 rw-p 00000000 00:00 0 
79581cc00000-79581cf00000 rw-p 00000000 00:00 0 
79581cf00000-79581d000000 rw-p 00000000 00:00 0 
79581d000000-79581d980000 rw-p 00000000 00:00 0 
79581d980000-79581da00000 rw-p 00000000 00:00 0 
79581da00000-79581db00000 rw-p 00000000 00:00 0 
79581db00000-79581dc00000 rw-p 00000000 00:00 0 
79581dc00000-79581df00000 rw-p 00000000 00:00 0 
79581df00000-79581e000000 rw-p 00000000 00:00 0 
79581e000000-79581e7c0000 rw-p 00000000 00:00 0 
79581e7c0000-79581e800000 rw-p 00000000 00:00 0 
79581e800000-79581e980000 rw-p 00000000 00:00 0 
79581e980000-79581ea00000 rw-p 00000000 00:00 0 
79581ea00000-79581f380000 rw-p 00000000 00:00 0 
79581f380000-79581f400000 rw-p 00000000 00:00 0 
79581f400000-79581fd00000 rw-p 00000000 00:00 0 
79581fd00000-79581fe00000 rw-p 00000000 00:00 0 
79581fe00000-795820000000 rw-p 00000000 00:00 0 
795820000000-7958202c6000 rw-p 00000000 00:00 0 
7958202c6000-795824000000 ---p 00000000 00:00 0 
7958240f9000-7958240fd000 ---p 00000000 00:00 0 
7958240fd000-7958241f9000 rw-p 00000000 00:00 0 
7958241f9000-7958241fd000 ---p 00000000 00:00 0 
7958241fd000-7958242f9000 rw-p 00000000 00:00 0 
7958242f9000-7958242fd000 ---p 00000000 00:00 0 
7958242fd000-7958243f9000 rw-p 00000000 00:00 0 
7958243f9000-7958243fd000 ---p 00000000 00:00 0 
7958243fd000-7958244f9000 rw-p 00000000 00:00 0 
7958244f9000-7958244fd000 ---p 00000000 00:00 0 
7958244fd000-7958245f9000 rw-p 00000000 00:00 0 
7958245f9000-7958245fd000 ---p 00000000 00:00 0 
7958245fd000-7958246f9000 rw-p 00000000 00:00 0 
7958246f9000-7958246fd000 ---p 00000000 00:00 0 
7958246fd000-7958247f9000 rw-p 00000000 00:00 0 
7958247f9000-7958247fd000 ---p 00000000 00:00 0 
7958247fd000-7958248f9000 rw-p 00000000 00:00 0 
7958248f9000-7958248fd000 ---p 00000000 00:00 0 
7958248fd000-7958249f9000 rw-p 00000000 00:00 0 
7958249f9000-7958249fd000 ---p 00000000 00:00 0 
7958249fd000-795824af9000 rw-p 00000000 00:00 0 
795824af9000-795824afd000 ---p 00000000 00:00 0 
795824afd000-795824bf9000 rw-p 00000000 00:00 0 
795824bf9000-795824bfd000 ---p 00000000 00:00 0 
795824bfd000-795824cf9000 rw-p 00000000 00:00 0 
795824cf9000-795824cfd000 ---p 00000000 00:00 0 
795824cfd000-795824df9000 rw-p 00000000 00:00 0 
795824df9000-795824dfd000 ---p 00000000 00:00 0 
795824dfd000-795824ef9000 rw-p 00000000 00:00 0 
795824ef9000-795824efd000 ---p 00000000 00:00 0 
795824efd000-795824ff9000 rw-p 00000000 00:00 0 
795824ff9000-795824ffd000 ---p 00000000 00:00 0 
795824ffd000-7958250f9000 rw-p 00000000 00:00 0 
7958250f9000-7958250fd000 ---p 00000000 00:00 0 
7958250fd000-7958251f9000 rw-p 00000000 00:00 0 
7958251f9000-7958251fd000 ---p 00000000 00:00 0 
7958251fd000-7958252f9000 rw-p 00000000 00:00 0 
7958252f9000-7958252fd000 ---p 00000000 00:00 0 
7958252fd000-7958253f9000 rw-p 00000000 00:00 0 
7958253f9000-7958253fd000 ---p 00000000 00:00 0 
7958253fd000-7958254f9000 rw-p 00000000 00:00 0 
7958254f9000-7958254fd000 ---p 00000000 00:00 0 
7958254fd000-7958255f9000 rw-p 00000000 00:00 0 
7958255f9000-7958255fd000 ---p 00000000 00:00 0 
7958255fd000-7958256f9000 rw-p 00000000 00:00 0 
7958256f9000-7958256fd000 ---p 00000000 00:00 0 
7958256fd000-7958257f9000 rw-p 00000000 00:00 0 
7958257f9000-7958257fd000 ---p 00000000 00:00 0 
7958257fd000-7958258f9000 rw-p 00000000 00:00 0 
7958258f9000-7958258fd000 ---p 00000000 00:00 0 
7958258fd000-7958259f9000 rw-p 00000000 00:00 0 
7958259f9000-7958259fd000 ---p 00000000 00:00 0 
7958259fd000-795825af9000 rw-p 00000000 00:00 0 
795825af9000-795825afd000 ---p 00000000 00:00 0 
795825afd000-795825bf9000 rw-p 00000000 00:00 0 
795825bf9000-795825bfd000 ---p 00000000 00:00 0 
795825bfd000-795825cf9000 rw-p 00000000 00:00 0 
795825cf9000-795825cfd000 ---p 00000000 00:00 0 
795825cfd000-795825df9000 rw-p 00000000 00:00 0 
795825df9000-795825dfd000 ---p 00000000 00:00 0 
795825dfd000-795825ef9000 rw-p 00000000 00:00 0 
795825ef9000-795825efd000 ---p 00000000 00:00 0 
795825efd000-795825ff9000 rw-p 00000000 00:00 0 
795825ff9000-795825ffd000 ---p 00000000 00:00 0 
795825ffd000-7958260f9000 rw-p 00000000 00:00 0 
7958260f9000-7958260fd000 ---p 00000000 00:00 0 
7958260fd000-7958262fa000 rw-p 00000000 00:00 0 
7958262fa000-7958262fe000 ---p 00000000 00:00 0 
7958262fe000-7958263fa000 rw-p 00000000 00:00 0 
7958263fa000-7958263fe000 ---p 00000000 00:00 0 
7958263fe000-7958265fb000 rw-p 00000000 00:00 0 
7958265fb000-7958265ff000 ---p 00000000 00:00 0 
7958265ff000-7958267fc000 rw-p 00000000 00:00 0 
7958267fc000-795826800000 ---p 00000000 00:00 0 
795826800000-7958268fc000 rw-p 00000000 00:00 0 
7958268fc000-795826900000 ---p 00000000 00:00 0 
795826900000-795826afd000 rw-p 00000000 00:00 0 
795826afd000-795826b01000 ---p 00000000 00:00 0 
795826b01000-795826bfd000 rw-p 00000000 00:00 0 
795826bfd000-795826c01000 ---p 00000000 00:00 0 
795826c01000-795827000000 rw-p 00000000 00:00 0 
795827000000-795827bbb000 rw-p 00001000 103:02 20461307                  /home/jesielviana/.vscode/extensions/redhat.java-1.54.0-linux-x64/jre/21.0.10-linux-x86_64/lib/server/classes.jsa
795827bbb000-795828000000 ---p 00000000 00:00 0 
795828000000-795828040000 rw-p 00000000 00:00 0 
795828040000-7958280c0000 rw-p 00000000 00:00 0 
7958280c0000-795828100000 rw-p 00000000 00:00 0 
795828100000-7958281e0000 rw-p 00000000 00:00 0 
7958281e0000-795828200000 rw-p 00000000 00:00 0 
795828200000-795828340000 rw-p 00000000 00:00 0 
795828340000-795828380000 rw-p 00000000 00:00 0 
795828380000-7958285c0000 rw-p 00000000 00:00 0 
7958285c0000-795828600000 rw-p 00000000 00:00 0 
795828600000-795828940000 rw-p 00000000 00:00 0 
795828940000-795828980000 rw-p 00000000 00:00 0 
795828980000-7958289c0000 rw-p 00000000 00:00 0 
7958289c0000-7958289f0000 rw-p 00000000 00:00 0 
7958289f0000-795828a00000 ---p 00000000 00:00 0 
795828a00000-795828ae0000 rw-p 00000000 00:00 0 
795828ae0000-795868000000 ---p 00000000 00:00 0 
795868000000-79586c033000 rw-p 00000000 00:00 0 
79586c033000-795870000000 ---p 00000000 00:00 0 
795870000000-795870004000 ---p 00000000 00:00 0 
795870004000-795870100000 rw-p 00000000 00:00 0 
795870100000-795870104000 ---p 00000000 00:00 0 
795870104000-795870200000 rw-p 00000000 00:00 0 
795870200000-795870204000 ---p 00000000 00:00 0 
795870204000-795870300000 rw-p 00000000 00:00 0 
795870300000-795870304000 ---p 00000000 00:00 0 
795870304000-795870400000 rw-p 00000000 00:00 0 
795870400000-795870404000 ---p 00000000 00:00 0 
795870404000-795870500000 rw-p 00000000 00:00 0 
795870500000-795870504000 ---p 00000000 00:00 0 
795870504000-795870600000 rw-p 00000000 00:00 0 
795870600000-795870604000 ---p 00000000 00:00 0 
795870604000-795870700000 rw-p 00000000 00:00 0 
795870700000-795870704000 ---p 00000000 00:00 0 
795870704000-795870800000 rw-p 00000000 00:00 0 
795870800000-795870804000 ---p 00000000 00:00 0 
795870804000-795870900000 rw-p 00000000 00:00 0 
795870900000-795870904000 ---p 00000000 00:00 0 
795870904000-795870a00000 rw-p 00000000 00:00 0 
795870a00000-795870f77000 r--p 00000000 103:02 28050855                  /usr/lib/locale/locale-archive
795870ff3000-795870ff7000 ---p 00000000 00:00 0 
795870ff7000-7958711f4000 rw-p 00000000 00:00 0 
7958711f4000-795871e00000 rw-p 00000000 00:00 0 
795871e00000-7958755f0000 rwxp 00000000 00:00 0 
7958755f0000-795879337000 ---p 00000000 00:00 0 
795879337000-7958795a7000 rwxp 00000000 00:00 0 
7958795a7000-7958798c9000 ---p 00000000 00:00 0 
7958798c9000-79587bc09000 rwxp 00000000 00:00 0 
79587bc09000-795880e00000 ---p 00000000 00:00 0 
795880e00000-795883fda000 r--s 00000000 103:02 20461166                  /home/jesielviana/.vscode/extensions/redhat.java-1.54.0-linux-x64/jre/21.0.10-linux-x86_64/lib/modules
795884000000-7958844bb000 rw-p 00000000 00:00 0 
7958844bb000-795888000000 ---p 00000000 00:00 0 
7958880f3000-795888cff000 rw-p 00000000 00:00 0 
795888cff000-795888e00000 rw-p 00000000 00:00 0 
795888e00000-795889200000 rw-p 00000000 00:00 0 
79588921f000-795889226000 r--s 00000000 103:02 28070400                  /usr/lib/x86_64-linux-gnu/gconv/gconv-modules.cache
795889226000-79588922a000 r--p 00000000 103:02 25034959                  /home/jesielviana/.config/Code/User/globalStorage/redhat.java/1.54.0/config_linux/org.eclipse.equinox.launcher/org.eclipse.equinox.launcher.gtk.linux.x86_64_1.2.1500.v20250801-0854/eclipse_11916.so
79588922a000-795889234000 r-xp 00004000 103:02 25034959                  /home/jesielviana/.config/Code/User/globalStorage/redhat.java/1.54.0/config_linux/org.eclipse.equinox.launcher/org.eclipse.equinox.launcher.gtk.linux.x86_64_1.2.1500.v20250801-0854/eclipse_11916.so
795889234000-795889237000 r--p 0000e000 103:02 25034959                  /home/jesielviana/.config/Code/User/globalStorage/redhat.java/1.54.0/config_linux/org.eclipse.equinox.launcher/org.eclipse.equinox.launcher.gtk.linux.x86_64_1.2.1500.v20250801-0854/eclipse_11916.so
795889237000-795889238000 r--p 00010000 103:02 25034959                  /home/jesielviana/.config/Code/User/globalStorage/redhat.java/1.54.0/config_linux/org.eclipse.equinox.launcher/org.eclipse.equinox.launcher.gtk.linux.x86_64_1.2.1500.v20250801-0854/eclipse_11916.so
795889238000-795889239000 rw-p 00011000 103:02 25034959                  /home/jesielviana/.config/Code/User/globalStorage/redhat.java/1.54.0/config_linux/org.eclipse.equinox.launcher/org.eclipse.equinox.launcher.gtk.linux.x86_64_1.2.1500.v20250801-0854/eclipse_11916.so
795889239000-79588923a000 rw-p 00000000 00:00 0 
79588923a000-795889247000 r-xp 00000000 103:02 20461184                  /home/jesielviana/.vscode/extensions/redhat.java-1.54.0-linux-x64/jre/21.0.10-linux-x86_64/lib/libverify.so
795889247000-795889249000 r--p 0000c000 103:02 20461184                  /home/jesielviana/.vscode/extensions/redhat.java-1.54.0-linux-x64/jre/21.0.10-linux-x86_64/lib/libverify.so
795889249000-79588924a000 rw-p 0000e000 103:02 20461184                  /home/jesielviana/.vscode/extensions/redhat.java-1.54.0-linux-x64/jre/21.0.10-linux-x86_64/lib/libverify.so
79588924a000-79588925e000 r-xp 00000000 103:02 20461203                  /home/jesielviana/.vscode/extensions/redhat.java-1.54.0-linux-x64/jre/21.0.10-linux-x86_64/lib/libnio.so
79588925e000-79588925f000 r--p 00013000 103:02 20461203                  /home/jesielviana/.vscode/extensions/redhat.java-1.54.0-linux-x64/jre/21.0.10-linux-x86_64/lib/libnio.so
79588925f000-795889260000 rw-p 00014000 103:02 20461203                  /home/jesielviana/.vscode/extensions/redhat.java-1.54.0-linux-x64/jre/21.0.10-linux-x86_64/lib/libnio.so
795889260000-7958895d3000 rw-p 00000000 00:00 0 
7958895d3000-795889628000 ---p 00000000 00:00 0 
795889628000-795889729000 rw-p 00000000 00:00 0 
795889729000-79588997f000 rw-p 00000000 00:00 0 
79588997f000-7958899d3000 ---p 00000000 00:00 0 
7958899d3000-7958899f9000 rw-p 00000000 00:00 0 
7958899f9000-795889b2a000 ---p 00000000 00:00 0 
795889b2a000-795889b71000 rw-p 00000000 00:00 0 
795889b71000-795889c15000 ---p 00000000 00:00 0 
795889c15000-795889c85000 rw-p 00000000 00:00 0 
795889c85000-795889d00000 ---p 00000000 00:00 0 
795889d00000-795889d04000 ---p 00000000 00:00 0 
795889d04000-795889e00000 rw-p 00000000 00:00 0 
795889e00000-79588b21d000 r-xp 00000000 103:02 20461304                  /home/jesielviana/.vscode/extensions/redhat.java-1.54.0-linux-x64/jre/21.0.10-linux-x86_64/lib/server/libjvm.so
79588b21d000-79588b2f2000 r--p 0141c000 103:02 20461304                  /home/jesielviana/.vscode/extensions/redhat.java-1.54.0-linux-x64/jre/21.0.10-linux-x86_64/lib/server/libjvm.so
79588b2f2000-79588b322000 rw-p 014f1000 103:02 20461304                  /home/jesielviana/.vscode/extensions/redhat.java-1.54.0-linux-x64/jre/21.0.10-linux-x86_64/lib/server/libjvm.so
79588b322000-79588b388000 rw-p 00000000 00:00 0 
79588b389000-79588b395000 r-xp 00000000 103:02 20461204                  /home/jesielviana/.vscode/extensions/redhat.java-1.54.0-linux-x64/jre/21.0.10-linux-x86_64/lib/libnet.so
79588b395000-79588b396000 r--p 0000b000 103:02 20461204                  /home/jesielviana/.vscode/extensions/redhat.java-1.54.0-linux-x64/jre/21.0.10-linux-x86_64/lib/libnet.so
79588b396000-79588b397000 rw-p 0000c000 103:02 20461204                  /home/jesielviana/.vscode/extensions/redhat.java-1.54.0-linux-x64/jre/21.0.10-linux-x86_64/lib/libnet.so
79588b397000-79588b3b2000 r-xp 00000000 103:02 20461167                  /home/jesielviana/.vscode/extensions/redhat.java-1.54.0-linux-x64/jre/21.0.10-linux-x86_64/lib/libzip.so
79588b3b2000-79588b3b3000 r--p 0001a000 103:02 20461167                  /home/jesielviana/.vscode/extensions/redhat.java-1.54.0-linux-x64/jre/21.0.10-linux-x86_64/lib/libzip.so
79588b3b3000-79588b3b4000 rw-p 0001b000 103:02 20461167                  /home/jesielviana/.vscode/extensions/redhat.java-1.54.0-linux-x64/jre/21.0.10-linux-x86_64/lib/libzip.so
79588b3b4000-79588b3dc000 rw-p 00000000 00:00 0 
79588b3dc000-79588b3fd000 r-xp 00000000 103:02 20461218                  /home/jesielviana/.vscode/extensions/redhat.java-1.54.0-linux-x64/jre/21.0.10-linux-x86_64/lib/libjava.so
79588b3fd000-79588b3fe000 r--p 00020000 103:02 20461218                  /home/jesielviana/.vscode/extensions/redhat.java-1.54.0-linux-x64/jre/21.0.10-linux-x86_64/lib/libjava.so
79588b3fe000-79588b3ff000 rw-p 00021000 103:02 20461218                  /home/jesielviana/.vscode/extensions/redhat.java-1.54.0-linux-x64/jre/21.0.10-linux-x86_64/lib/libjava.so
79588b3ff000-79588b400000 rw-p 00000000 00:00 0 
79588b400000-79588b428000 r--p 00000000 103:02 28070404                  /usr/lib/x86_64-linux-gnu/libc.so.6
79588b428000-79588b5c0000 r-xp 00028000 103:02 28070404                  /usr/lib/x86_64-linux-gnu/libc.so.6
79588b5c0000-79588b60e000 r--p 001c0000 103:02 28070404                  /usr/lib/x86_64-linux-gnu/libc.so.6
79588b60e000-79588b612000 r--p 0020d000 103:02 28070404                  /usr/lib/x86_64-linux-gnu/libc.so.6
79588b612000-79588b614000 rw-p 00211000 103:02 28070404                  /usr/lib/x86_64-linux-gnu/libc.so.6
79588b614000-79588b621000 rw-p 00000000 00:00 0 
79588b623000-79588b624000 r--p 00000000 103:02 28074817                  /usr/lib/x86_64-linux-gnu/libnss_mdns4_minimal.so.2
79588b624000-79588b626000 r-xp 00001000 103:02 28074817                  /usr/lib/x86_64-linux-gnu/libnss_mdns4_minimal.so.2
79588b626000-79588b627000 r--p 00003000 103:02 28074817                  /usr/lib/x86_64-linux-gnu/libnss_mdns4_minimal.so.2
79588b627000-79588b628000 r--p 00003000 103:02 28074817                  /usr/lib/x86_64-linux-gnu/libnss_mdns4_minimal.so.2
79588b628000-79588b629000 rw-p 00004000 103:02 28074817                  /usr/lib/x86_64-linux-gnu/libnss_mdns4_minimal.so.2
79588b629000-79588b62e000 rw-p 00000000 00:00 0 
79588b62e000-79588b635000 ---p 00000000 00:00 0 
79588b635000-79588b63d000 rw-s 00000000 00:2e 9191                       /tmp/hsperfdata_jesielviana/152131
79588b63d000-79588b658000 r-xp 00000000 103:02 20461214                  /home/jesielviana/.vscode/extensions/redhat.java-1.54.0-linux-x64/jre/21.0.10-linux-x86_64/lib/libjimage.so
79588b658000-79588b659000 ---p 0001b000 103:02 20461214                  /home/jesielviana/.vscode/extensions/redhat.java-1.54.0-linux-x64/jre/21.0.10-linux-x86_64/lib/libjimage.so
79588b659000-79588b65b000 r--p 0001b000 103:02 20461214                  /home/jesielviana/.vscode/extensions/redhat.java-1.54.0-linux-x64/jre/21.0.10-linux-x86_64/lib/libjimage.so
79588b65b000-79588b65c000 rw-p 0001d000 103:02 20461214                  /home/jesielviana/.vscode/extensions/redhat.java-1.54.0-linux-x64/jre/21.0.10-linux-x86_64/lib/libjimage.so
79588b65c000-79588b66e000 r--p 00000000 103:02 28070407                  /usr/lib/x86_64-linux-gnu/libm.so.6
79588b66e000-79588b70e000 r-xp 00012000 103:02 28070407                  /usr/lib/x86_64-linux-gnu/libm.so.6
79588b70e000-79588b780000 r--p 000b2000 103:02 28070407                  /usr/lib/x86_64-linux-gnu/libm.so.6
79588b780000-79588b781000 r--p 00123000 103:02 28070407                  /usr/lib/x86_64-linux-gnu/libm.so.6
79588b781000-79588b782000 rw-p 00124000 103:02 28070407                  /usr/lib/x86_64-linux-gnu/libm.so.6
79588b782000-79588b783000 r--p 00000000 103:02 28070418                  /usr/lib/x86_64-linux-gnu/librt.so.1
79588b783000-79588b784000 r-xp 00001000 103:02 28070418                  /usr/lib/x86_64-linux-gnu/librt.so.1
79588b784000-79588b785000 r--p 00002000 103:02 28070418                  /usr/lib/x86_64-linux-gnu/librt.so.1
79588b785000-79588b786000 r--p 00002000 103:02 28070418                  /usr/lib/x86_64-linux-gnu/librt.so.1
79588b786000-79588b787000 rw-p 00003000 103:02 28070418                  /usr/lib/x86_64-linux-gnu/librt.so.1
79588b787000-79588b789000 rw-p 00000000 00:00 0 
79588b789000-79588b78a000 r--p 00000000 103:02 28070406                  /usr/lib/x86_64-linux-gnu/libdl.so.2
79588b78a000-79588b78b000 r-xp 00001000 103:02 28070406                  /usr/lib/x86_64-linux-gnu/libdl.so.2
79588b78b000-79588b78c000 r--p 00002000 103:02 28070406                  /usr/lib/x86_64-linux-gnu/libdl.so.2
79588b78c000-79588b78d000 r--p 00002000 103:02 28070406                  /usr/lib/x86_64-linux-gnu/libdl.so.2
79588b78d000-79588b78e000 rw-p 00003000 103:02 28070406                  /usr/lib/x86_64-linux-gnu/libdl.so.2
79588b78e000-79588b78f000 r--p 00000000 103:02 28070416                  /usr/lib/x86_64-linux-gnu/libpthread.so.0
79588b78f000-79588b790000 r-xp 00001000 103:02 28070416                  /usr/lib/x86_64-linux-gnu/libpthread.so.0
79588b790000-79588b791000 r--p 00002000 103:02 28070416                  /usr/lib/x86_64-linux-gnu/libpthread.so.0
79588b791000-79588b792000 r--p 00002000 103:02 28070416                  /usr/lib/x86_64-linux-gnu/libpthread.so.0
79588b792000-79588b793000 rw-p 00003000 103:02 28070416                  /usr/lib/x86_64-linux-gnu/libpthread.so.0
79588b794000-79588b796000 r-xp 00000000 103:02 20461226                  /home/jesielviana/.vscode/extensions/redhat.java-1.54.0-linux-x64/jre/21.0.10-linux-x86_64/lib/libextnet.so
79588b796000-79588b797000 r--p 00001000 103:02 20461226                  /home/jesielviana/.vscode/extensions/redhat.java-1.54.0-linux-x64/jre/21.0.10-linux-x86_64/lib/libextnet.so
79588b797000-79588b798000 rw-p 00002000 103:02 20461226                  /home/jesielviana/.vscode/extensions/redhat.java-1.54.0-linux-x64/jre/21.0.10-linux-x86_64/lib/libextnet.so
79588b798000-79588b7a2000 r-xp 00000000 103:02 20461223                  /home/jesielviana/.vscode/extensions/redhat.java-1.54.0-linux-x64/jre/21.0.10-linux-x86_64/lib/libinstrument.so
79588b7a2000-79588b7a3000 ---p 0000a000 103:02 20461223                  /home/jesielviana/.vscode/extensions/redhat.java-1.54.0-linux-x64/jre/21.0.10-linux-x86_64/lib/libinstrument.so
79588b7a3000-79588b7a4000 r--p 0000a000 103:02 20461223                  /home/jesielviana/.vscode/extensions/redhat.java-1.54.0-linux-x64/jre/21.0.10-linux-x86_64/lib/libinstrument.so
79588b7a4000-79588b7a5000 rw-p 0000b000 103:02 20461223                  /home/jesielviana/.vscode/extensions/redhat.java-1.54.0-linux-x64/jre/21.0.10-linux-x86_64/lib/libinstrument.so
79588b7a5000-79588b7a6000 ---p 00000000 00:00 0 
79588b7a6000-79588b7a7000 r--p 00000000 00:00 0 
79588b7a7000-79588b7a8000 ---p 00000000 00:00 0 
79588b7a8000-79588b7c1000 r-xp 00000000 103:02 20461213                  /home/jesielviana/.vscode/extensions/redhat.java-1.54.0-linux-x64/jre/21.0.10-linux-x86_64/lib/libjli.so
79588b7c1000-79588b7c2000 r--p 00018000 103:02 20461213                  /home/jesielviana/.vscode/extensions/redhat.java-1.54.0-linux-x64/jre/21.0.10-linux-x86_64/lib/libjli.so
79588b7c2000-79588b7c3000 rw-p 00019000 103:02 20461213                  /home/jesielviana/.vscode/extensions/redhat.java-1.54.0-linux-x64/jre/21.0.10-linux-x86_64/lib/libjli.so
79588b7c3000-79588b7c5000 rw-p 00000000 00:00 0 
79588b7c5000-79588b7c9000 r--p 00000000 00:00 0                          [vvar]
79588b7c9000-79588b7cb000 r--p 00000000 00:00 0                          [vvar_vclock]
79588b7cb000-79588b7cd000 r-xp 00000000 00:00 0                          [vdso]
79588b7cd000-79588b7ce000 r--p 00000000 103:02 28070401                  /usr/lib/x86_64-linux-gnu/ld-linux-x86-64.so.2
79588b7ce000-79588b7fd000 r-xp 00001000 103:02 28070401                  /usr/lib/x86_64-linux-gnu/ld-linux-x86-64.so.2
79588b7fd000-79588b808000 r--p 00030000 103:02 28070401                  /usr/lib/x86_64-linux-gnu/ld-linux-x86-64.so.2
79588b808000-79588b80a000 r--p 0003b000 103:02 28070401                  /usr/lib/x86_64-linux-gnu/ld-linux-x86-64.so.2
79588b80a000-79588b80b000 rw-p 0003d000 103:02 28070401                  /usr/lib/x86_64-linux-gnu/ld-linux-x86-64.so.2
79588b80b000-79588b80c000 rw-p 00000000 00:00 0 
7ffc93581000-7ffc935a3000 rw-p 00000000 00:00 0                          [stack]
ffffffffff600000-ffffffffff601000 --xp 00000000 00:00 0                  [vsyscall]
Total number of mappings: 435

JVMTI agents:
/home/jesielviana/.vscode/extensions/redhat.java-1.54.0-linux-x64/lombok/lombok-1.18.39-4050.jar path:none, loaded, initialized, instrumentlib options:none


VM Arguments:
jvm_args: --add-modules=ALL-SYSTEM --add-opens=java.base/java.util=ALL-UNNAMED --add-opens=java.base/java.lang=ALL-UNNAMED --add-opens=java.base/sun.nio.fs=ALL-UNNAMED -Declipse.application=org.eclipse.jdt.ls.core.id1 -Dosgi.bundles.defaultStartLevel=4 -Declipse.product=org.eclipse.jdt.ls.core.product -Djava.import.generatesMetadataFilesAtProjectRoot=false -DDetectVMInstallationsJob.disabled=true -Dfile.encoding=utf8 -XX:+UseParallelGC -XX:GCTimeRatio=4 -XX:AdaptiveSizePolicyWeight=90 -Dsun.zip.disableMemoryMapping=true -Xmx2G -Xms100m -Xlog:disable -javaagent:/home/jesielviana/.vscode/extensions/redhat.java-1.54.0-linux-x64/lombok/lombok-1.18.39-4050.jar -XX:+HeapDumpOnOutOfMemoryError -XX:HeapDumpPath=/home/jesielviana/.config/Code/User/workspaceStorage/f64fff792d80dcbf88074a7f8684db44/redhat.java -Daether.dependencyCollector.impl=bf 
java_command: /home/jesielviana/.vscode/extensions/redhat.java-1.54.0-linux-x64/server/plugins/org.eclipse.equinox.launcher_1.7.100.v20251111-0406.jar -configuration /home/jesielviana/.config/Code/User/globalStorage/redhat.java/1.54.0/config_linux -data /home/jesielviana/.config/Code/User/workspaceStorage/f64fff792d80dcbf88074a7f8684db44/redhat.java/jdt_ws --pipe=/run/user/1000/lsp-ddb4a50561dbadd387f579e77d490b00.sock
java_class_path (initial): /home/jesielviana/.vscode/extensions/redhat.java-1.54.0-linux-x64/server/plugins/org.eclipse.equinox.launcher_1.7.100.v20251111-0406.jar
Launcher Type: SUN_STANDARD

[Global flags]
    uintx AdaptiveSizePolicyWeight                 = 90                                        {product} {command line}
     intx CICompilerCount                          = 4                                         {product} {ergonomic}
    uintx GCTimeRatio                              = 4                                         {product} {command line}
     bool HeapDumpOnOutOfMemoryError               = true                                   {manageable} {command line}
    ccstr HeapDumpPath                             = /home/jesielviana/.config/Code/User/workspaceStorage/f64fff792d80dcbf88074a7f8684db44/redhat.java         {manageable} {command line}
   size_t InitialHeapSize                          = 104857600                                 {product} {command line}
   size_t MaxHeapSize                              = 2147483648                                {product} {command line}
   size_t MaxNewSize                               = 715653120                                 {product} {ergonomic}
   size_t MinHeapDeltaBytes                        = 524288                                    {product} {ergonomic}
   size_t MinHeapSize                              = 104857600                                 {product} {command line}
   size_t NewSize                                  = 34603008                                  {product} {ergonomic}
    uintx NonNMethodCodeHeapSize                   = 5839372                                {pd product} {ergonomic}
    uintx NonProfiledCodeHeapSize                  = 122909434                              {pd product} {ergonomic}
   size_t OldSize                                  = 70254592                                  {product} {ergonomic}
    uintx ProfiledCodeHeapSize                     = 122909434                              {pd product} {ergonomic}
    uintx ReservedCodeCacheSize                    = 251658240                              {pd product} {ergonomic}
     bool SegmentedCodeCache                       = true                                      {product} {ergonomic}
   size_t SoftMaxHeapSize                          = 2147483648                             {manageable} {ergonomic}
     bool UseCompressedOops                        = true                           {product lp64_product} {ergonomic}
     bool UseParallelGC                            = true                                      {product} {command line}

Logging:
Log output configuration:
 #0: stdout all=off uptime,level,tags foldmultilines=false
 #1: stderr all=off uptime,level,tags foldmultilines=false

Release file:
JAVA_VERSION="21.0.10"
MODULES="java.base java.compiler java.datatransfer java.xml java.prefs java.desktop java.instrument java.logging java.management java.security.sasl java.naming java.rmi java.management.rmi java.net.http java.scripting java.security.jgss java.transaction.xa java.sql java.sql.rowset java.xml.crypto java.se java.smartcardio jdk.accessibility jdk.internal.jvmstat jdk.attach jdk.charsets jdk.internal.opt jdk.zipfs jdk.compiler jdk.crypto.ec jdk.crypto.cryptoki jdk.dynalink jdk.internal.ed jdk.editpad jdk.hotspot.agent jdk.httpserver jdk.internal.le jdk.internal.vm.ci jdk.internal.vm.compiler jdk.internal.vm.compiler.management jdk.jartool jdk.javadoc jdk.jcmd jdk.management jdk.management.agent jdk.jconsole jdk.jdeps jdk.jdwp.agent jdk.jdi jdk.jfr jdk.jshell jdk.jsobject jdk.jstatd jdk.localedata jdk.management.jfr jdk.naming.dns jdk.naming.rmi jdk.net jdk.nio.mapmode jdk.random jdk.sctp jdk.security.auth jdk.security.jgss jdk.unsupported jdk.unsupported.desktop jdk.xml.dom"

Environment Variables:
PATH=/home/jesielviana/.local/bin:/home/jesielviana/.local/bin:/home/jesielviana/.opencode/bin:/home/jesielviana/.bun/bin:/home/jesielviana/.nvm/versions/node/v25.2.1/bin:/usr/local/sbin:/usr/local/bin:/usr/sbin:/usr/bin:/sbin:/bin:/usr/games:/usr/local/games:/snap/bin:/snap/bin
USERNAME=jesielviana
SHELL=/usr/bin/zsh
DISPLAY=:0
WAYLAND_DISPLAY=wayland-0
LANG=en_US.UTF-8
LC_NUMERIC=en_US.UTF-8
LC_TIME=en_US.UTF-8

Active Locale:
LC_ALL=en_US.UTF-8
LC_COLLATE=en_US.UTF-8
LC_CTYPE=en_US.UTF-8
LC_MESSAGES=en_US.UTF-8
LC_MONETARY=en_US.UTF-8
LC_NUMERIC=en_US.UTF-8
LC_TIME=en_US.UTF-8

Signal Handlers:
   SIGSEGV: crash_handler in libjvm.so, mask=11100100010111111101111111111110, flags=SA_RESTART|SA_SIGINFO, unblocked
    SIGBUS: crash_handler in libjvm.so, mask=11100100010111111101111111111110, flags=SA_RESTART|SA_SIGINFO, unblocked
    SIGFPE: crash_handler in libjvm.so, mask=11100100010111111101111111111110, flags=SA_RESTART|SA_SIGINFO, unblocked
   SIGPIPE: javaSignalHandler in libjvm.so, mask=11100100010111111101111111111110, flags=SA_RESTART|SA_SIGINFO, blocked
   SIGXFSZ: javaSignalHandler in libjvm.so, mask=11100100010111111101111111111110, flags=SA_RESTART|SA_SIGINFO, blocked
    SIGILL: crash_handler in libjvm.so, mask=11100100010111111101111111111110, flags=SA_RESTART|SA_SIGINFO, unblocked
   SIGUSR2: SR_handler in libjvm.so, mask=00000000000000000000000000000000, flags=SA_RESTART|SA_SIGINFO, blocked
    SIGHUP: UserHandler in libjvm.so, mask=11100100010111111101111111111110, flags=SA_RESTART|SA_SIGINFO, blocked
    SIGINT: UserHandler in libjvm.so, mask=11100100010111111101111111111110, flags=SA_RESTART|SA_SIGINFO, blocked
   SIGTERM: UserHandler in libjvm.so, mask=11100100010111111101111111111110, flags=SA_RESTART|SA_SIGINFO, blocked
   SIGQUIT: UserHandler in libjvm.so, mask=11100100010111111101111111111110, flags=SA_RESTART|SA_SIGINFO, blocked
   SIGTRAP: crash_handler in libjvm.so, mask=11100100010111111101111111111110, flags=SA_RESTART|SA_SIGINFO, unblocked


Periodic native trim disabled

---------------  S Y S T E M  ---------------

OS:
DISTRIB_ID=Ubuntu
DISTRIB_RELEASE=26.04
DISTRIB_CODENAME=resolute
DISTRIB_DESCRIPTION="Ubuntu 26.04 LTS"
uname: Linux 7.0.0-15-generic #15-Ubuntu SMP PREEMPT_DYNAMIC Wed Apr 22 16:06:43 UTC 2026 x86_64
OS uptime: 0 days 23:01 hours
libc: glibc 2.43 NPTL 2.43 
rlimit (soft/hard): STACK 8192k/infinity , CORE 0k/infinity , NPROC 125115/125115 , NOFILE 524288/524288 , AS infinity/infinity , CPU infinity/infinity , DATA infinity/infinity , FSIZE infinity/infinity , MEMLOCK 8192k/8192k
load average: 39.50 20.05 10.39

/proc/meminfo:
MemTotal:       32075184 kB
MemFree:          910564 kB
MemAvailable:    5620864 kB
Buffers:          109432 kB
Cached:         11471048 kB
SwapCached:        54920 kB
Active:         12620556 kB
Inactive:       15574592 kB
Active(anon):   11683548 kB
Inactive(anon): 11488528 kB
Active(file):     937008 kB
Inactive(file):  4086064 kB
Unevictable:     1248276 kB
Mlocked:             144 kB
SwapTotal:       8388604 kB
SwapFree:        2491720 kB
Zswap:                 0 kB
Zswapped:              0 kB
Dirty:             30728 kB
Writeback:             0 kB
AnonPages:      17814708 kB
Mapped:          2963128 kB
Shmem:           6557860 kB
KReclaimable:     505352 kB
Slab:             937256 kB
SReclaimable:     505352 kB
SUnreclaim:       431904 kB
KernelStack:       48624 kB
PageTables:       232876 kB
SecPageTables:     13080 kB
NFS_Unstable:          0 kB
Bounce:                0 kB
WritebackTmp:          0 kB
CommitLimit:    24426196 kB
Committed_AS:   85473896 kB
VmallocTotal:   34359738367 kB
VmallocUsed:      154468 kB
VmallocChunk:          0 kB
Percpu:            12736 kB
HardwareCorrupted:     0 kB
AnonHugePages:         0 kB
ShmemHugePages:  2256896 kB
ShmemPmdMapped:        0 kB
FileHugePages:    258048 kB
FilePmdMapped:      4096 kB
CmaTotal:              0 kB
CmaFree:               0 kB
Unaccepted:            0 kB
Balloon:               0 kB
HugePages_Total:       0
HugePages_Free:        0
HugePages_Rsvd:        0
HugePages_Surp:        0
Hugepagesize:       2048 kB
Hugetlb:               0 kB
DirectMap4k:     3065000 kB
DirectMap2M:    30226432 kB
DirectMap1G:     1048576 kB

/sys/kernel/mm/transparent_hugepage/enabled: always [madvise] never
/sys/kernel/mm/transparent_hugepage/hpage_pmd_size: 2097152
/sys/kernel/mm/transparent_hugepage/defrag (defrag/compaction efforts parameter): always defer defer+madvise [madvise] never

Process Memory:
Virtual Size: 8135804K (peak: 8141628K)
Resident Set Size: 2125164K (peak: 2284140K) (anon: 2079520K, file: 45612K, shmem: 32K)
Swapped out: 0K
C-Heap outstanding allocations: 97306K, retained: 463665K
glibc malloc tunables: (default)

/proc/sys/kernel/threads-max (system-wide limit on the number of threads): 250231
/proc/sys/vm/max_map_count (maximum number of memory map areas a process may have): 1048576
/proc/sys/vm/swappiness (control to define how aggressively the kernel swaps out anonymous memory): 60
/proc/sys/kernel/pid_max (system-wide limit on number of process identifiers): 4194304

container information not found.
Steal ticks since vm start: 0
Steal ticks percentage since vm start:  0.000

CPU: total 8 (initial active 8) (4 cores per cpu, 2 threads per core) family 6 model 140 stepping 2 microcode 0x3e, cx8, cmov, fxsr, ht, mmx, 3dnowpref, sse, sse2, sse3, ssse3, sse4.1, sse4.2, popcnt, lzcnt, tsc, tscinvbit, avx, avx2, aes, erms, clmul, bmi1, bmi2, adx, avx512f, avx512dq, avx512cd, avx512bw, avx512vl, sha, fma, vzeroupper, avx512_vpopcntdq, avx512_vpclmulqdq, avx512_vaes, avx512_vnni, clflush, clflushopt, clwb, avx512_vbmi2, avx512_vbmi, rdtscp, rdpid, fsrm, gfni, avx512_bitalg, f16c, pku, ospke, cet_ibt, cet_ss, avx512_ifma
CPU Model and flags from /proc/cpuinfo:
model name	: 11th Gen Intel(R) Core(TM) i7-11390H @ 3.40GHz
flags		: fpu vme de pse tsc msr pae mce cx8 apic sep mtrr pge mca cmov pat pse36 clflush dts acpi mmx fxsr sse sse2 ss ht tm pbe syscall nx pdpe1gb rdtscp lm constant_tsc art arch_perfmon pebs bts rep_good nopl xtopology nonstop_tsc cpuid aperfmperf tsc_known_freq pni pclmulqdq dtes64 monitor ds_cpl vmx est tm2 ssse3 sdbg fma cx16 xtpr pdcm pcid sse4_1 sse4_2 x2apic movbe popcnt tsc_deadline_timer aes xsave avx f16c rdrand lahf_lm abm 3dnowprefetch cpuid_fault epb cat_l2 cdp_l2 ssbd ibrs ibpb stibp ibrs_enhanced tpr_shadow flexpriority ept vpid ept_ad fsgsbase tsc_adjust bmi1 avx2 smep bmi2 erms invpcid rdt_a avx512f avx512dq rdseed adx smap avx512ifma clflushopt clwb intel_pt avx512cd sha_ni avx512bw avx512vl xsaveopt xsavec xgetbv1 xsaves split_lock_detect user_shstk dtherm ida arat pln pts hwp hwp_notify hwp_act_window hwp_epp hwp_pkg_req vnmi avx512vbmi umip pku ospke avx512_vbmi2 gfni vaes vpclmulqdq avx512_vnni avx512_bitalg avx512_vpopcntdq rdpid movdiri movdir64b fsrm avx512_vp2intersect md_clear ibt flush_l1d arch_capabilities

Online cpus: 0-7
Offline cpus: 
BIOS frequency limitation: <Not Available>
Frequency switch latency (ns): 0
Available cpu frequencies: <Not Available>
Current governor: powersave
Core performance/turbo boost: <Not Available>

Memory: 4k page, physical 32075184k(5620864k free), swap 8388604k(2491720k free)
Page Sizes: 4k

vm_info: OpenJDK 64-Bit Server VM (21.0.10+7-LTS) for linux-amd64 JRE (21.0.10+7-LTS), built on 2026-01-20T00:00:00Z by "admin" with gcc 11.3.0

END.
